{"type":"FeatureCollection","crs":{"type":"name","properties":{"name":"EPSG:4326"}},"features":[{"type":"Feature","id":1,"geometry":{"type":"Polygon","coordinates":[[[12.4439642950001,41.9339056320001],[12.444728605,41.9321229450001],[12.445621988,41.932605095],[12.446129356,41.932845134],[12.4464822680001,41.932997543],[12.4465480800001,41.933027601],[12.446615223,41.933024329],[12.446652375,41.932988938],[12.446671522,41.9329569590001],[12.4466716320001,41.932890243],[12.4466658280001,41.9326518370001],[12.4467113160001,41.9325994750001],[12.4467957690001,41.9325686620001],[12.4468851340001,41.9325682680001],[12.4470567280001,41.9325863820001],[12.4472510190001,41.9325954700001],[12.447519114,41.9325942850001],[12.4477277140001,41.9325886400001],[12.44798745,41.932541042],[12.448276987,41.9324502640001],[12.4483557830001,41.9323948300001],[12.448423313,41.9323658320001],[12.448492027,41.932371173],[12.4485776830001,41.932399764],[12.4494943340001,41.932628341],[12.450026668,41.9328027970001],[12.4504787540001,41.9329891670001],[12.4511361990001,41.9333734240001],[12.4531668810001,41.933492217],[12.453292462,41.933223368],[12.4533855920001,41.932968095],[12.4534051680001,41.932796969],[12.4534292910001,41.9325115720001],[12.4534477290001,41.9323690140001],[12.4534864340001,41.9321983130001],[12.4535926450001,41.931794655],[12.4537494730001,41.931462164],[12.4549587720001,41.9316248100001],[12.4558843930001,41.9317554200001],[12.456370787,41.9299552910001],[12.4566130260001,41.929079033],[12.456816282,41.928380619],[12.456994133,41.927919919],[12.4572290420001,41.927307984],[12.45760173,41.926500736],[12.4577482490001,41.926185882],[12.457876651,41.926206597],[12.4590769700001,41.926472651],[12.459622552,41.926614289],[12.459634534,41.926538582],[12.4598074,41.9260420250001],[12.4600556390001,41.9255757290001],[12.460320734,41.9251669930001],[12.4606240800001,41.924759103],[12.461182874,41.9241853030001],[12.4619783100001,41.9235976730001],[12.4625263200001,41.923295265],[12.4630349390001,41.923020577],[12.4635660390001,41.9228226330001],[12.464107999,41.922672581],[12.466102135,41.9222686680001],[12.4673885390001,41.9220111330001],[12.468057994,41.9218638770001],[12.4685388180001,41.9216457370001],[12.4689705170001,41.921378857],[12.4694708640001,41.920989584],[12.470122249,41.9201199390001],[12.4701310310001,41.920108214],[12.470132184,41.9201056250001],[12.4703411080001,41.919636288],[12.4706629680001,41.9189190160001],[12.4707800210001,41.918540351],[12.4707740860001,41.9180446],[12.470741522,41.917576857],[12.470544509,41.915780661],[12.4705772,41.9152762300001],[12.470631627,41.9148675910001],[12.4707245760001,41.9144006970001],[12.4710835870001,41.913084589],[12.4712179090001,41.9125921620001],[12.4715308780001,41.9117352980001],[12.4719555520001,41.910712399],[12.4720767420001,41.910742638],[12.4746411100001,41.91138543],[12.4746820660001,41.9113956950001],[12.474997677,41.911473528],[12.475053931,41.91134133],[12.4755645560001,41.9114650320001],[12.475989052,41.911568195],[12.4760043910001,41.911571924],[12.4762216610001,41.911603508],[12.476232205,41.9116394820001],[12.4770424910001,41.9117198480001],[12.4775259630001,41.9119985390001],[12.4775890070001,41.9119165270001],[12.4779685510001,41.911898062],[12.478218843,41.9120227020001],[12.478928362,41.9122318930001],[12.478949454,41.91230384],[12.4795624230001,41.9125347340001],[12.4796341380001,41.9125363090001],[12.4800473170001,41.912676436],[12.48007169,41.912665057],[12.480630413,41.912856033],[12.480913403,41.912859267],[12.4810971110001,41.9119399690001],[12.481136952,41.9119408440001],[12.481229722,41.9116098850001],[12.481293221,41.9113134300001],[12.481333062,41.9113143050001],[12.481444599,41.910911678],[12.4816327140001,41.910366573],[12.481690596,41.910314231],[12.4825124330001,41.909694866],[12.482976265,41.909412854],[12.483314465,41.909248711],[12.483405577,41.909203053],[12.48434995,41.908630444],[12.484402721,41.9085863270001],[12.4848863670001,41.908129902],[12.4852350360001,41.9077801240001],[12.4861989180001,41.908416001],[12.4865642510001,41.908698024],[12.4874505970001,41.9090343440001],[12.4876300330001,41.909176475],[12.488043652,41.909447636],[12.488387398,41.909467073],[12.4884421410001,41.909453974],[12.48865512,41.909472932],[12.488864043,41.9094894240001],[12.489324723,41.9095204720001],[12.4896000000001,41.909512674],[12.490433701,41.909597627],[12.490748861,41.909825641],[12.4909630660001,41.909959949],[12.4911780900001,41.910073304],[12.4914785500001,41.910261441],[12.491827506,41.910393906],[12.492177914,41.91052692],[12.492888282,41.910715193],[12.4938904000001,41.910784737],[12.494448634,41.9107850130001],[12.494641034,41.910759428],[12.494647371,41.910801265],[12.4960448200001,41.910754324],[12.4962365210001,41.9107465920001],[12.497018095,41.9107457710001],[12.4976246040001,41.9107351690001],[12.4979822400001,41.910766795],[12.498170003,41.9108058190001],[12.4987866070001,41.910700121],[12.4989858390001,41.9105892100001],[12.4990996510001,41.910525851],[12.499291391,41.9103537020001],[12.499434046,41.910294859],[12.5005997100001,41.9096886520001],[12.5011009450001,41.9094326950001],[12.501147025,41.909419883],[12.501155069,41.9094176460001],[12.5011607050001,41.9094214420001],[12.501162202,41.9094207580001],[12.5012593970001,41.909376416],[12.50126627,41.909368966],[12.5015506240001,41.90914193],[12.501713406,41.9090494380001],[12.5017842570001,41.9089595190001],[12.502355569,41.9082814170001],[12.5024160240001,41.9083010250001],[12.5024548650001,41.908246993],[12.502551308,41.908285677],[12.5026460890001,41.908209996],[12.5036398010001,41.9080029620001],[12.5037696790001,41.9079692020001],[12.503873604,41.907815978],[12.5039391070001,41.907863134],[12.504544079,41.908024142],[12.504964608,41.907189374],[12.5063077250001,41.904439632],[12.507169343,41.9038487120001],[12.507167386,41.9037855030001],[12.50705729,41.903783112],[12.5070460640001,41.902813371],[12.507161384,41.902838742],[12.507191157,41.9028184150001],[12.507362619,41.9027013460001],[12.5077694070001,41.9019078150001],[12.5077799480001,41.901887252],[12.5082844200001,41.9008784050001],[12.508530681,41.900436466],[12.5087137780001,41.9001078800001],[12.5088635110001,41.899839162],[12.509636974,41.8986806620001],[12.50962795,41.898674828],[12.5097620970001,41.898501783],[12.509824456,41.8983744650001],[12.510032928,41.8980573110001],[12.5102631560001,41.897672717],[12.5102810440001,41.8974586540001],[12.5104354010001,41.897261847],[12.5105790860001,41.897093402],[12.510638296,41.897047031],[12.511021724,41.89670031],[12.511358687,41.896400236],[12.5119939480001,41.895809969],[12.5126189440001,41.8952373480001],[12.513135748,41.894781519],[12.5138950640001,41.894116489],[12.5140394270001,41.8938479760001],[12.514125231,41.8937735850001],[12.514412104,41.8936130020001],[12.514455529,41.8935404230001],[12.5146689630001,41.893411557],[12.514589189,41.893317021],[12.5145894350001,41.89331661],[12.5143079220001,41.89301028],[12.5153117890001,41.892559706],[12.5151071780001,41.8923623470001],[12.5152853170001,41.8921025010001],[12.515294808,41.892088656],[12.5153694420001,41.8919115630001],[12.515421969,41.8917905810001],[12.5152420250001,41.891511768],[12.515036219,41.8911928840001],[12.514843032,41.89089355],[12.5150819200001,41.890777557],[12.5159654190001,41.8904035200001],[12.517629012,41.889648423],[12.5187910780001,41.8891207410001],[12.5188250200001,41.889150069],[12.518899581,41.889118679],[12.5184847670001,41.8887135690001],[12.518214937,41.8883938000001],[12.5180878410001,41.8882666700001],[12.517933172,41.888011701],[12.517735229,41.887787249],[12.5172084810001,41.8876543320001],[12.516715376,41.887640805],[12.516381355,41.887570671],[12.5161231110001,41.887569372],[12.516093606,41.887590178],[12.5158570840001,41.887620801],[12.515821757,41.8875943030001],[12.515547999,41.8875983840001],[12.5155290750001,41.887543647],[12.515408747,41.887439535],[12.515163219,41.8873570160001],[12.5149828570001,41.887370267],[12.514867741,41.8874278220001],[12.5147842920001,41.8875075070001],[12.514728845,41.887585264],[12.514512014,41.887507987],[12.511885503,41.88668706],[12.511173441,41.8864615160001],[12.5109976740001,41.886406529],[12.510031962,41.88610441],[12.50940933,41.885902732],[12.5092974450001,41.885870303],[12.5088630820001,41.885744404],[12.5070630700001,41.88508439],[12.507017354,41.885111991],[12.506701347,41.8850384090001],[12.5061553950001,41.884974124],[12.5057694820001,41.8848942550001],[12.5056571960001,41.8848298620001],[12.506118057,41.8844586290001],[12.505097296,41.884140976],[12.505064325,41.8841688530001],[12.5047295800001,41.884085326],[12.5047194310001,41.884018387],[12.5046570110001,41.8839836710001],[12.504611481,41.884006508],[12.5034179410001,41.8832132900001],[12.502751216,41.883172098],[12.502214774,41.883322455],[12.5011928750001,41.8832149070001],[12.500222362,41.882836352],[12.499580246,41.8826222100001],[12.499306141,41.882537605],[12.4986671780001,41.882487939],[12.498623014,41.882394048],[12.498615129,41.882350986],[12.498636665,41.8821913300001],[12.498665358,41.8820613170001],[12.4986368150001,41.8813220260001],[12.4986643020001,41.88122364],[12.499163733,41.8805792520001],[12.499589966,41.8799719890001],[12.499679046,41.879833939],[12.4998694220001,41.8796534200001],[12.500052528,41.879454869],[12.5001194920001,41.8793729300001],[12.500267723,41.879251062],[12.500387034,41.87915537],[12.5006024950001,41.879046878],[12.501331185,41.878654689],[12.5020970960001,41.878227564],[12.5022844440001,41.8781244150001],[12.502573618,41.8775558560001],[12.5026465710001,41.877524679],[12.502676299,41.8774776710001],[12.5026356270001,41.8773963670001],[12.5026117360001,41.8773958460001],[12.5025045240001,41.876976523],[12.5024885560001,41.8768749060001],[12.502516777,41.8768665850001],[12.502540126,41.8766764690001],[12.502509893,41.876634112],[12.5025209130001,41.8766179560001],[12.5025479340001,41.8765783470001],[12.5024810510001,41.8765560420001],[12.5023997490001,41.876494703],[12.5022840770001,41.8762926260001],[12.5022311130001,41.87621999],[12.502155417,41.876117073],[12.502556226,41.875342448],[12.502577875,41.875298241],[12.5027226890001,41.8751614030001],[12.502778435,41.8751626160001],[12.503163278,41.874899943],[12.503152143,41.874878852],[12.503456113,41.8747484530001],[12.503408479,41.8745389210001],[12.503377436,41.874517397],[12.5033410950001,41.874427251],[12.5033584130001,41.8743918850001],[12.5032537590001,41.874213877],[12.50320149,41.8741233850001],[12.5031654220001,41.8741285570001],[12.502975529,41.873990393],[12.5028360090001,41.8738890670001],[12.502504049,41.8737150480001],[12.502141072,41.873641622],[12.5016231710001,41.8735350370001],[12.501553766,41.873512444],[12.5015219470001,41.873473878],[12.501713303,41.8730049370001],[12.5019755870001,41.8723077180001],[12.5020189590001,41.8721150590001],[12.5020417100001,41.8718379580001],[12.5020122510001,41.871673498],[12.5019655130001,41.8713388890001],[12.5019187250001,41.871031083],[12.501938927,41.870842946],[12.4979940430001,41.870797897],[12.497102876,41.8707641710001],[12.496465347,41.870811422],[12.4961341160001,41.8708359710001],[12.4859480000001,41.872307481],[12.482366159,41.872901872],[12.4823414580001,41.8732873440001],[12.482238765,41.873710422],[12.481380728,41.8757503360001],[12.4810871130001,41.8764242180001],[12.480967274,41.8762370590001],[12.4806766020001,41.876331948],[12.4804449430001,41.876142196],[12.480334151,41.8761218920001],[12.479871545,41.87592707],[12.479235847,41.875674829],[12.478828992,41.875481225],[12.4782361630001,41.875152481],[12.4774885200001,41.874707147],[12.476798037,41.8742273240001],[12.4762907200001,41.8739540620001],[12.4762228220001,41.873894545],[12.4761443360001,41.873825745],[12.475693705,41.8735299],[12.4748240700001,41.8731473930001],[12.47435096,41.8730178430001],[12.4741999,41.8728060230001],[12.4716170030001,41.8726181000001],[12.4711843150001,41.8736867850001],[12.4705578640001,41.8752218000001],[12.470473288,41.8754260480001],[12.470338194,41.875819807],[12.470266495,41.876061271],[12.4702230550001,41.8761925590001],[12.4701735690001,41.876355882],[12.4701201500001,41.876497672],[12.4700602610001,41.8766822100001],[12.4700093640001,41.8768812430001],[12.4699332800001,41.877354935],[12.469905001,41.8776271410001],[12.469909418,41.877919132],[12.4699225050001,41.8781934410001],[12.4699962500001,41.8785465290001],[12.470075631,41.8787567740001],[12.4702152030001,41.8790577010001],[12.4703646180001,41.879311187],[12.4706290340001,41.8796803920001],[12.470888308,41.8799779980001],[12.471179674,41.8802703530001],[12.4715036050001,41.880545555],[12.4723308980001,41.8811952200001],[12.4733476120001,41.881974144],[12.474348144,41.8826788380001],[12.4745988780001,41.882870213],[12.475130818,41.883211982],[12.4747229230001,41.8835294510001],[12.474645153,41.883480085],[12.474255139,41.883744001],[12.4741463870001,41.8838175920001],[12.4735247670001,41.8842179220001],[12.4733821140001,41.884095641],[12.4733919560001,41.884048201],[12.473002992,41.8838043370001],[12.4722284110001,41.8840404520001],[12.472161391,41.8843249120001],[12.471350988,41.884256425],[12.470194712,41.8841654170001],[12.470249558,41.8838866470001],[12.469975966,41.883749563],[12.4698628400001,41.88358623],[12.4692181790001,41.883560102],[12.468887884,41.883546862],[12.4688339860001,41.883700554],[12.4671554880001,41.883410352],[12.4671385670001,41.8830317100001],[12.466399397,41.8829766740001],[12.466368463,41.8830534330001],[12.4660824470001,41.883029247],[12.4658800500001,41.882402273],[12.4652570220001,41.8826357310001],[12.4652575530001,41.882924657],[12.4644765630001,41.882919319],[12.464479291,41.8827496050001],[12.463805161,41.882561957],[12.463698129,41.882724319],[12.463427779,41.8831344240001],[12.463505304,41.88318975],[12.4635218220001,41.8831752230001],[12.4637466680001,41.8833350730001],[12.4624372480001,41.884334305],[12.462239217,41.8842018520001],[12.462255735,41.884187324],[12.4621786820001,41.884120094],[12.4614063930001,41.8843978840001],[12.461687306,41.885066276],[12.461794503,41.8850648340001],[12.4618083770001,41.885036547],[12.4620863370001,41.8850388820001],[12.462079472,41.8855343510001],[12.4620696650001,41.886508268],[12.4617922030001,41.88650928],[12.461777759,41.886487516],[12.461678244,41.8864881740001],[12.4612065310001,41.887005768],[12.461378541,41.887428943],[12.4614950050001,41.887708876],[12.4615807590001,41.887733649],[12.4616197460001,41.8877154480001],[12.46185932,41.8877855590001],[12.4615582930001,41.8882363970001],[12.4614190940001,41.8884049420001],[12.461381015,41.8884634890001],[12.461380482,41.8884643100001],[12.4612349340001,41.8886880900001],[12.4610171480001,41.888625656],[12.46101845,41.888592802],[12.460942834,41.8885696840001],[12.460295149,41.8889807420001],[12.460679176,41.8894541450001],[12.4608200810001,41.889491456],[12.460836393,41.8894660830001],[12.4610848400001,41.8895216180001],[12.4609665020001,41.890081696],[12.460778485,41.891003846],[12.460588258,41.8909758100001],[12.4605971660001,41.8909521780001],[12.4604780390001,41.890940608],[12.460052337,41.8914226380001],[12.4601868130001,41.891851537],[12.460254284,41.8918589880001],[12.4602711580001,41.8918355330001],[12.460476612,41.8918817790001],[12.4603543330001,41.892251383],[12.4599184740001,41.892989339],[12.4597964220001,41.8929508950001],[12.459793147,41.8929329520001],[12.459702722,41.892901166],[12.4592704500001,41.8933473050001],[12.459265847,41.89386546],[12.459449179,41.89386654],[12.459512552,41.8938768780001],[12.4590899460001,41.895204864],[12.458998928,41.895187956],[12.458995535,41.8951729890001],[12.458893039,41.895143913],[12.458716162,41.8954825210001],[12.458623516,41.895808104],[12.4586865370001,41.8958273700001],[12.4584814470001,41.8964751170001],[12.4583472030001,41.8964423590001],[12.4583420480001,41.8964490380001],[12.4580782350001,41.896790842],[12.457987046,41.8976823680001],[12.457881811,41.898525927],[12.4583000760001,41.8988157640001],[12.457178491,41.899297032],[12.457025711,41.9000323110001],[12.456706459,41.90004013],[12.4564050110001,41.900402781],[12.4551429540001,41.9003705120001],[12.4546556920001,41.9003597120001],[12.4545421060001,41.9002082690001],[12.4528760700001,41.900397668],[12.452780273,41.9003002310001],[12.451799441,41.900302283],[12.450807002,41.9005959620001],[12.4507921650001,41.9007683840001],[12.4500866020001,41.9008658930001],[12.4488950750001,41.900952594],[12.4488283530001,41.9008260140001],[12.448019317,41.900718671],[12.4478224270001,41.900857261],[12.447919117,41.901032162],[12.447206807,41.901498834],[12.4468566480001,41.901681667],[12.4467158570001,41.901613008],[12.44592885,41.901952914],[12.445893525,41.9018389450001],[12.4458510490001,41.90150441],[12.4457041920001,41.901387959],[12.4453478360001,41.90118894],[12.4451488560001,41.901359944],[12.44483996,41.9016675940001],[12.444523782,41.901917895],[12.4438160760001,41.9023882220001],[12.4425705200001,41.903241306],[12.442457921,41.903311305],[12.443260907,41.9040011370001],[12.442895198,41.9042932190001],[12.442727427,41.906420563],[12.443450135,41.906894159],[12.4431267190001,41.9072050550001],[12.4437775980001,41.9077702760001],[12.4445538620001,41.9084011300001],[12.4446494650001,41.908611276],[12.444677155,41.908716735],[12.444686388,41.9088051040001],[12.4446616610001,41.908945137],[12.4445730030001,41.909088513],[12.444456282,41.9092955990001],[12.4443793770001,41.9095440780001],[12.4443867420001,41.9096792660001],[12.4446293560001,41.909994431],[12.444865775,41.910065221],[12.4458138110001,41.9109930540001],[12.4458928780001,41.911090125],[12.446052152,41.911255699],[12.4462999090001,41.911442304],[12.4465623140001,41.911581579],[12.4469520160001,41.911728451],[12.447193554,41.9123591850001],[12.4472814820001,41.912554146],[12.447367844,41.9127883880001],[12.447444075,41.913036702],[12.4475856340001,41.9137985670001],[12.4476618850001,41.9145185530001],[12.4477389740001,41.91474544],[12.447789797,41.914910983],[12.447896712,41.91510994],[12.4480296680001,41.9152558640001],[12.448175887,41.915309154],[12.4483242420001,41.9153088780001],[12.4484214280001,41.9152717230001],[12.4484661650001,41.9152298280001],[12.4485021940001,41.9151662940001],[12.4485341540001,41.915084799],[12.448523084,41.915002346],[12.448367374,41.914650919],[12.448273113,41.9144546260001],[12.448285094,41.914394132],[12.4483320890001,41.9143356070001],[12.4483938820001,41.9143060050001],[12.448578508,41.9143160670001],[12.448734857,41.9143552850001],[12.4490103320001,41.9146473430001],[12.449100403,41.9149888910001],[12.449185589,41.9152528910001],[12.4492518500001,41.9153913740001],[12.4494257320001,41.91543098],[12.4496063560001,41.9154196860001],[12.449601638,41.9154526460001],[12.449573865,41.915909523],[12.4496909480001,41.9163338770001],[12.4497734830001,41.916664535],[12.4496369390001,41.9169688790001],[12.449406363,41.9174712870001],[12.4497263640001,41.917607069],[12.450630136,41.9179845680001],[12.4507037930001,41.9180576870001],[12.4507099410001,41.9181436040001],[12.4507059590001,41.9182435930001],[12.4505695240001,41.918304896],[12.4503529990001,41.918214305],[12.449815334,41.9180165020001],[12.44915165,41.917858784],[12.4488273810001,41.9178301310001],[12.4487100700001,41.917891857],[12.448656848,41.9180264920001],[12.448702783,41.918074693],[12.4487969840001,41.918112529],[12.4492230280001,41.9182292250001],[12.4498287700001,41.918399951],[12.4500258850001,41.91849726],[12.4500899780001,41.918570168],[12.450133808,41.918671218],[12.4501067160001,41.9188707700001],[12.4497612120001,41.9191347290001],[12.449180509,41.919536425],[12.4489167360001,41.9196706700001],[12.4482753460001,41.919913749],[12.44816617,41.920011399],[12.4479429740001,41.9203281100001],[12.44792971,41.9204207430001],[12.447912339,41.9208564050001],[12.4478758880001,41.9217705820001],[12.447920326,41.922576473],[12.448040468,41.923644246],[12.4480619660001,41.9245454140001],[12.447711446,41.925654188],[12.447397637,41.926562194],[12.4471116170001,41.927013324],[12.446892721,41.9272214750001],[12.4465521610001,41.9275999070001],[12.4459088730001,41.928607802],[12.444926691,41.929951266],[12.444582681,41.9304153950001],[12.4442921940001,41.9307377480001],[12.443845821,41.9311281120001],[12.443228993,41.931471786],[12.442702737,41.9318246230001],[12.4420813290001,41.9322825620001],[12.441287749,41.932736659],[12.4409024440001,41.9330354430001],[12.440089852,41.9337250020001],[12.4398502390001,41.933972644],[12.4402438010001,41.934181493],[12.440907054,41.934353549],[12.442621452,41.9348135230001],[12.443506686,41.9350895470001],[12.4437166930001,41.934471982],[12.4439642950001,41.9339056320001]]]},"properties":{"OBJECTID":1,"municipio":"Municipio_I","zone_urb":"Centro Storico,Trastevere,Aventino,Testaccio,Esquilino,XX Settembre,Celio,Zona archeologica,Prati,Delle Vittorie,Eroi","rione":"Monti,Trevi,Colonna,Campo Marzio,Ponte,Parione,Regola,Sant'Eustachio,Pigna,Campitelli,Sant'Angelo,Ripa,Trastevere,Esquilino,Ludovisi,Sallustiano,Castro Pretorio (parte),Celio,Testaccio,San Saba,Borgo,Prati","quartiere":"Ostiense (parte),Ardeatino (parte),Trionfale (parte),Della Vittoria (parte)","sub_urbio":" -","zone_agro":" -","borgate":" -","ex_mun":"1-17","etichetta":"I (Ex I - XVII)","municipio_join":"Municipio I","etichetta_2":"I","Shape__Area":37084590.526367188,"Shape__Length":38971.7271166318}},{"type":"Feature","id":2,"geometry":{"type":"Polygon","coordinates":[[[12.5009900960001,41.942150912],[12.501174997,41.941992908],[12.501209117,41.941936465],[12.5012191700001,41.94188539],[12.501315499,41.9413959870001],[12.501360425,41.941167738],[12.501438761,41.9409597590001],[12.5016616820001,41.94064532],[12.501832887,41.940510847],[12.502162417,41.9404084120001],[12.502308914,41.9404163670001],[12.5026570740001,41.9404906620001],[12.5035268780001,41.940691633],[12.50380526,41.940754876],[12.5040357820001,41.940736063],[12.504526045,41.940603759],[12.5047349550001,41.940484397],[12.5048086360001,41.9403954530001],[12.5047937150001,41.9401234910001],[12.504757802,41.93989873],[12.5047179260001,41.9396119290001],[12.5047095190001,41.9395002310001],[12.504760848,41.9393297870001],[12.504796718,41.939268881],[12.5048633800001,41.9391556910001],[12.5049636840001,41.939038732],[12.505061386,41.938988436],[12.505369108,41.9387902070001],[12.505641412,41.938681752],[12.5058028880001,41.93863284],[12.5063732880001,41.938654769],[12.506510443,41.93866819],[12.507187173,41.938734405],[12.507320169,41.9387611220001],[12.5077712840001,41.938952683],[12.507828756,41.938977088],[12.507911295,41.9390318470001],[12.508058969,41.9391298200001],[12.508083975,41.9391473520001],[12.508276429,41.939282275],[12.508404188,41.939361537],[12.508645019,41.939602864],[12.508911283,41.9399362770001],[12.509261069,41.940378729],[12.510167649,41.941275268],[12.5109227340001,41.941964786],[12.5113782670001,41.942355912],[12.5116662900001,41.942540867],[12.512261757,41.9428218420001],[12.5125614610001,41.942911736],[12.5126172670001,41.942912946],[12.512879218,41.942537378],[12.513113548,41.942256523],[12.5137016350001,41.9423169230001],[12.514307752,41.942324097],[12.514444435,41.9422972730001],[12.514601225,41.9421636590001],[12.514779048,41.941899447],[12.5150751840001,41.941465045],[12.515468829,41.9409850980001],[12.515865123,41.9406422170001],[12.5162497430001,41.9403943940001],[12.5164855510001,41.9402803580001],[12.518079227,41.9395106480001],[12.5188834460001,41.939140837],[12.5191962690001,41.938995102],[12.520044612,41.938721548],[12.5208706490001,41.938405807],[12.5208482200001,41.938161087],[12.5207654500001,41.937414677],[12.5207769830001,41.9371170790001],[12.5208363470001,41.936820512],[12.520994595,41.9364426860001],[12.521168093,41.9360830580001],[12.521273389,41.9358363310001],[12.521335876,41.935664929],[12.5213314640001,41.935366985],[12.521318287,41.935295217],[12.5211870640001,41.935181582],[12.5211654600001,41.934860631],[12.5213271800001,41.934640142],[12.5215346430001,41.9343920470001],[12.5216841590001,41.9341569970001],[12.5219193400001,41.933852313],[12.522460133,41.9334017300001],[12.52282174,41.933128368],[12.5249068740001,41.9317708510001],[12.5263480460001,41.930810684],[12.5269877420001,41.9305450510001],[12.5274440910001,41.9302119010001],[12.527775798,41.9298854570001],[12.5282474480001,41.929240349],[12.5282648570001,41.9292039540001],[12.528473075,41.92876865],[12.528529184,41.9284443880001],[12.5285552290001,41.928293861],[12.5286151550001,41.927568401],[12.528578055,41.926876591],[12.528516741,41.926398713],[12.5280399050001,41.9263527000001],[12.527943587,41.925955082],[12.527903124,41.9257635870001],[12.5269382990001,41.9238961340001],[12.526828719,41.9234291270001],[12.5266422030001,41.922888979],[12.5265784220001,41.922475381],[12.526621961,41.921761481],[12.5266846600001,41.920964596],[12.526940988,41.9196977080001],[12.5270586950001,41.919128374],[12.527193719,41.9185236710001],[12.5274130290001,41.9178016430001],[12.5276765310001,41.9167612730001],[12.5277605100001,41.916238868],[12.5278841790001,41.915514779],[12.5280069250001,41.9148144980001],[12.52813509,41.913973749],[12.5281698700001,41.913486025],[12.5281473360001,41.912830269],[12.5282130690001,41.9123670400001],[12.528372586,41.9119534860001],[12.528845007,41.911284562],[12.529612017,41.9102145190001],[12.5298748750001,41.9098091440001],[12.529901535,41.909738234],[12.5303085360001,41.9099376180001],[12.5307169160001,41.910101287],[12.5308186680001,41.9101511320001],[12.5315483040001,41.909118397],[12.5317102540001,41.9088478580001],[12.531913646,41.9085365110001],[12.5320273240001,41.9082768480001],[12.5320448800001,41.908223709],[12.5329917340001,41.908224374],[12.533369039,41.9070981460001],[12.533524974,41.906279431],[12.5335733640001,41.9051057500001],[12.533475201,41.9044245420001],[12.5331418660001,41.903638201],[12.5322540500001,41.902218028],[12.530844976,41.8998001530001],[12.529907984,41.8982931210001],[12.5290565240001,41.89680222],[12.5285047190001,41.895894405],[12.5282252600001,41.895202139],[12.5280887010001,41.8941126390001],[12.524267781,41.8933661240001],[12.521864496,41.8928376960001],[12.519800697,41.892602491],[12.518497499,41.892490923],[12.517461229,41.8924863830001],[12.5165239030001,41.892603116],[12.51597266,41.8927555990001],[12.51538191,41.8929810920001],[12.514455529,41.8935404230001],[12.514412104,41.8936130020001],[12.514125231,41.8937735850001],[12.5140394270001,41.8938479760001],[12.5138950640001,41.894116489],[12.513135748,41.894781519],[12.5126189440001,41.8952373480001],[12.5119939480001,41.895809969],[12.511358687,41.896400236],[12.511021724,41.89670031],[12.510638296,41.897047031],[12.5105790860001,41.897093402],[12.5104354010001,41.897261847],[12.5102810440001,41.8974586540001],[12.5102631560001,41.897672717],[12.510032928,41.8980573110001],[12.509824456,41.8983744650001],[12.5097620970001,41.898501783],[12.50962795,41.898674828],[12.509636974,41.8986806620001],[12.5088635110001,41.899839162],[12.5087137780001,41.9001078800001],[12.508530681,41.900436466],[12.5082844200001,41.9008784050001],[12.5077799480001,41.901887252],[12.5077694070001,41.9019078150001],[12.507362619,41.9027013460001],[12.507191157,41.9028184150001],[12.507161384,41.902838742],[12.5070460640001,41.902813371],[12.50705729,41.903783112],[12.507167386,41.9037855030001],[12.507169343,41.9038487120001],[12.5063077250001,41.904439632],[12.504964608,41.907189374],[12.504544079,41.908024142],[12.5039391070001,41.907863134],[12.503873604,41.907815978],[12.5037696790001,41.9079692020001],[12.5036398010001,41.9080029620001],[12.5026460890001,41.908209996],[12.502551308,41.908285677],[12.5024548650001,41.908246993],[12.5024160240001,41.9083010250001],[12.502355569,41.9082814170001],[12.5017842570001,41.9089595190001],[12.501713406,41.9090494380001],[12.5015506240001,41.90914193],[12.50126627,41.909368966],[12.5012593970001,41.909376416],[12.501162202,41.9094207580001],[12.5011607050001,41.9094214420001],[12.501155069,41.9094176460001],[12.501147025,41.909419883],[12.5011009450001,41.9094326950001],[12.5005997100001,41.9096886520001],[12.499434046,41.910294859],[12.499291391,41.9103537020001],[12.4990996510001,41.910525851],[12.4989858390001,41.9105892100001],[12.4987866070001,41.910700121],[12.498170003,41.9108058190001],[12.4979822400001,41.910766795],[12.4976246040001,41.9107351690001],[12.497018095,41.9107457710001],[12.4962365210001,41.9107465920001],[12.4960448200001,41.910754324],[12.494647371,41.910801265],[12.494641034,41.910759428],[12.494448634,41.9107850130001],[12.4938904000001,41.910784737],[12.492888282,41.910715193],[12.492177914,41.91052692],[12.491827506,41.910393906],[12.4914785500001,41.910261441],[12.4911780900001,41.910073304],[12.4909630660001,41.909959949],[12.490748861,41.909825641],[12.490433701,41.909597627],[12.4896000000001,41.909512674],[12.489324723,41.9095204720001],[12.488864043,41.9094894240001],[12.48865512,41.909472932],[12.4884421410001,41.909453974],[12.488387398,41.909467073],[12.488043652,41.909447636],[12.4876300330001,41.909176475],[12.4874505970001,41.9090343440001],[12.4865642510001,41.908698024],[12.4861989180001,41.908416001],[12.4852350360001,41.9077801240001],[12.4848863670001,41.908129902],[12.484402721,41.9085863270001],[12.48434995,41.908630444],[12.483405577,41.909203053],[12.483314465,41.909248711],[12.482976265,41.909412854],[12.4825124330001,41.909694866],[12.481690596,41.910314231],[12.4816327140001,41.910366573],[12.481444599,41.910911678],[12.481333062,41.9113143050001],[12.481293221,41.9113134300001],[12.481229722,41.9116098850001],[12.481136952,41.9119408440001],[12.4810971110001,41.9119399690001],[12.480913403,41.912859267],[12.480630413,41.912856033],[12.48007169,41.912665057],[12.4800473170001,41.912676436],[12.4796341380001,41.9125363090001],[12.4795624230001,41.9125347340001],[12.478949454,41.91230384],[12.478928362,41.9122318930001],[12.478218843,41.9120227020001],[12.4779685510001,41.911898062],[12.4775890070001,41.9119165270001],[12.4775259630001,41.9119985390001],[12.4770424910001,41.9117198480001],[12.476232205,41.9116394820001],[12.4762216610001,41.911603508],[12.4760043910001,41.911571924],[12.475989052,41.911568195],[12.4755645560001,41.9114650320001],[12.475053931,41.91134133],[12.474997677,41.911473528],[12.4746820660001,41.9113956950001],[12.4746411100001,41.91138543],[12.4720767420001,41.910742638],[12.4719555520001,41.910712399],[12.4715308780001,41.9117352980001],[12.4712179090001,41.9125921620001],[12.4710835870001,41.913084589],[12.4707245760001,41.9144006970001],[12.470631627,41.9148675910001],[12.4705772,41.9152762300001],[12.470544509,41.915780661],[12.470741522,41.917576857],[12.4707740860001,41.9180446],[12.4707800210001,41.918540351],[12.4706629680001,41.9189190160001],[12.4703411080001,41.919636288],[12.470132184,41.9201056250001],[12.4701310310001,41.920108214],[12.470122249,41.9201199390001],[12.4694708640001,41.920989584],[12.4689705170001,41.921378857],[12.4685388180001,41.9216457370001],[12.468057994,41.9218638770001],[12.4673885390001,41.9220111330001],[12.466102135,41.9222686680001],[12.464107999,41.922672581],[12.4635660390001,41.9228226330001],[12.4630349390001,41.923020577],[12.4625263200001,41.923295265],[12.4619783100001,41.9235976730001],[12.461182874,41.9241853030001],[12.4606240800001,41.924759103],[12.460320734,41.9251669930001],[12.4600556390001,41.9255757290001],[12.4598074,41.9260420250001],[12.459634534,41.926538582],[12.4595578710001,41.927022971],[12.459482908,41.9274645090001],[12.459522146,41.9279228710001],[12.4595990720001,41.928396364],[12.4596962630001,41.9288417130001],[12.459849707,41.929316901],[12.4600054200001,41.9297349500001],[12.460180263,41.930153423],[12.4604136310001,41.930544599],[12.4606470000001,41.930935773],[12.461087392,41.931417308],[12.461800564,41.9322622920001],[12.4630634170001,41.9332480950001],[12.463745241,41.9337208900001],[12.465001408,41.934591922],[12.465805333,41.9350814690001],[12.4667842740001,41.935503391],[12.466936489,41.935567989],[12.4714676950001,41.936194379],[12.4720404870001,41.9362355920001],[12.4725622670001,41.93627568],[12.4736943520001,41.9363768580001],[12.475158042,41.936485323],[12.475987048,41.936503561],[12.4768558170001,41.9364845430001],[12.477495392,41.9364509490001],[12.477880639,41.9363926980001],[12.478357789,41.9362697490001],[12.47888858,41.936081259],[12.479343972,41.935862516],[12.4797352160001,41.935651894],[12.4803136350001,41.9352261650001],[12.4807630120001,41.934835725],[12.4812502680001,41.934455646],[12.481829417,41.934010863],[12.4824351140001,41.9335399710001],[12.4827760690001,41.933309173],[12.4832299290001,41.9331285050001],[12.4835405040001,41.9330209440001],[12.483860835,41.9329898440001],[12.4844474870001,41.933002706],[12.4850198890001,41.9330533770001],[12.485335354,41.9331460710001],[12.486451356,41.9339806670001],[12.4866741860001,41.9341571090001],[12.48704901,41.935013588],[12.487152946,41.9352922670001],[12.487232873,41.935532295],[12.4872546390001,41.935628083],[12.486720867,41.9371928420001],[12.486309523,41.938889902],[12.486209419,41.9394881700001],[12.486311861,41.939804941],[12.486705419,41.9401852760001],[12.487261427,41.9406549460001],[12.487671117,41.940949851],[12.4883625420001,41.9412223260001],[12.4894238700001,41.9415028930001],[12.4931019100001,41.9419550210001],[12.4964696590001,41.942019015],[12.4967127530001,41.9420052570001],[12.4971655630001,41.942015134],[12.4977508150001,41.9420660230001],[12.498537916,41.942178496],[12.49906917,41.9423044490001],[12.49968748,41.942489483],[12.500277677,41.94274062],[12.5006007910001,41.9424760220001],[12.5009900960001,41.942150912]]]},"properties":{"OBJECTID":2,"municipio":"Municipio_II","zone_urb":"Villaggio Olimpico,Parioli,Flaminio,Salario,Trieste,Villa Ada,Villa Borghese,Nomentano,San Lorenzo,Università,Verano","rione":"Castro Pretorio (parte)","quartiere":"Flaminio,Parioli,Pinciano,Salario,Trieste (parte),Nomentano,Tiburtino (parte)","sub_urbio":" -","zone_agro":" -","borgate":" -","ex_mun":"2-3","etichetta":"II (Ex II - III)","municipio_join":"Municipio II","etichetta_2":"II","Shape__Area":35267508.493652344,"Shape__Length":29251.988668640304}},{"type":"Feature","id":3,"geometry":{"type":"Polygon","coordinates":[[[12.5632184300001,42.074650348],[12.5627046870001,42.0731322780001],[12.5622352180001,42.0713919130001],[12.5620295890001,42.0706952090001],[12.5620349920001,42.069449569],[12.5621713190001,42.068689126],[12.5624962200001,42.0679815070001],[12.562707179,42.067605207],[12.563178136,42.0669717000001],[12.563516484,42.0666904140001],[12.56396348,42.066371495],[12.564310672,42.0661702800001],[12.564732953,42.0659990620001],[12.565265814,42.065770721],[12.565754471,42.0656080090001],[12.566187025,42.065510676],[12.567157891,42.0653537490001],[12.567047319,42.065114414],[12.5668669670001,42.063287442],[12.566782,42.0623935950001],[12.566918656,42.0620902690001],[12.568540743,42.0614101410001],[12.5684077350001,42.061306134],[12.5683549720001,42.060972163],[12.5684867090001,42.0607974340001],[12.5702069540001,42.060665242],[12.5703412230001,42.0604239940001],[12.570576504,42.059876441],[12.5710001460001,42.0588402560001],[12.571195571,42.0584005900001],[12.571479879,42.058206897],[12.5723761030001,42.0578175690001],[12.5730177500001,42.0575448930001],[12.5737292590001,42.057235968],[12.575159263,42.056746956],[12.5759236100001,42.0563792200001],[12.5766025240001,42.0560340850001],[12.5770781190001,42.055742345],[12.577902991,42.0551916950001],[12.5781079970001,42.055125016],[12.5784677610001,42.0552169340001],[12.5792148520001,42.055459043],[12.579416204,42.055645252],[12.5798090220001,42.0559331380001],[12.5800009290001,42.0551139300001],[12.5801377330001,42.0544910510001],[12.58026863,42.0537100540001],[12.5801799970001,42.053535099],[12.579812109,42.052559844],[12.579820448,42.052340337],[12.57986221,42.0521814480001],[12.5799519120001,42.052014695],[12.580137485,42.0518322120001],[12.5805915880001,42.051477871],[12.5809947760001,42.0508961130001],[12.5812046720001,42.050543276],[12.5812344730001,42.050228803],[12.580970178,42.049661816],[12.5809417190001,42.049470381],[12.581009465,42.0492543440001],[12.581242624,42.049072863],[12.58149029,42.048822897],[12.581503804,42.0481530370001],[12.5816840850001,42.047952686],[12.581918414,42.047740162],[12.5822879400001,42.047416872],[12.582704055,42.0469640850001],[12.5832650730001,42.046301321],[12.5834851390001,42.046150626],[12.5841137190001,42.04587273],[12.584731316,42.0456017000001],[12.585341783,42.045361583],[12.585775346,42.0452331290001],[12.585962968,42.0451527550001],[12.5862677100001,42.0449354890001],[12.586502254,42.0448738530001],[12.5869395780001,42.044803169],[12.587088238,42.0446509650001],[12.587309055,42.0443227540001],[12.587457042,42.0441882870001],[12.5876858930001,42.043962321],[12.588049847,42.043470249],[12.588056056,42.043306171],[12.5879764590001,42.04320686],[12.5877768720001,42.043131655],[12.5879194090001,42.042983759],[12.588112392,42.0427614750001],[12.5882964040001,42.042618889],[12.5884451320001,42.0426220150001],[12.5886631600001,42.0425245230001],[12.588984571,42.0423382230001],[12.5898472870001,42.0418814810001],[12.590202977,42.0417646880001],[12.5907927750001,42.041439784],[12.5914707540001,42.04106569],[12.5917840390001,42.040810423],[12.592010853,42.0406376610001],[12.5922040670001,42.04056627],[12.592497576,42.0405191740001],[12.5928452960001,42.0404554620001],[12.593527679,42.040121835],[12.5939460220001,42.039922021],[12.5944401,42.0396084060001],[12.594805826,42.0395406270001],[12.59645305,42.0389915470001],[12.597666313,42.0385509650001],[12.5978973810001,42.0384226620001],[12.598200901,42.0381094780001],[12.5988402830001,42.037699027],[12.599680576,42.0372017980001],[12.59962897,42.0369912410001],[12.6002344140001,42.03656454],[12.6009411150001,42.036120426],[12.601203804,42.035784188],[12.6013839870001,42.0355838050001],[12.6019796210001,42.035258964],[12.6026193450001,42.034901313],[12.603556079,42.0343705650001],[12.6037418670001,42.0341791710001],[12.603946664,42.033957108],[12.6042814900001,42.0337599490001],[12.605013394,42.033324768],[12.6060295790001,42.0327379630001],[12.6061609870001,42.0325676200001],[12.6065863330001,42.032178845],[12.6069555440001,42.03185813],[12.6072445950001,42.031611189],[12.607459105,42.0314470160001],[12.6076559360001,42.031278038],[12.6079326830001,42.031184395],[12.6083484280001,42.031051045],[12.608723635,42.031014486],[12.609233385,42.0309141590001],[12.60961194,42.0308199720001],[12.6100760960001,42.0306654340001],[12.6104734910001,42.030545008],[12.610810739,42.030441081],[12.611124051,42.030308694],[12.6115650730001,42.0301359160001],[12.6117836870001,42.03002064],[12.611862537,42.0298225670001],[12.612141265,42.0298505600001],[12.612459002,42.029790602],[12.6129102240001,42.0298221830001],[12.613305118,42.0297682660001],[12.6136524290001,42.029713358],[12.614049148,42.0296106580001],[12.6143776170001,42.029581985],[12.615554355,42.029473307],[12.614846637,42.029137721],[12.6142529960001,42.0281556580001],[12.613708807,42.027268264],[12.61330579,42.026585293],[12.6133187080001,42.0263991620001],[12.613282154,42.0254672930001],[12.6132775020001,42.0246372760001],[12.6133001200001,42.023787822],[12.6133068620001,42.023534581],[12.613250109,42.0226653120001],[12.6132151950001,42.02200775],[12.613144403,42.021036557],[12.613081579,42.0203295960001],[12.6129402020001,42.020131377],[12.6125430980001,42.0199278390001],[12.6122647180001,42.0198599120001],[12.6115821290001,42.0198101990001],[12.6105904560001,42.0197496060001],[12.609786749,42.0198349390001],[12.6092693160001,42.019983929],[12.6090015290001,42.0199827860001],[12.608539579,42.0199376520001],[12.6081700280001,42.0199521380001],[12.6073129660001,42.020126879],[12.6067079810001,42.02022965],[12.606479827,42.0202825850001],[12.606392074,42.020400582],[12.6060154730001,42.02139573],[12.605606612,42.021347254],[12.604149728,42.0205512690001],[12.6028966390001,42.019844735],[12.6018516190001,42.01930364],[12.6023960520001,42.018674161],[12.6026880590001,42.0183474080001],[12.6029286020001,42.0182814250001],[12.604135919,42.0190966220001],[12.60416968,42.0183561690001],[12.6042169850001,42.017888939],[12.604280096,42.0173177450001],[12.604371074,42.016638399],[12.604414725,42.015951409],[12.6044925800001,42.0152002070001],[12.604492764,42.0151984240001],[12.60449793,42.0151485860001],[12.6044987170001,42.015140995],[12.604762328,42.0151715550001],[12.6049311630001,42.015146906],[12.605541825,42.0150939150001],[12.605698196,42.0150658740001],[12.606318872,42.0149473490001],[12.607067742,42.014790802],[12.6075667380001,42.0149170340001],[12.607822222,42.0143726630001],[12.6081137200001,42.0137633030001],[12.6083105820001,42.0134387150001],[12.60848788,42.0130761550001],[12.608541814,42.012869107],[12.608566707,42.012540933],[12.608574262,42.0121153590001],[12.6086464630001,42.011756867],[12.608395629,42.0117297250001],[12.6081768240001,42.0117439460001],[12.6077186850001,42.0118721310001],[12.6072987520001,42.012123198],[12.6069266060001,42.012196826],[12.6067891330001,42.0121689150001],[12.6063978070001,42.0120824910001],[12.6062519440001,42.0120544050001],[12.6058461580001,42.0120177640001],[12.605593915,42.0120281490001],[12.6052400720001,42.012061459],[12.605095353,42.012114787],[12.6046647520001,42.012068233],[12.604536022,42.012031111],[12.6042337920001,42.011863584],[12.604186515,42.0117812060001],[12.603944761,42.01140051],[12.6037022470001,42.011040144],[12.603414915,42.010755536],[12.603103678,42.010548688],[12.602677672,42.010380137],[12.6028152920001,42.0102922310001],[12.603022546,42.009803209],[12.6032629270001,42.0093261490001],[12.603442896,42.008892906],[12.6035131580001,42.0084749000001],[12.6034607610001,42.007858368],[12.6035817370001,42.0073193370001],[12.6037998410001,42.006876245],[12.603558261,42.006603237],[12.604026888,42.005971291],[12.604058309,42.005693342],[12.604051552,42.005537932],[12.6039407270001,42.0046888430001],[12.6038936890001,42.004600211],[12.6029140520001,42.00397558],[12.6029349950001,42.0037644010001],[12.6022212460001,42.0036148790001],[12.6020178690001,42.003554281],[12.6012902420001,42.003260464],[12.6005601910001,42.0029196360001],[12.600205182,42.0027619520001],[12.599985036,42.0027009990001],[12.5995602260001,42.002613852],[12.599433871,42.002514166],[12.599153411,42.0023830810001],[12.598781124,42.0023502460001],[12.598164576,42.002562729],[12.5977479220001,42.002482007],[12.597563484,42.0024202320001],[12.597031223,42.0021774370001],[12.596213779,42.001706405],[12.596518498,42.0014047560001],[12.5970186530001,42.000939413],[12.598230201,41.9999486520001],[12.598775931,41.9994983410001],[12.599726715,41.998755671],[12.6001507180001,41.9984170640001],[12.6000864870001,41.998227898],[12.600701057,41.997731747],[12.601030563,41.9974506400001],[12.6014165760001,41.997117497],[12.6014622700001,41.997018279],[12.601552753,41.9967321720001],[12.6016338000001,41.996485],[12.6018016840001,41.9963726840001],[12.6025154610001,41.996027605],[12.6028038850001,41.99594598],[12.603231239,41.9959643],[12.60331367,41.995892457],[12.603905711,41.9957157470001],[12.6045387130001,41.9955098360001],[12.6051464330001,41.995306525],[12.60558572,41.995118478],[12.6056976740001,41.9950425540001],[12.606057053,41.9948590980001],[12.6062401730001,41.9947877910001],[12.606787044,41.994684937],[12.6070269910001,41.9946649010001],[12.607565704,41.9946229170001],[12.6079142020001,41.994617664],[12.608425745,41.9946064150001],[12.6088352080001,41.99454201],[12.609016683,41.994514488],[12.61004553,41.9944388810001],[12.6101778610001,41.9943790290001],[12.61067747,41.994148394],[12.6118920230001,41.9935616870001],[12.613716067,41.9926774190001],[12.614370104,41.9923560660001],[12.615980773,41.991599116],[12.61640851,41.9913816750001],[12.6173177150001,41.9909685630001],[12.618646444,41.9903325010001],[12.6186662490001,41.990251522],[12.618652743,41.9901013530001],[12.6186128590001,41.989657827],[12.618499064,41.988771123],[12.6183978490001,41.988109756],[12.6183579250001,41.987717627],[12.6182626290001,41.98723513],[12.618155501,41.986957429],[12.617986074,41.9865500880001],[12.6177329810001,41.986001082],[12.617487752,41.9854888620001],[12.6171542340001,41.9847566180001],[12.6169548880001,41.9843643070001],[12.616712122,41.9837863980001],[12.616605554,41.9834939950001],[12.6164673700001,41.98292452],[12.6163287000001,41.9821994530001],[12.6161991390001,41.981623895],[12.6161535900001,41.981158081],[12.616148584,41.980505285],[12.6161098640001,41.979856484],[12.6160640630001,41.9796223160001],[12.6158861660001,41.979217928],[12.6156752700001,41.978686069],[12.6155424410001,41.9783107900001],[12.6152981660001,41.9778978190001],[12.6149769790001,41.977398728],[12.614632795,41.976616795],[12.6143365410001,41.9757986050001],[12.6141086810001,41.97515996],[12.6140355910001,41.9748704410001],[12.6137554900001,41.9739458380001],[12.6135181180001,41.9731129040001],[12.6132845170001,41.9725160830001],[12.6131359980001,41.9721122990001],[12.6129566660001,41.971747318],[12.612736184,41.97141717],[12.6124105550001,41.9711505670001],[12.611695479,41.970753776],[12.6113187610001,41.970466684],[12.6109243220001,41.970321907],[12.6106575310001,41.970234087],[12.610655175,41.9702333130001],[12.6103668430001,41.9701384030001],[12.610202381,41.9700842660001],[12.609973439,41.970013416],[12.60995173,41.9700066980001],[12.6096412950001,41.969933069],[12.6093086440001,41.9698541710001],[12.6090614390001,41.9697874930001],[12.60852606,41.9696430820001],[12.6084900990001,41.969635134],[12.6079032640001,41.969505422],[12.607719882,41.969464886],[12.6073434520001,41.969389952],[12.607220236,41.969365425],[12.606939476,41.969298264],[12.6064811270001,41.969188618],[12.605403817,41.968901359],[12.60529238,41.9688716430001],[12.604627798,41.96869638],[12.6045541720001,41.968680077],[12.6039340670001,41.968542766],[12.6039048800001,41.968534705],[12.603796688,41.968504825],[12.6032372450001,41.968350316],[12.602996712,41.9682838840001],[12.6025362770001,41.9681647020001],[12.602435416,41.968138594],[12.60235421,41.96809482],[12.6019080840001,41.9678543300001],[12.601382879,41.967571207],[12.6010760720001,41.9674122530001],[12.6004462870001,41.967085963],[12.600179597,41.9669477890001],[12.599660436,41.966664376],[12.599426957,41.966536917],[12.5989543160001,41.966283354],[12.5984986330001,41.966038885],[12.598016687,41.9657672330001],[12.597961003,41.9657304150001],[12.5977014530001,41.9655587990001],[12.597663798,41.9655339],[12.5976375160001,41.96550854],[12.5971744820001,41.965061742],[12.5966594500001,41.964594253],[12.596157783,41.964138888],[12.596125617,41.9641103050001],[12.595585054,41.963629935],[12.595263066,41.963343797],[12.5951695110001,41.9632638950001],[12.5947132910001,41.9628742570001],[12.5940884400001,41.962438203],[12.593848732,41.962322972],[12.5932168910001,41.9620192310001],[12.5924933370001,41.961680524],[12.592308313,41.9615939110001],[12.5918251740001,41.96137105],[12.5911230840001,41.9610471840001],[12.5910140120001,41.96099687],[12.5907556720001,41.960876553],[12.5902006420001,41.960618055],[12.589856345,41.960454998],[12.5896931030001,41.96038307],[12.589053963,41.960101448],[12.588240324,41.959772689],[12.587717313,41.959561357],[12.5870157300001,41.959354063],[12.586338395,41.959153928],[12.586037392,41.959061389],[12.5854834150001,41.958891071],[12.5853590130001,41.9588542350001],[12.5846538860001,41.9586454400001],[12.5842655210001,41.9585269140001],[12.583968381,41.958436227],[12.5839360590001,41.9584244710001],[12.5835234080001,41.9582743720001],[12.583411658,41.958272019],[12.582878629,41.9581432840001],[12.5825028680001,41.958052529],[12.582232096,41.957977085],[12.5818978570001,41.957883955],[12.5818690290001,41.957874464],[12.581505588,41.95775481],[12.581139342,41.9576342290001],[12.580939496,41.9575602540001],[12.580669819,41.9574474610001],[12.580595881,41.957423556],[12.58009801,41.957265518],[12.57950515,41.9570551620001],[12.579270148,41.956961171],[12.578849701,41.9567478540001],[12.578733582,41.9566876970001],[12.578603526,41.956610987],[12.578351893,41.9564869170001],[12.577733408,41.9561283580001],[12.577172794,41.955759104],[12.576531996,41.955400066],[12.5758761590001,41.9550168810001],[12.575150821,41.9545726530001],[12.5746052820001,41.9542275320001],[12.574041542,41.9539415940001],[12.5734636670001,41.9536076980001],[12.5729650860001,41.953287391],[12.5726678340001,41.953060953],[12.5726221640001,41.9530305530001],[12.572568619,41.952985373],[12.5725307500001,41.952956526],[12.5724955900001,41.952923754],[12.572369619,41.952817466],[12.5721993170001,41.952648985],[12.57218275,41.9526321700001],[12.5720991330001,41.9525542330001],[12.5720462670001,41.952493631],[12.57186754,41.952312213],[12.571804334,41.9522317340001],[12.571468566,41.95176759],[12.571155923,41.9512762370001],[12.5708434790001,41.950803023],[12.5706117020001,41.950392519],[12.5704666090001,41.950142133],[12.5703510970001,41.9499269980001],[12.570321318,41.9498750070001],[12.570250054,41.94976297],[12.5699483080001,41.949303849],[12.56946335,41.9486263960001],[12.5688649840001,41.9478766710001],[12.568838256,41.9478512960001],[12.568388283,41.947519448],[12.567918497,41.9472831270001],[12.566801264,41.946866281],[12.566344717,41.946701718],[12.5663498390001,41.946699971],[12.565851031,41.9464970550001],[12.5658068170001,41.9464790690001],[12.565811248,41.946473359],[12.5530154420001,41.9413542130001],[12.551539028,41.940779444],[12.5513651910001,41.9405684320001],[12.55126324,41.9404804750001],[12.5510202510001,41.9403251740001],[12.550624746,41.94015232],[12.5500823300001,41.939940586],[12.549138543,41.939584459],[12.548796888,41.939505677],[12.548435828,41.9394336290001],[12.547922253,41.939344023],[12.5477798520001,41.939312387],[12.547373427,41.9391750300001],[12.546892391,41.938986039],[12.5466196240001,41.9388586850001],[12.546056605,41.93856071],[12.545330356,41.9380984050001],[12.5452251350001,41.938033605],[12.5448946700001,41.937809106],[12.5446503520001,41.9376518810001],[12.544509831,41.9375714330001],[12.5442688630001,41.9375096850001],[12.5440697980001,41.937499469],[12.5437792230001,41.9375349480001],[12.543347034,41.9375703740001],[12.542459018,41.937685392],[12.5418703510001,41.937744267],[12.541283402,41.9378004800001],[12.5412421450001,41.937564794],[12.541133576,41.937400438],[12.541051612,41.937208059],[12.5409827720001,41.9370064280001],[12.5409893610001,41.936835009],[12.5409551820001,41.9363958430001],[12.540597688,41.936397712],[12.540496621,41.935042121],[12.540843184,41.9349923600001],[12.540771475,41.934533328],[12.5407123910001,41.934410062],[12.540400493,41.9342222860001],[12.5402995580001,41.934191529],[12.540150537,41.9340834920001],[12.5399793030001,41.933889197],[12.5399713080001,41.9337651210001],[12.539653925,41.9337201920001],[12.539347161,41.9333990860001],[12.5391183880001,41.9330415270001],[12.539003231,41.932716903],[12.5389992680001,41.93248807],[12.5392445850001,41.9320834910001],[12.539344902,41.9319893680001],[12.539681568,41.931673489],[12.5402646320001,41.9314477080001],[12.540649436,41.931398769],[12.5415261900001,41.9311697460001],[12.5421351150001,41.930934979],[12.5426584210001,41.930603064],[12.543042531,41.9302395720001],[12.5434062480001,41.9297422060001],[12.543697755,41.929130827],[12.5437185490001,41.9289215860001],[12.5436810630001,41.92856813],[12.5435386290001,41.9282886770001],[12.543066492,41.9276209170001],[12.54293389,41.927417924],[12.5424223630001,41.927111503],[12.5418598310001,41.9268039890001],[12.5411457380001,41.9264550980001],[12.540414143,41.926229735],[12.5399175270001,41.926200027],[12.539454409,41.926294941],[12.538860103,41.9264823510001],[12.537882412,41.927014188],[12.5370453510001,41.9275395020001],[12.5366506720001,41.92784556],[12.5361510330001,41.9282256110001],[12.5357202870001,41.9284737040001],[12.535513306,41.9285455090001],[12.534882177,41.928693982],[12.5342026020001,41.928774693],[12.5330008870001,41.9288251150001],[12.5325049900001,41.9287763290001],[12.531858265,41.928667109],[12.53156862,41.9285655670001],[12.5312414530001,41.9284441550001],[12.53099301,41.928267249],[12.530710352,41.927984764],[12.5304265940001,41.927730846],[12.530080545,41.927437464],[12.5298550410001,41.9273277670001],[12.5296389820001,41.927304053],[12.5294582390001,41.927357349],[12.5293510710001,41.927488479],[12.529293809,41.9276492750001],[12.5291328220001,41.928513146],[12.528529184,41.9284443880001],[12.528473075,41.92876865],[12.5282648570001,41.9292039540001],[12.5282474480001,41.929240349],[12.527775798,41.9298854570001],[12.5274440910001,41.9302119010001],[12.5269877420001,41.9305450510001],[12.5263480460001,41.930810684],[12.5249068740001,41.9317708510001],[12.52282174,41.933128368],[12.522460133,41.9334017300001],[12.5219193400001,41.933852313],[12.5216841590001,41.9341569970001],[12.5215346430001,41.9343920470001],[12.5213271800001,41.934640142],[12.5211654600001,41.934860631],[12.5211870640001,41.935181582],[12.521318287,41.935295217],[12.5213314640001,41.935366985],[12.521335876,41.935664929],[12.521273389,41.9358363310001],[12.521168093,41.9360830580001],[12.520994595,41.9364426860001],[12.5208363470001,41.936820512],[12.5207769830001,41.9371170790001],[12.5207654500001,41.937414677],[12.5208482200001,41.938161087],[12.5208706490001,41.938405807],[12.520044612,41.938721548],[12.5191962690001,41.938995102],[12.5188834460001,41.939140837],[12.518079227,41.9395106480001],[12.5164855510001,41.9402803580001],[12.5162497430001,41.9403943940001],[12.515865123,41.9406422170001],[12.515468829,41.9409850980001],[12.5150751840001,41.941465045],[12.514779048,41.941899447],[12.514601225,41.9421636590001],[12.514444435,41.9422972730001],[12.514307752,41.942324097],[12.5137016350001,41.9423169230001],[12.513113548,41.942256523],[12.512879218,41.942537378],[12.5126172670001,41.942912946],[12.5125614610001,41.942911736],[12.512261757,41.9428218420001],[12.5116662900001,41.942540867],[12.5113782670001,41.942355912],[12.5109227340001,41.941964786],[12.510167649,41.941275268],[12.509261069,41.940378729],[12.508911283,41.9399362770001],[12.508645019,41.939602864],[12.508404188,41.939361537],[12.508276429,41.939282275],[12.508083975,41.9391473520001],[12.508058969,41.9391298200001],[12.507911295,41.9390318470001],[12.507828756,41.938977088],[12.5077712840001,41.938952683],[12.507320169,41.9387611220001],[12.507187173,41.938734405],[12.506510443,41.93866819],[12.5063732880001,41.938654769],[12.5058028880001,41.93863284],[12.505641412,41.938681752],[12.505369108,41.9387902070001],[12.505061386,41.938988436],[12.5049636840001,41.939038732],[12.5048633800001,41.9391556910001],[12.504796718,41.939268881],[12.504760848,41.9393297870001],[12.5047095190001,41.9395002310001],[12.5047179260001,41.9396119290001],[12.504757802,41.93989873],[12.5047937150001,41.9401234910001],[12.5048086360001,41.9403954530001],[12.5047349550001,41.940484397],[12.504526045,41.940603759],[12.5040357820001,41.940736063],[12.50380526,41.940754876],[12.5035268780001,41.940691633],[12.5026570740001,41.9404906620001],[12.502308914,41.9404163670001],[12.502162417,41.9404084120001],[12.501832887,41.940510847],[12.5016616820001,41.94064532],[12.501438761,41.9409597590001],[12.501360425,41.941167738],[12.501315499,41.9413959870001],[12.5012191700001,41.94188539],[12.501209117,41.941936465],[12.501174997,41.941992908],[12.5009900960001,41.942150912],[12.5006007910001,41.9424760220001],[12.500277677,41.94274062],[12.5002889630001,41.942792995],[12.500328127,41.942811718],[12.500656443,41.942985665],[12.5012216700001,41.943426875],[12.5015664690001,41.9437918],[12.501578275,41.9438052940001],[12.501810888,41.944071142],[12.502106467,41.944470736],[12.502240205,41.9447238390001],[12.5024037430001,41.945031203],[12.502540577,41.9454094700001],[12.5025586830001,41.9455587890001],[12.5025575920001,41.9457910850001],[12.502534967,41.9460233390001],[12.5025309550001,41.946064525],[12.502421569,41.9464136060001],[12.502275341,41.9466844410001],[12.502201471,41.9468034160001],[12.50207098,41.9470135810001],[12.5017613410001,41.9473821280001],[12.501362837,41.947778525],[12.5009178870001,41.948138166],[12.5005807650001,41.948392928],[12.49953278,41.9490730160001],[12.4983827070001,41.94971036],[12.497339244,41.950271049],[12.497168174,41.950362967],[12.496724683,41.9505711],[12.4967246260001,41.950571128],[12.4964040250001,41.950721585],[12.495086734,41.951348099],[12.4935654220001,41.952089281],[12.492337435,41.952777283],[12.491136629,41.953483737],[12.490316391,41.9540495800001],[12.4903825920001,41.9541319590001],[12.490416968,41.9541747380001],[12.490204873,41.954343909],[12.4899226700001,41.9545689980001],[12.4891388,41.95583378],[12.489114795,41.9560714400001],[12.4889459620001,41.957742862],[12.4889298630001,41.957902222],[12.4890491310001,41.9589294250001],[12.4896299160001,41.9595854820001],[12.489888873,41.959658797],[12.4904508180001,41.9598178900001],[12.491312033,41.9598367230001],[12.4926601060001,41.959651739],[12.495955644,41.959056531],[12.497267133,41.9589898340001],[12.4990852380001,41.9590294760001],[12.500037481,41.959169366],[12.5009184900001,41.959498319],[12.501405907,41.959717165],[12.5019224430001,41.959949081],[12.5026938290001,41.9606330500001],[12.503366746,41.9613863550001],[12.5035634820001,41.9617149950001],[12.504505621,41.963288758],[12.5045894960001,41.9637058860001],[12.504706222,41.964286378],[12.5047462370001,41.9644853780001],[12.50464721,41.964739707],[12.5045304060001,41.965039689],[12.5044978400001,41.965123325],[12.504430476,41.9651741400001],[12.504430096,41.965174426],[12.504074729,41.9654424870001],[12.504037296,41.965470724],[12.5030917340001,41.9659743610001],[12.5026632680001,41.9660768410001],[12.5025742490001,41.9661060560001],[12.502316884,41.9661596880001],[12.5009001810001,41.966498513],[12.499883391,41.966529241],[12.499227122,41.9666358540001],[12.4984415770001,41.966767115],[12.4976867610001,41.9668921200001],[12.4969161080001,41.967023698],[12.496726112,41.967094241],[12.4962865050001,41.9672429290001],[12.4958846500001,41.967434482],[12.495562835,41.9676129420001],[12.4952197700001,41.967910884],[12.4951357520001,41.968025288],[12.495108175,41.9680924940001],[12.4949398160001,41.9686845900001],[12.495093893,41.969641062],[12.49565284,41.970248373],[12.4956757690001,41.9702732860001],[12.496895705,41.9709194270001],[12.498303354,41.9716649600001],[12.49920897,41.972185084],[12.500322092,41.973114794],[12.5012596940001,41.97399963],[12.501769434,41.97448067],[12.503365199,41.976135689],[12.504685979,41.977474946],[12.505326253,41.978251356],[12.5057357580001,41.979213368],[12.505824787,41.979723355],[12.505840145,41.9798113300001],[12.505679049,41.980665624],[12.5052927310001,41.981562678],[12.504579791,41.982448891],[12.5045240860001,41.982518132],[12.503251931,41.983612173],[12.5028783600001,41.98393343],[12.499830321,41.986626485],[12.499710034,41.986706747],[12.4976491910001,41.988081816],[12.497552871,41.9881460820001],[12.4972115260001,41.988526001],[12.4968573260001,41.98900674],[12.496499854,41.989570804],[12.496290645,41.9900189640001],[12.496052876,41.9907881730001],[12.4959408,41.991202711],[12.4958723890001,41.9917254260001],[12.4958447610001,41.9920226680001],[12.49599554,41.9926573920001],[12.496212483,41.9932339900001],[12.496330786,41.9935270490001],[12.496489056,41.9939191140001],[12.49679895,41.994569222],[12.497092336,41.994825813],[12.49748276,41.9949887860001],[12.498758004,41.99486654],[12.499213264,41.9948228960001],[12.4994227830001,41.994850796],[12.500175986,41.99481504],[12.500789711,41.994785903],[12.5019890560001,41.994543767],[12.502344033,41.9944338650001],[12.5035842820001,41.994049869],[12.50494546,41.993590306],[12.5062557260001,41.9933505380001],[12.5069109500001,41.99330955],[12.5083397070001,41.993285359],[12.509521417,41.993358357],[12.510510148,41.993498165],[12.5114311770001,41.993746953],[12.511886969,41.9939383060001],[12.51221243,41.99410513],[12.5131646300001,41.994593196],[12.513494241,41.9947621410001],[12.514463055,41.9954143260001],[12.5151103700001,41.99617473],[12.515665669,41.9971256530001],[12.515935502,41.9978021360001],[12.515986449,41.998202528],[12.5160408040001,41.9986296980001],[12.5160256030001,41.9992921190001],[12.5157310170001,42.000066839],[12.5154440950001,42.000644477],[12.5148524570001,42.0014956050001],[12.5142914250001,42.0020106160001],[12.514172321,42.0021199500001],[12.513347889,42.0026464850001],[12.5128478730001,42.0028456750001],[12.5123620140001,42.003039222],[12.5120800030001,42.0031515630001],[12.5110720980001,42.0034452960001],[12.51036994,42.003587509],[12.5100165260001,42.003659086],[12.508627763,42.0040076490001],[12.507061751,42.0045606370001],[12.5059409790001,42.005088567],[12.5054503700001,42.005479924],[12.504881848,42.005933423],[12.5044465180001,42.0065156950001],[12.504326948,42.0068681380001],[12.5043811350001,42.007137162],[12.5044509700001,42.0074838780001],[12.5046916970001,42.007820489],[12.505379228,42.0083640620001],[12.5061375830001,42.0087198140001],[12.507330552,42.009053446],[12.508770472,42.00932142],[12.5093711220001,42.0093818020001],[12.510843557,42.0096031160001],[12.5121347740001,42.009859932],[12.5132012610001,42.0101828700001],[12.514306355,42.0106013130001],[12.514677498,42.010796344],[12.5153411090001,42.011142094],[12.5162473730001,42.0117771280001],[12.5166118970001,42.0121359440001],[12.517001372,42.012519318],[12.5176390020001,42.0137134650001],[12.5178691510001,42.0141444750001],[12.5186902730001,42.0158822290001],[12.519355041,42.017560578],[12.5196173260001,42.0184341350001],[12.519728489,42.018939023],[12.520066962,42.020476285],[12.52035991,42.0216503170001],[12.520399458,42.0218174180001],[12.520409391,42.021859383],[12.520532588,42.0223799170001],[12.520526428,42.02281057],[12.5205114120001,42.023196848],[12.52020802,42.023924047],[12.5197854150001,42.024451421],[12.519331697,42.024962341],[12.5187497480001,42.025505201],[12.5180295430001,42.0260655810001],[12.517047217,42.02669918],[12.515631592,42.0274535710001],[12.514296496,42.0285844570001],[12.513047651,42.029784953],[12.5129881550001,42.029842145],[12.5126943020001,42.030321788],[12.5123731370001,42.0312300460001],[12.5124133210001,42.0320988],[12.512588582,42.0324892030001],[12.512853664,42.0327474260001],[12.513416975,42.032956884],[12.5139867450001,42.033000793],[12.5142549920001,42.0329562250001],[12.514658884,42.03288912],[12.5151312080001,42.032717886],[12.516078308,42.0323123470001],[12.5173666920001,42.031567032],[12.518220909,42.030828091],[12.5187623360001,42.0302401750001],[12.519090588,42.029963239],[12.519372816,42.029918227],[12.5195697730001,42.0298868140001],[12.52026671,42.0299255510001],[12.520936372,42.030121492],[12.5210807620001,42.030223144],[12.5215029070001,42.030520337],[12.5218406600001,42.0310878120001],[12.5219149910001,42.031625929],[12.5218612310001,42.031909005],[12.5218351550001,42.032046311],[12.521375575,42.0332514190001],[12.5207553710001,42.0342321360001],[12.520339872,42.034575042],[12.5187812450001,42.0360088510001],[12.5174637420001,42.037499929],[12.516956554,42.0382937150001],[12.5167370300001,42.039038498],[12.5167420830001,42.0391512510001],[12.516759719,42.0395448900001],[12.5167709990001,42.0397966580001],[12.5170117330001,42.0404093860001],[12.5171061080001,42.040542314],[12.5173895930001,42.0409416040001],[12.5174321480001,42.041001545],[12.5180464150001,42.041535567],[12.5181094340001,42.0415737820001],[12.518653988,42.0419039860001],[12.519152833,42.042206469],[12.520716179,42.0428320070001],[12.5213267930001,42.04304033],[12.52324937,42.043696228],[12.52547157,42.0442570280001],[12.527764862,42.044732529],[12.5300470490001,42.0451130660001],[12.5308681180001,42.0452611100001],[12.5322334700001,42.0455072780001],[12.5336845090001,42.0458555320001],[12.533692306,42.045857404],[12.5339776440001,42.0459900700001],[12.53449296,42.046229659],[12.5347689700001,42.0464264130001],[12.5356570020001,42.047059436],[12.536249717,42.047608677],[12.537305331,42.048780107],[12.537862433,42.0492078440001],[12.5384259300001,42.0496404830001],[12.5392033740001,42.0500674360001],[12.5396117660001,42.050210324],[12.5403134330001,42.0504068390001],[12.5408199390001,42.050370641],[12.5410777270001,42.0503522170001],[12.541575073,42.050082789],[12.542159074,42.049487785],[12.5426165100001,42.048606034],[12.543069616,42.047561656],[12.543434872,42.046599029],[12.5438402390001,42.0459686310001],[12.5442669980001,42.045606945],[12.545034322,42.0451973180001],[12.5456367620001,42.044973514],[12.546129039,42.044834139],[12.5468348380001,42.044722784],[12.547262787,42.044690449],[12.548263456,42.0446497820001],[12.549386526,42.04467378],[12.5506308080001,42.044793446],[12.5519071630001,42.0451620210001],[12.5528032180001,42.0456776190001],[12.5536493600001,42.0464093530001],[12.554333892,42.047013517],[12.5553309970001,42.0481518450001],[12.5561225220001,42.049223725],[12.5563519,42.049756119],[12.556452915,42.0503788670001],[12.556381592,42.051153093],[12.555845527,42.052103597],[12.5549849670001,42.052829971],[12.553462343,42.053449132],[12.551491605,42.0538104680001],[12.549821595,42.053929956],[12.5479043600001,42.0539820760001],[12.5443159060001,42.0541845760001],[12.5427694860001,42.0543376370001],[12.541469079,42.0545890390001],[12.5406143110001,42.055160281],[12.539974721,42.055549953],[12.539485966,42.0563462430001],[12.5394668050001,42.0568423080001],[12.5394368660001,42.05761741],[12.539497404,42.0577326640001],[12.5396624850001,42.058464181],[12.5403457900001,42.0598240520001],[12.5410641730001,42.0607679080001],[12.541765562,42.0620115030001],[12.5422941000001,42.062700842],[12.542616007,42.0633081920001],[12.5429707490001,42.064059209],[12.543341361,42.064896344],[12.5434546160001,42.065442036],[12.543646209,42.065946517],[12.5437916010001,42.0665296120001],[12.543893672,42.0674837810001],[12.543935306,42.068075348],[12.5439552340001,42.0683585020001],[12.543974688,42.0692268000001],[12.5441694190001,42.070080703],[12.544293284,42.070438397],[12.544420319,42.0706689900001],[12.5445598220001,42.0711128130001],[12.544790333,42.071603828],[12.5450206240001,42.0718517980001],[12.5452736190001,42.0722575140001],[12.5456093650001,42.0725077390001],[12.545979055,42.072873062],[12.546451769,42.0730547320001],[12.5471217200001,42.073097655],[12.547432268,42.0730906970001],[12.5475256450001,42.073119088],[12.547564148,42.073087742],[12.547740947,42.072943804],[12.5485371250001,42.072965262],[12.55119605,42.073030937],[12.551533598,42.073082523],[12.5518682470001,42.073209493],[12.5521802700001,42.0734602430001],[12.5527350300001,42.073904789],[12.55389446,42.074859733],[12.554476875,42.075360334],[12.5551201820001,42.075826727],[12.555817919,42.0762720870001],[12.55652638,42.0766710720001],[12.557157814,42.0769818690001],[12.55793313,42.077269099],[12.5587455250001,42.077521609],[12.55966728,42.0777187460001],[12.5604171000001,42.077801267],[12.561436642,42.0777785670001],[12.562330396,42.0776182700001],[12.562776807,42.077472426],[12.5630119910001,42.077242207],[12.563231693,42.0769495280001],[12.563366522,42.076539655],[12.5634873010001,42.0758742990001],[12.5634219730001,42.0755578100001],[12.5632184300001,42.074650348]]]},"properties":{"OBJECTID":3,"municipio":"Municipio_III","zone_urb":"Montesacro,Val Melaina,Monte Sacro Alto,Fidene,Serpentara,Casal Boccone,Conca d'Oro,Sacco Pastore,Tufello,Aeroporto dell'Urbe,Settebagni,Bufalotta,Tor San Giovanni","rione":" -","quartiere":"Monte Sacro,Trieste (parte),Monte Sacro Alto","sub_urbio":" -","zone_agro":"Val Melaina,Castel Giubileo,Marcigliana,Casal Boccone,Tor San Giovanni","borgate":"Prato Rotondo, Fidene","ex_mun":"4","etichetta":"III (Ex IV)","municipio_join":"Municipio III","etichetta_2":"III","Shape__Area":177878205.11621094,"Shape__Length":80509.444758655125}},{"type":"Feature","id":4,"geometry":{"type":"Polygon","coordinates":[[[12.635427516,41.95729334],[12.636970053,41.957282675],[12.6376260710001,41.95731033],[12.638315963,41.957447136],[12.6389563970001,41.957554628],[12.639699256,41.957711378],[12.64070256,41.9574019190001],[12.641629688,41.957444555],[12.643300288,41.9575590420001],[12.643483883,41.957548667],[12.643811339,41.9572347280001],[12.643525579,41.955560479],[12.6434349350001,41.9551059180001],[12.6432207020001,41.9538910210001],[12.64316626,41.953654122],[12.6426342680001,41.953176349],[12.642176417,41.9527439510001],[12.6420333770001,41.952340184],[12.642171498,41.9521921240001],[12.6423413530001,41.952039998],[12.642916241,41.9518679],[12.6430412120001,41.951733714],[12.643188594,41.9515056760001],[12.6432940650001,41.950529352],[12.6435178850001,41.9502840210001],[12.6434969790001,41.9501657010001],[12.6431609040001,41.9495146460001],[12.6429981740001,41.948959577],[12.6431152640001,41.948867669],[12.643515876,41.9487957320001],[12.645074956,41.948827737],[12.6458195600001,41.9488147220001],[12.6459543670001,41.948756185],[12.64619062,41.948515817],[12.646226139,41.9480657340001],[12.6459729330001,41.947565399],[12.645766585,41.947165054],[12.6454712520001,41.9466082110001],[12.6452922400001,41.946151838],[12.645128975,41.945610908],[12.644990267,41.9450893430001],[12.645047321,41.9440544920001],[12.645089742,41.9435885170001],[12.6452993680001,41.941840493],[12.645312958,41.9418394810001],[12.6462430600001,41.941770257],[12.647049978,41.941640621],[12.6485162230001,41.9414443250001],[12.649117947,41.9414326030001],[12.6499091970001,41.941557269],[12.6507169600001,41.9417482870001],[12.651400681,41.941946193],[12.6520596610001,41.942233182],[12.652782625,41.9424979],[12.654432952,41.942621242],[12.65485577,41.9425968730001],[12.655633638,41.9425703270001],[12.656390846,41.9425905100001],[12.656630512,41.9426001190001],[12.6560797600001,41.9417721240001],[12.6557445290001,41.941095658],[12.6556614300001,41.940778015],[12.6554377530001,41.939643109],[12.6553110740001,41.9391359480001],[12.6549664300001,41.9376830950001],[12.654635049,41.936385654],[12.6545478140001,41.936181101],[12.654536642,41.9356244270001],[12.6546041660001,41.9348161340001],[12.654628626,41.9346657350001],[12.6549221080001,41.9344123720001],[12.654976219,41.934314451],[12.6550703460001,41.9339862790001],[12.655062388,41.933858795],[12.655017345,41.933364618],[12.655400109,41.9329150240001],[12.656006507,41.9318597910001],[12.6561666640001,41.9314528040001],[12.6562135990001,41.9313783110001],[12.6565308450001,41.931337633],[12.6571594700001,41.9314164890001],[12.657807199,41.931491013],[12.658348102,41.9317236850001],[12.659000185,41.932024643],[12.659669717,41.932193915],[12.6598912160001,41.9321984310001],[12.661338277,41.932001579],[12.6632994620001,41.931560534],[12.663413387,41.9315189980001],[12.6651753410001,41.930479693],[12.666393381,41.9297386480001],[12.668178115,41.928678069],[12.668258301,41.9285570920001],[12.6684333530001,41.928258848],[12.6683423900001,41.927809013],[12.667859966,41.927357827],[12.668047916,41.9269295620001],[12.6676235690001,41.9271134620001],[12.667070548,41.927578785],[12.6664147920001,41.928061079],[12.6656263960001,41.9288552020001],[12.6651888280001,41.929303802],[12.664978892,41.9294522550001],[12.6649529960001,41.929470568],[12.6646475860001,41.92944529],[12.6641006520001,41.929043376],[12.6634566990001,41.9284923490001],[12.663370408,41.92841851],[12.6632732410001,41.928389021],[12.6628654620001,41.9282652580001],[12.6622712400001,41.928110186],[12.6620218200001,41.928123096],[12.661874821,41.9281307050001],[12.661674115,41.9283839600001],[12.6613637180001,41.9288446670001],[12.6611357580001,41.9291450210001],[12.6609377980001,41.929161085],[12.6608541210001,41.9291678750001],[12.660772152,41.9289660480001],[12.6608606400001,41.928291132],[12.6610807170001,41.927857179],[12.6612109170001,41.9277598560001],[12.661388323,41.9276272440001],[12.661539982,41.92751388],[12.6618243950001,41.9274148330001],[12.6621205180001,41.927344615],[12.662353217,41.927263574],[12.6626900360001,41.9271274650001],[12.663107548,41.926878623],[12.66431534,41.926308459],[12.665027912,41.926017958],[12.6655881300001,41.925705292],[12.6656743780001,41.92544017],[12.6657214200001,41.9248501880001],[12.665731592,41.9242213310001],[12.66568554,41.923734299],[12.6654961780001,41.922977476],[12.665291536,41.922639718],[12.6649601190001,41.922378345],[12.664534804,41.922042913],[12.6643338860001,41.921953042],[12.663534283,41.9218319220001],[12.6623496660001,41.9217696740001],[12.6603059770001,41.9219957770001],[12.6600943890001,41.9220191840001],[12.6598021200001,41.921984631],[12.659184549,41.9217718780001],[12.65861116,41.9213979940001],[12.6581322750001,41.9208830650001],[12.657507686,41.9201650040001],[12.657268179,41.920083865],[12.655948907,41.9198663010001],[12.6556024110001,41.920127634],[12.6550433200001,41.920549303],[12.654256882,41.921114639],[12.6538838540001,41.9214083140001],[12.65377227,41.9214961600001],[12.653678665,41.9215698520001],[12.6534910510001,41.921813828],[12.653400918,41.9221837050001],[12.653276206,41.922336811],[12.6532405520001,41.922380583],[12.652677333,41.922426252],[12.6526065410001,41.92242236],[12.652263509,41.922403494],[12.6518494490001,41.9223807220001],[12.65150371,41.9223130500001],[12.6514304300001,41.922298707],[12.651196875,41.922252993],[12.650576884,41.922106865],[12.6494644380001,41.92181721],[12.6488161510001,41.921746743],[12.6484927870001,41.9218640240001],[12.647511335,41.922177505],[12.6474170450001,41.922208459],[12.646811149,41.922376054],[12.6457475760001,41.922449553],[12.6450525560001,41.922509082],[12.6450232980001,41.922507727],[12.6446379120001,41.9225760680001],[12.6443506910001,41.9227512680001],[12.6442832380001,41.9228154040001],[12.6440465100001,41.923040493],[12.643764194,41.923082354],[12.643378236,41.922956716],[12.6432225520001,41.9228522490001],[12.642785915,41.922528862],[12.6425196380001,41.922221855],[12.6423900660001,41.9220663950001],[12.6420827160001,41.9216976320001],[12.6420185310001,41.921620622],[12.6416124350001,41.9212119650001],[12.641215797,41.9210518450001],[12.6410402700001,41.9209809860001],[12.641023885,41.9209753380001],[12.641000633,41.920967324],[12.639628858,41.920494466],[12.6394701610001,41.9204800530001],[12.6392218400001,41.9204575],[12.638872438,41.920387723],[12.6386897570001,41.920351241],[12.638497418,41.920375877],[12.637785149,41.9206566870001],[12.637047721,41.920927444],[12.6362199640001,41.92122493],[12.6358059070001,41.921378432],[12.6354548090001,41.9213961250001],[12.6352688970001,41.9214054930001],[12.6350882900001,41.9213586500001],[12.634682895,41.921450373],[12.634044257,41.921637364],[12.633731331,41.921816773],[12.6334375340001,41.921996574],[12.6332016490001,41.9221632730001],[12.633007191,41.922245043],[12.632757988,41.9222542000001],[12.632213291,41.921971322],[12.631857242,41.921763819],[12.6316563410001,41.9215023290001],[12.6313836850001,41.9211106870001],[12.6311657730001,41.920791658],[12.631005778,41.920459527],[12.6307639830001,41.920268676],[12.630496716,41.9202488620001],[12.630263476,41.9203441240001],[12.630067432,41.920468747],[12.6299649150001,41.9206524900001],[12.6299171370001,41.9209088470001],[12.62989219,41.921065598],[12.629672256,41.921318399],[12.6294151180001,41.9215418370001],[12.6291792260001,41.9217085280001],[12.628963518,41.92184704],[12.6287111410001,41.9219419030001],[12.62846088,41.9219796240001],[12.6281176210001,41.921943936],[12.6278152670001,41.921837608],[12.6273551210001,41.921856689],[12.626951299,41.921905527],[12.6266994480001,41.9219861010001],[12.6265814980001,41.922069443],[12.6265368840001,41.922240082],[12.6263945060001,41.922465888],[12.6261793210001,41.9225901090001],[12.625820138,41.922725648],[12.6252037720001,41.92282727],[12.62449335,41.922884052],[12.6240905820001,41.9229043080001],[12.623222851,41.922557512],[12.6225883880001,41.9221154640001],[12.6222371480001,41.921779358],[12.6219119410001,41.921257933],[12.621622342,41.9208087280001],[12.6212753610001,41.9203583340001],[12.6210612190001,41.919939286],[12.62105324,41.919638886],[12.621150454,41.919083323],[12.6211998590001,41.918784112],[12.6210834930001,41.918567247],[12.6208396120001,41.9184335200001],[12.620528791,41.9185557480001],[12.6201765280001,41.9187628970001],[12.619689839,41.918981553],[12.6194183310001,41.9190760000001],[12.619072438,41.9191117140001],[12.618667567,41.919189096],[12.6184300620001,41.91939862],[12.618399772,41.919698226],[12.61842188,41.9200023710001],[12.6185602030001,41.9202292250001],[12.6187484710001,41.92048571],[12.6193942250001,41.9211377],[12.619892275,41.921472093],[12.620160608,41.921634924],[12.6204195550001,41.9218785740001],[12.620514493,41.9220711670001],[12.6204383360001,41.922231619],[12.620317191,41.9224006700001],[12.6199627820001,41.922664962],[12.619668942,41.9228447260001],[12.6191129650001,41.923038115],[12.6186868140001,41.923086461],[12.6185019010001,41.9230826240001],[12.6179992360001,41.923043598],[12.617378613,41.922916339],[12.617057677,41.9227953000001],[12.6167287700001,41.9227169870001],[12.616539603,41.9228274330001],[12.616481568,41.922959475],[12.6160347690001,41.9228399020001],[12.61442923,41.922258492],[12.613440069,41.9218328480001],[12.6123008440001,41.921153879],[12.6113737050001,41.9205616130001],[12.611382926,41.92054999],[12.610902589,41.920272568],[12.6104914580001,41.9200207110001],[12.609492431,41.9194086950001],[12.609289597,41.9192844350001],[12.608341056,41.9187100070001],[12.607200576,41.918019321],[12.6063810470001,41.9175229890001],[12.606066125,41.9173613030001],[12.605605875,41.917125001],[12.6054344450001,41.9170495000001],[12.6052191040001,41.91695466],[12.604737191,41.9167424120001],[12.6046806700001,41.916714479],[12.604138972,41.916446772],[12.603710531,41.916235031],[12.6028575920001,41.9158896600001],[12.602252676,41.9156447120001],[12.601948055,41.9155213610001],[12.601238188,41.9152556270001],[12.6005731700001,41.915006675],[12.599980574,41.914819177],[12.599423808,41.9146430120001],[12.5983189080001,41.914293404],[12.5975190400001,41.9140403050001],[12.5967257400001,41.913799966],[12.5961351710001,41.913621042],[12.595795966,41.913518271],[12.595424135,41.913418431],[12.594903936,41.9132787510001],[12.594323748,41.9131229600001],[12.5940353550001,41.9130568800001],[12.5933117220001,41.912891071],[12.5925729470001,41.912721785],[12.5922242,41.912635204],[12.591232571,41.912389014],[12.589717251,41.9120127890001],[12.589442224,41.911944501],[12.58879741,41.911792118],[12.5881525510001,41.9116397220001],[12.588103599,41.911629642],[12.5876760940001,41.9115416170001],[12.5868383660001,41.9113691210001],[12.586105505,41.9112463960001],[12.585060524,41.9110713960001],[12.5848797580001,41.91103846],[12.584263901,41.9109262440001],[12.583768274,41.910835932],[12.583259184,41.910724314],[12.582312894,41.910516832],[12.582269017,41.91050721],[12.582270436,41.910363251],[12.582334642,41.91018351],[12.58239615,41.910075196],[12.5825294000001,41.909925504],[12.5827861070001,41.909716458],[12.583008637,41.909426867],[12.583065677,41.90931012],[12.5830847170001,41.909143724],[12.583102689,41.908667541],[12.5831866780001,41.90728728],[12.5831525840001,41.9065002350001],[12.5840378520001,41.905017703],[12.5800772800001,41.904314731],[12.574255995,41.9031434770001],[12.5742563110001,41.903141862],[12.5699087670001,41.9022548550001],[12.567157282,41.9018057810001],[12.551201007,41.8986322690001],[12.5465144930001,41.897750618],[12.544311867,41.8973031990001],[12.540967903,41.8966614610001],[12.540959393,41.896673314],[12.537760818,41.896036171],[12.5346748700001,41.8953408630001],[12.530923258,41.894707403],[12.5280887010001,41.8941126390001],[12.5282252600001,41.895202139],[12.5285047190001,41.895894405],[12.5290565240001,41.89680222],[12.529907984,41.8982931210001],[12.530844976,41.8998001530001],[12.5322540500001,41.902218028],[12.5331418660001,41.903638201],[12.533475201,41.9044245420001],[12.5335733640001,41.9051057500001],[12.533524974,41.906279431],[12.533369039,41.9070981460001],[12.5329917340001,41.908224374],[12.5320448800001,41.908223709],[12.5320273240001,41.9082768480001],[12.531913646,41.9085365110001],[12.5317102540001,41.9088478580001],[12.5315483040001,41.909118397],[12.5308186680001,41.9101511320001],[12.5307169160001,41.910101287],[12.5303085360001,41.9099376180001],[12.529901535,41.909738234],[12.5298748750001,41.9098091440001],[12.529612017,41.9102145190001],[12.528845007,41.911284562],[12.528372586,41.9119534860001],[12.5282130690001,41.9123670400001],[12.5281473360001,41.912830269],[12.5281698700001,41.913486025],[12.52813509,41.913973749],[12.5280069250001,41.9148144980001],[12.5278841790001,41.915514779],[12.5277605100001,41.916238868],[12.5276765310001,41.9167612730001],[12.5274130290001,41.9178016430001],[12.527193719,41.9185236710001],[12.5270586950001,41.919128374],[12.526940988,41.9196977080001],[12.5266846600001,41.920964596],[12.526621961,41.921761481],[12.5265784220001,41.922475381],[12.5266422030001,41.922888979],[12.526828719,41.9234291270001],[12.5269382990001,41.9238961340001],[12.527903124,41.9257635870001],[12.527943587,41.925955082],[12.5280399050001,41.9263527000001],[12.528516741,41.926398713],[12.528578055,41.926876591],[12.5286151550001,41.927568401],[12.5285552290001,41.928293861],[12.528529184,41.9284443880001],[12.5291328220001,41.928513146],[12.529293809,41.9276492750001],[12.5293510710001,41.927488479],[12.5294582390001,41.927357349],[12.5296389820001,41.927304053],[12.5298550410001,41.9273277670001],[12.530080545,41.927437464],[12.5304265940001,41.927730846],[12.530710352,41.927984764],[12.53099301,41.928267249],[12.5312414530001,41.9284441550001],[12.53156862,41.9285655670001],[12.531858265,41.928667109],[12.5325049900001,41.9287763290001],[12.5330008870001,41.9288251150001],[12.5342026020001,41.928774693],[12.534882177,41.928693982],[12.535513306,41.9285455090001],[12.5357202870001,41.9284737040001],[12.5361510330001,41.9282256110001],[12.5366506720001,41.92784556],[12.5370453510001,41.9275395020001],[12.537882412,41.927014188],[12.538860103,41.9264823510001],[12.539454409,41.926294941],[12.5399175270001,41.926200027],[12.540414143,41.926229735],[12.5411457380001,41.9264550980001],[12.5418598310001,41.9268039890001],[12.5424223630001,41.927111503],[12.54293389,41.927417924],[12.543066492,41.9276209170001],[12.5435386290001,41.9282886770001],[12.5436810630001,41.92856813],[12.5437185490001,41.9289215860001],[12.543697755,41.929130827],[12.5434062480001,41.9297422060001],[12.543042531,41.9302395720001],[12.5426584210001,41.930603064],[12.5421351150001,41.930934979],[12.5415261900001,41.9311697460001],[12.540649436,41.931398769],[12.5402646320001,41.9314477080001],[12.539681568,41.931673489],[12.539344902,41.9319893680001],[12.5392445850001,41.9320834910001],[12.5389992680001,41.93248807],[12.539003231,41.932716903],[12.5391183880001,41.9330415270001],[12.539347161,41.9333990860001],[12.539653925,41.9337201920001],[12.5399713080001,41.9337651210001],[12.5399793030001,41.933889197],[12.540150537,41.9340834920001],[12.5402995580001,41.934191529],[12.540400493,41.9342222860001],[12.5407123910001,41.934410062],[12.540771475,41.934533328],[12.540843184,41.9349923600001],[12.540496621,41.935042121],[12.540597688,41.936397712],[12.5409551820001,41.9363958430001],[12.5409893610001,41.936835009],[12.5409827720001,41.9370064280001],[12.541051612,41.937208059],[12.541133576,41.937400438],[12.5412421450001,41.937564794],[12.541283402,41.9378004800001],[12.5418703510001,41.937744267],[12.542459018,41.937685392],[12.543347034,41.9375703740001],[12.5437792230001,41.9375349480001],[12.5440697980001,41.937499469],[12.5442688630001,41.9375096850001],[12.544509831,41.9375714330001],[12.5446503520001,41.9376518810001],[12.5448946700001,41.937809106],[12.5452251350001,41.938033605],[12.545330356,41.9380984050001],[12.546056605,41.93856071],[12.5466196240001,41.9388586850001],[12.546892391,41.938986039],[12.547373427,41.9391750300001],[12.5477798520001,41.939312387],[12.547922253,41.939344023],[12.548435828,41.9394336290001],[12.548796888,41.939505677],[12.549138543,41.939584459],[12.5500823300001,41.939940586],[12.550624746,41.94015232],[12.5510202510001,41.9403251740001],[12.55126324,41.9404804750001],[12.5513651910001,41.9405684320001],[12.551539028,41.940779444],[12.5530154420001,41.9413542130001],[12.565811248,41.946473359],[12.5658068170001,41.9464790690001],[12.565851031,41.9464970550001],[12.5663498390001,41.946699971],[12.566344717,41.946701718],[12.566801264,41.946866281],[12.567918497,41.9472831270001],[12.568388283,41.947519448],[12.568838256,41.9478512960001],[12.5688649840001,41.9478766710001],[12.56946335,41.9486263960001],[12.5699483080001,41.949303849],[12.570250054,41.94976297],[12.570321318,41.9498750070001],[12.5703510970001,41.9499269980001],[12.5704666090001,41.950142133],[12.5706117020001,41.950392519],[12.5708434790001,41.950803023],[12.571155923,41.9512762370001],[12.571468566,41.95176759],[12.571804334,41.9522317340001],[12.57186754,41.952312213],[12.5720462670001,41.952493631],[12.5720991330001,41.9525542330001],[12.57218275,41.9526321700001],[12.5721993170001,41.952648985],[12.572369619,41.952817466],[12.5724955900001,41.952923754],[12.5725307500001,41.952956526],[12.572568619,41.952985373],[12.5726221640001,41.9530305530001],[12.5726678340001,41.953060953],[12.5729650860001,41.953287391],[12.5734636670001,41.9536076980001],[12.574041542,41.9539415940001],[12.5746052820001,41.9542275320001],[12.575150821,41.9545726530001],[12.5758761590001,41.9550168810001],[12.576531996,41.955400066],[12.577172794,41.955759104],[12.577733408,41.9561283580001],[12.578351893,41.9564869170001],[12.578603526,41.956610987],[12.578733582,41.9566876970001],[12.578849701,41.9567478540001],[12.579270148,41.956961171],[12.57950515,41.9570551620001],[12.58009801,41.957265518],[12.580595881,41.957423556],[12.580669819,41.9574474610001],[12.580939496,41.9575602540001],[12.581139342,41.9576342290001],[12.581505588,41.95775481],[12.5818690290001,41.957874464],[12.5818978570001,41.957883955],[12.582232096,41.957977085],[12.5825028680001,41.958052529],[12.582878629,41.9581432840001],[12.583411658,41.958272019],[12.5835234080001,41.9582743720001],[12.5839360590001,41.9584244710001],[12.583968381,41.958436227],[12.5842655210001,41.9585269140001],[12.5846538860001,41.9586454400001],[12.5853590130001,41.9588542350001],[12.5854834150001,41.958891071],[12.586037392,41.959061389],[12.586338395,41.959153928],[12.5870157300001,41.959354063],[12.587717313,41.959561357],[12.588240324,41.959772689],[12.589053963,41.960101448],[12.5896931030001,41.96038307],[12.589856345,41.960454998],[12.5902006420001,41.960618055],[12.5907556720001,41.960876553],[12.5910140120001,41.96099687],[12.5911230840001,41.9610471840001],[12.5918251740001,41.96137105],[12.592308313,41.9615939110001],[12.5924933370001,41.961680524],[12.5932168910001,41.9620192310001],[12.593848732,41.962322972],[12.5940884400001,41.962438203],[12.5947132910001,41.9628742570001],[12.5951695110001,41.9632638950001],[12.595263066,41.963343797],[12.595585054,41.963629935],[12.596125617,41.9641103050001],[12.596157783,41.964138888],[12.5966594500001,41.964594253],[12.5971744820001,41.965061742],[12.5976375160001,41.96550854],[12.597663798,41.9655339],[12.5977014530001,41.9655587990001],[12.597961003,41.9657304150001],[12.598016687,41.9657672330001],[12.5984986330001,41.966038885],[12.5989543160001,41.966283354],[12.599426957,41.966536917],[12.599660436,41.966664376],[12.600179597,41.9669477890001],[12.6004462870001,41.967085963],[12.6010760720001,41.9674122530001],[12.601382879,41.967571207],[12.6019080840001,41.9678543300001],[12.60235421,41.96809482],[12.602435416,41.968138594],[12.6025362770001,41.9681647020001],[12.602996712,41.9682838840001],[12.6032372450001,41.968350316],[12.603796688,41.968504825],[12.6039048800001,41.968534705],[12.6039340670001,41.968542766],[12.6045541720001,41.968680077],[12.604627798,41.96869638],[12.60529238,41.9688716430001],[12.605403817,41.968901359],[12.6064811270001,41.969188618],[12.606939476,41.969298264],[12.607220236,41.969365425],[12.6073434520001,41.969389952],[12.607719882,41.969464886],[12.6079032640001,41.969505422],[12.6084900990001,41.969635134],[12.60852606,41.9696430820001],[12.6090614390001,41.9697874930001],[12.6093086440001,41.9698541710001],[12.6096412950001,41.969933069],[12.60995173,41.9700066980001],[12.609973439,41.970013416],[12.610202381,41.9700842660001],[12.6103668430001,41.9701384030001],[12.610655175,41.9702333130001],[12.6106575310001,41.970234087],[12.6109243220001,41.970321907],[12.6113187610001,41.970466684],[12.6114102550001,41.9705002630001],[12.612589712,41.9709285710001],[12.6136679730001,41.9713282500001],[12.614445819,41.971566055],[12.614793274,41.9715685630001],[12.6150683000001,41.971479969],[12.6156152040001,41.971217831],[12.6159402280001,41.970974659],[12.6162357900001,41.9706742860001],[12.6167728880001,41.9699969660001],[12.617094072,41.9696023390001],[12.6172133480001,41.969453918],[12.617580973,41.969254065],[12.6179926190001,41.969059842],[12.618542211,41.968724653],[12.618756892,41.9685593470001],[12.6193658560001,41.967817488],[12.619880202,41.967155715],[12.6202055430001,41.966733344],[12.6203418220001,41.966297619],[12.620229362,41.9655846480001],[12.6201092420001,41.964738063],[12.6199783550001,41.9640110340001],[12.619978534,41.9638365600001],[12.6200762300001,41.9630793750001],[12.6201128130001,41.9629452680001],[12.6203681580001,41.9625355910001],[12.6208744510001,41.9621735580001],[12.6212409730001,41.9620019640001],[12.6216985090001,41.9619312820001],[12.6221669180001,41.961907981],[12.622485666,41.9618485680001],[12.622851828,41.961686392],[12.6230352600001,41.961510999],[12.623220088,41.96129791],[12.6233283870001,41.9611039850001],[12.6236254450001,41.960761182],[12.623806416,41.9606517560001],[12.6252478690001,41.959945963],[12.6264098500001,41.959415451],[12.627368329,41.9589542800001],[12.6275938310001,41.958836337],[12.62886604,41.958603275],[12.631762167,41.958039209],[12.634454674,41.957461913],[12.63515519,41.9573113060001],[12.635427516,41.95729334]]]},"properties":{"OBJECTID":4,"municipio":"Municipio_IV","zone_urb":"Casal Bertone,Casal Bruciato,Tiburtino Nord,Tiburtino Sud,San Basilio,Tor Cervara,Pietralata,Casal de' Pazzi,Sant'Alessandrino,Settecamini","rione":" -","quartiere":"Tiburtino (parte),Pietralata,Collatino (parte),Ponte Mammolo,San Basilio","sub_urbio":" -","zone_agro":"Settecamini,Tor Cervara (parte),Tor Sapienza (parte),Acqua Vergine (parte)","borgate":" -","ex_mun":"5","etichetta":"IV (Ex V)","municipio_join":"Municipio IV","etichetta_2":"IV","Shape__Area":88988635.079101563,"Shape__Length":53584.666672261454}},{"type":"Feature","id":5,"geometry":{"type":"Polygon","coordinates":[[[12.615385697,41.899467831],[12.615302641,41.89640116],[12.615301016,41.8963678930001],[12.615161485,41.8935102500001],[12.615186651,41.8932782790001],[12.615153863,41.8923759130001],[12.615068916,41.8916593020001],[12.615004336,41.8908239720001],[12.614857436,41.890058417],[12.614647695,41.8892677260001],[12.614403436,41.8885478030001],[12.614037045,41.887682371],[12.6129778000001,41.8857278770001],[12.6118902160001,41.883679854],[12.610990804,41.882145662],[12.6099869350001,41.8804210430001],[12.6089438540001,41.8784668480001],[12.6075888610001,41.87611536],[12.6072554740001,41.875531761],[12.6065775270001,41.8754529130001],[12.605559864,41.875384032],[12.60432809,41.8753285440001],[12.603525549,41.8753046420001],[12.602193889,41.875362613],[12.600560607,41.875557234],[12.5997181720001,41.8754293750001],[12.598730641,41.875237156],[12.5936853210001,41.8744607300001],[12.5924559060001,41.873536625],[12.5917955090001,41.87329402],[12.591284268,41.873154621],[12.590788924,41.8731013340001],[12.5896574610001,41.873177658],[12.589632888,41.871032601],[12.588830549,41.8694788280001],[12.5881070090001,41.8681214750001],[12.58765873,41.8682916590001],[12.5875397950001,41.868289137],[12.587205102,41.8684312130001],[12.587201432,41.8684327720001],[12.586405922,41.868770458],[12.5862151110001,41.8688259560001],[12.5853744990001,41.8690704470001],[12.584614722,41.869352314],[12.583256663,41.869859864],[12.581931787,41.870332354],[12.5797537550001,41.871025124],[12.579313827,41.8712779570001],[12.5788433920001,41.871494403],[12.578518998,41.871642444],[12.578425899,41.871670292],[12.5780353270001,41.871787122],[12.5773760010001,41.871940006],[12.5764848220001,41.8721118180001],[12.5753772640001,41.8723147960001],[12.5745222910001,41.87258267],[12.5734066100001,41.87299991],[12.5726976760001,41.8731993750001],[12.571667925,41.873451618],[12.569747234,41.873952806],[12.568599256,41.8719917110001],[12.568411484,41.871058433],[12.5680927330001,41.8694599570001],[12.567738908,41.8676939390001],[12.5676823590001,41.866663362],[12.5677819220001,41.865719206],[12.567893499,41.8651306300001],[12.5683386470001,41.8638152130001],[12.5690924260001,41.862430079],[12.568813227,41.862395572],[12.5673208320001,41.862411609],[12.5637969200001,41.863042186],[12.5615057850001,41.8634415070001],[12.557568078,41.8645235210001],[12.5575179680001,41.8645194210001],[12.554899236,41.8652152990001],[12.554380397,41.8654044020001],[12.553607931,41.8657517620001],[12.549860182,41.8672683120001],[12.549587613,41.8668931560001],[12.549856065,41.8661244720001],[12.5485647100001,41.866132641],[12.5481556510001,41.865158863],[12.5472247110001,41.86407862],[12.545067945,41.8646282170001],[12.543951345,41.8646519860001],[12.543955118,41.864642023],[12.5429388900001,41.8664088520001],[12.54010908,41.871620218],[12.537659392,41.876053336],[12.5355966380001,41.8795356250001],[12.5349473900001,41.8806654320001],[12.5344270260001,41.8813452690001],[12.533832499,41.881880542],[12.5314579880001,41.88351857],[12.528591765,41.885494188],[12.5277939150001,41.8860488780001],[12.526427847,41.886792665],[12.5226913600001,41.8888193860001],[12.5226718220001,41.888795315],[12.5166909710001,41.8919406520001],[12.5143079220001,41.89301028],[12.5145821840001,41.8933087200001],[12.5145894350001,41.89331661],[12.514589189,41.893317021],[12.5146689630001,41.893411557],[12.51538191,41.8929810920001],[12.51597266,41.8927555990001],[12.5165239030001,41.892603116],[12.517461229,41.8924863830001],[12.518497499,41.892490923],[12.519800697,41.892602491],[12.521864496,41.8928376960001],[12.524267781,41.8933661240001],[12.5280887010001,41.8941126390001],[12.530923258,41.894707403],[12.5346748700001,41.8953408630001],[12.537760818,41.896036171],[12.540959393,41.896673314],[12.540967903,41.8966614610001],[12.544311867,41.8973031990001],[12.5465144930001,41.897750618],[12.551201007,41.8986322690001],[12.567157282,41.9018057810001],[12.5699087670001,41.9022548550001],[12.5742563110001,41.903141862],[12.574255995,41.9031434770001],[12.5800772800001,41.904314731],[12.5840378520001,41.905017703],[12.5831525840001,41.9065002350001],[12.5831866780001,41.90728728],[12.583102689,41.908667541],[12.5830847170001,41.909143724],[12.583065677,41.90931012],[12.583008637,41.909426867],[12.5827861070001,41.909716458],[12.5825294000001,41.909925504],[12.58239615,41.910075196],[12.582334642,41.91018351],[12.582270436,41.910363251],[12.582269017,41.91050721],[12.582312894,41.910516832],[12.583259184,41.910724314],[12.583768274,41.910835932],[12.584263901,41.9109262440001],[12.5848797580001,41.91103846],[12.585060524,41.9110713960001],[12.586105505,41.9112463960001],[12.5868383660001,41.9113691210001],[12.5876760940001,41.9115416170001],[12.588103599,41.911629642],[12.5881525510001,41.9116397220001],[12.58879741,41.911792118],[12.589442224,41.911944501],[12.589717251,41.9120127890001],[12.591232571,41.912389014],[12.5922242,41.912635204],[12.5925729470001,41.912721785],[12.5933117220001,41.912891071],[12.5940353550001,41.9130568800001],[12.594323748,41.9131229600001],[12.594903936,41.9132787510001],[12.595424135,41.913418431],[12.595795966,41.913518271],[12.5961351710001,41.913621042],[12.5967257400001,41.913799966],[12.5975190400001,41.9140403050001],[12.5983189080001,41.914293404],[12.599423808,41.9146430120001],[12.599980574,41.914819177],[12.6005731700001,41.915006675],[12.601238188,41.9152556270001],[12.601948055,41.9155213610001],[12.602252676,41.9156447120001],[12.6028575920001,41.9158896600001],[12.603710531,41.916235031],[12.604138972,41.916446772],[12.6046806700001,41.916714479],[12.604737191,41.9167424120001],[12.6052191040001,41.91695466],[12.6054344450001,41.9170495000001],[12.605605875,41.917125001],[12.606066125,41.9173613030001],[12.6063810470001,41.9175229890001],[12.607200576,41.918019321],[12.608341056,41.9187100070001],[12.609289597,41.9192844350001],[12.609492431,41.9194086950001],[12.6104914580001,41.9200207110001],[12.610902589,41.920272568],[12.611382926,41.92054999],[12.61216247,41.919567304],[12.6133035130001,41.9181848740001],[12.614917774,41.9160759740001],[12.615410807,41.9152855020001],[12.615738171,41.914275176],[12.61581463,41.912999944],[12.6158194970001,41.912091123],[12.615803085,41.9112326810001],[12.6157250840001,41.909215198],[12.615591572,41.907146524],[12.6155403980001,41.9051796370001],[12.615385697,41.899467831]]]},"properties":{"OBJECTID":5,"municipio":"Municipio_V","zone_urb":"Torpignattara,Casilino,Quadraro,Gordiani,Centocelle,Alessandrina,Tor Sapienza,La Rustica,Tor Tre Teste,Casetta Mistica,C.dir.le Centocelle,Omo","rione":" -","quartiere":"Tiburtino (parte),Prenestino-Labicano (parte),Tuscolano (parte),Collatino,Prenestino-Centocelle,Alessandrino,Don Bosco (parte)","sub_urbio":" -","zone_agro":"Tor Cervara (parte),Tor Sapienza (parte),Torre Spaccata (parte)","borgate":"Pigneto, Gordiani","ex_mun":"6-7","etichetta":"V (Ex VI - VII)","municipio_join":"Municipio V","etichetta_2":"V","Shape__Area":48695476.358398438,"Shape__Length":35334.026294259114}},{"type":"Feature","id":6,"geometry":{"type":"Polygon","coordinates":[[[12.7067189850001,41.933749601],[12.7069246670001,41.932907808],[12.707298048,41.9322838200001],[12.708518665,41.932951561],[12.7095211990001,41.9334719670001],[12.7099840120001,41.9334692900001],[12.7102808110001,41.9332011870001],[12.7105591650001,41.9321106410001],[12.7106930580001,41.931712997],[12.712061917,41.931359043],[12.7134430990001,41.930659808],[12.7146655610001,41.9301599360001],[12.715787989,41.93000357],[12.7172460790001,41.9298300410001],[12.717711222,41.93020863],[12.717978255,41.9307739050001],[12.7185998790001,41.931239001],[12.719200657,41.931393912],[12.7201087030001,41.9312094150001],[12.721192635,41.930790119],[12.7219597970001,41.930304956],[12.7229748450001,41.9300272470001],[12.7248450550001,41.9294805440001],[12.725191296,41.9291657260001],[12.7258561130001,41.928416397],[12.7267562540001,41.927778951],[12.7271603300001,41.9276320710001],[12.7274628280001,41.927649976],[12.7276142270001,41.927879343],[12.7281035830001,41.928925561],[12.728551462,41.929792245],[12.729327948,41.930391404],[12.7302902860001,41.9311491170001],[12.7309203500001,41.9318287680001],[12.731133342,41.9325716550001],[12.732042173,41.9325896190001],[12.733296641,41.9332101100001],[12.734421626,41.9334324820001],[12.735507549,41.933406258],[12.7366690420001,41.933047918],[12.739205236,41.9312631280001],[12.7402282190001,41.930759053],[12.741275509,41.930469901],[12.742171313,41.9304041290001],[12.74279103,41.93047589],[12.743279837,41.9306403860001],[12.7439780180001,41.9307494270001],[12.7453493730001,41.930092503],[12.746628217,41.929116831],[12.7474555750001,41.928275252],[12.7496338730001,41.9271265690001],[12.750686041,41.926241718],[12.751416815,41.925422046],[12.7528462540001,41.923786824],[12.7534619690001,41.9226074600001],[12.753712567,41.9218307950001],[12.7539190480001,41.922053771],[12.754438663,41.922521444],[12.754954277,41.923103412],[12.7557828010001,41.9242252510001],[12.7563970690001,41.9252704590001],[12.7609761520001,41.9264464560001],[12.761315767,41.92622433],[12.7618064340001,41.926062335],[12.762148042,41.9257830570001],[12.7622150440001,41.9253268580001],[12.7625029660001,41.9251227820001],[12.7628379060001,41.925033998],[12.763164858,41.9251738090001],[12.76336094,41.925406384],[12.763321451,41.9258059310001],[12.7625164310001,41.927658382],[12.7638784260001,41.927398987],[12.764567411,41.928136791],[12.7670642160001,41.926812882],[12.7685582510001,41.927890388],[12.769737299,41.928485188],[12.771872499,41.9294797960001],[12.772125306,41.9288175090001],[12.772898249,41.9278793760001],[12.7741631390001,41.9267410890001],[12.7757327690001,41.925646821],[12.776977055,41.9250990460001],[12.779338019,41.92400099],[12.7814104710001,41.9234920640001],[12.7843140150001,41.922938147],[12.7856633120001,41.923040439],[12.7867359750001,41.923023003],[12.7882501780001,41.922785315],[12.7894877260001,41.922427902],[12.791600417,41.921858566],[12.7934436510001,41.920959944],[12.795293315,41.9206142350001],[12.797708055,41.9201649620001],[12.798881389,41.92018747],[12.799531514,41.919837745],[12.8013660780001,41.919186643],[12.8019063020001,41.9190635510001],[12.8036633300001,41.9188112460001],[12.8043618140001,41.918538669],[12.805161667,41.918287088],[12.806328396,41.9177565730001],[12.807169457,41.917791708],[12.8074053500001,41.915375242],[12.807061139,41.9127570640001],[12.806621142,41.909210602],[12.8048274400001,41.9094241270001],[12.799553519,41.9099140870001],[12.799561398,41.9089420350001],[12.7988839830001,41.90786153],[12.7982418770001,41.907239205],[12.7973545450001,41.907069678],[12.797110662,41.9067409300001],[12.796772638,41.906181621],[12.7960540660001,41.9055578160001],[12.7959906720001,41.9051753420001],[12.7982623250001,41.903674854],[12.8006273720001,41.902423926],[12.8009614910001,41.902354076],[12.801376034,41.902171389],[12.8018454960001,41.901875375],[12.80251438,41.9017166180001],[12.8037717170001,41.90151193],[12.805992826,41.9014781560001],[12.8067584780001,41.9014737250001],[12.807398586,41.9014097030001],[12.8079903,41.901268502],[12.8088627920001,41.900751402],[12.809671522,41.900233078],[12.810483494,41.8996194960001],[12.811555647,41.8988583660001],[12.812054442,41.898448494],[12.812546076,41.8982481720001],[12.8128775590001,41.8982544890001],[12.813407834,41.8984170950001],[12.8137341190001,41.898575812],[12.8141166030001,41.898583097],[12.814477488,41.8984755920001],[12.814740274,41.8982518400001],[12.8147487210001,41.898004185],[12.814796442,41.8973531440001],[12.8152507030001,41.89675178],[12.8161848730001,41.8962929850001],[12.8173869880001,41.8954580220001],[12.819432867,41.893819374],[12.8205238350001,41.893249145],[12.822232781,41.893262518],[12.823481224,41.892561808],[12.8259928960001,41.8907221810001],[12.827097623,41.8904952820001],[12.8281833030001,41.8900773820001],[12.829055324,41.889941374],[12.831136954,41.8902476050001],[12.831952825,41.890263018],[12.8334500030001,41.890500978],[12.833750804,41.8906591570001],[12.8339054530001,41.891367403],[12.834364522,41.892882034],[12.835373465,41.893225134],[12.835984754,41.893255722],[12.8364846380001,41.892807635],[12.837120358,41.8921142890001],[12.837431463,41.891967648],[12.8381243740001,41.8918472600001],[12.8385526770001,41.892007828],[12.8392001760001,41.892477528],[12.8402269330001,41.893049676],[12.8407088110001,41.893134994],[12.8414475910001,41.8931679510001],[12.842725661,41.893096664],[12.843308892,41.8932029380001],[12.843159115,41.8931048100001],[12.8433542660001,41.89261284],[12.8453867210001,41.890592215],[12.844632082,41.8902730410001],[12.843730244,41.889779531],[12.843341541,41.889200342],[12.8432581500001,41.8886459510001],[12.844186882,41.888339328],[12.845426032,41.8879050830001],[12.846420348,41.887923742],[12.8478703800001,41.888046251],[12.8488417620001,41.887988208],[12.849303875,41.8879015520001],[12.850070144,41.886352747],[12.850518563,41.885152555],[12.8493260880001,41.8849586530001],[12.848423645,41.884484231],[12.8472765170001,41.8837002070001],[12.846263283,41.882728054],[12.845546389,41.8820474],[12.845038575,41.881218161],[12.845257884,41.8807647680001],[12.8453694580001,41.880480917],[12.8451222190001,41.880247522],[12.844465186,41.880063619],[12.8437877910001,41.8797268280001],[12.843623445,41.879304356],[12.8438669650001,41.878889546],[12.8448216850001,41.8785643410001],[12.848302173,41.8774629810001],[12.85062384,41.8766867670001],[12.8513153330001,41.875841881],[12.852229198,41.8752108410001],[12.853186373,41.8748093610001],[12.854378045,41.8742597510001],[12.85583224,41.873486278],[12.8559947320001,41.873203367],[12.855957129,41.872802342],[12.85566973,41.872244149],[12.8548904,41.871142998],[12.85382751,41.871656896],[12.851836785,41.872458431],[12.850987343,41.8726903520001],[12.8499135980001,41.8727655600001],[12.848846882,41.8726311990001],[12.8479541200001,41.872633529],[12.8473723450001,41.8724891800001],[12.847076068,41.8721976790001],[12.847692409,41.8720719840001],[12.8492906180001,41.871568175],[12.8494244500001,41.8713800520001],[12.848412572,41.871132335],[12.847920059,41.8706084030001],[12.8475352190001,41.8702961810001],[12.8469095250001,41.8699413140001],[12.8465877740001,41.869649334],[12.846714865,41.867383225],[12.8448046120001,41.8673092510001],[12.84390296,41.8675782650001],[12.841986145,41.8684572700001],[12.840497952,41.8694815600001],[12.840249316,41.8700487720001],[12.839858474,41.871051754],[12.839220434,41.8718213270001],[12.8381548450001,41.8724112800001],[12.83475545,41.873757869],[12.832908359,41.874828665],[12.8308763310001,41.876086566],[12.8297292680001,41.876064885],[12.828816623,41.876276381],[12.826762853,41.877419419],[12.8233440170001,41.8796993820001],[12.82220362,41.880230576],[12.8219344620001,41.880644854],[12.8213777670001,41.881263365],[12.820352481,41.8821589200001],[12.818405312,41.8835325850001],[12.8177567110001,41.885350293],[12.817104445,41.885776338],[12.8156136370001,41.8868536250001],[12.812323328,41.8890785080001],[12.811017339,41.889968627],[12.8109029930001,41.890328642],[12.811007567,41.891001648],[12.8108474320001,41.891208286],[12.8103584520001,41.8913323990001],[12.809874784,41.89204756],[12.8095518980001,41.892537033],[12.808871402,41.893038742],[12.8076561130001,41.8935111710001],[12.806426459,41.8944026950001],[12.805063412,41.8954632200001],[12.804286119,41.8965539980001],[12.802765444,41.89848837],[12.8021979490001,41.8994115840001],[12.801805657,41.899690014],[12.8014512840001,41.899606976],[12.8011394100001,41.8997725660001],[12.8004685810001,41.8999884680001],[12.7999699640001,41.900390669],[12.798885243,41.900770191],[12.798465467,41.901105272],[12.7973728640001,41.9017133830001],[12.796325344,41.9024939130001],[12.7955531260001,41.902688776],[12.7952909110001,41.9028934310001],[12.7948671670001,41.903342798],[12.793844521,41.903399398],[12.793459388,41.903468246],[12.792856467,41.9039332230001],[12.7923170120001,41.904037225],[12.7915134670001,41.9036595740001],[12.790749106,41.903625801],[12.7900226030001,41.9039740090001],[12.7889564270001,41.904552047],[12.787405316,41.905132166],[12.7859634270001,41.90550468],[12.785181262,41.905985222],[12.7841925700001,41.906534209],[12.7837922480001,41.9070411760001],[12.783399832,41.9073195400001],[12.7820009590001,41.9079215880001],[12.7815502660001,41.908408509],[12.7806136990001,41.9089241610001],[12.779174069,41.909963829],[12.7780000000001,41.910703616],[12.777365445,41.9113394620001],[12.776530155,41.911876105],[12.7755863420001,41.9114956240001],[12.769539846,41.909243253],[12.7627688100001,41.9064525040001],[12.75701214,41.9041479360001],[12.7500899400001,41.901438983],[12.742633391,41.8985237140001],[12.741475946,41.8978814050001],[12.740659839,41.8984133980001],[12.7401985110001,41.8988332270001],[12.739365633,41.898935968],[12.7383457220001,41.898915875],[12.7375371430001,41.899233538],[12.736850158,41.8997203910001],[12.7358588490001,41.8988906750001],[12.7358749420001,41.8975327730001],[12.7365997630001,41.895974392],[12.7367558450001,41.895167304],[12.7369446320001,41.8943370310001],[12.7369580880001,41.8939560410001],[12.73675939,41.893261099],[12.73519723,41.8923438680001],[12.7331930010001,41.891303511],[12.733038854,41.890252015],[12.7319757290001,41.8887536500001],[12.7300286490001,41.887904994],[12.728325786,41.8864654270001],[12.726786093,41.8867208870001],[12.7258594470001,41.8867740160001],[12.724427173,41.8866979740001],[12.723160153,41.8864583920001],[12.7221145090001,41.8862708470001],[12.720968194,41.8862242640001],[12.7197719010001,41.8875825540001],[12.7154066310001,41.886590272],[12.715362881,41.886922999],[12.7117664990001,41.8880666090001],[12.7070586620001,41.889521506],[12.70473696,41.890237611],[12.7047588200001,41.8887368600001],[12.702370262,41.8890941540001],[12.701087058,41.8893067440001],[12.700219824,41.8894799980001],[12.6995067890001,41.889799307],[12.697391861,41.890612042],[12.697754119,41.8901153400001],[12.698290232,41.8893061570001],[12.6980824780001,41.889230505],[12.698641368,41.8883195550001],[12.6991463570001,41.88784358],[12.6993475530001,41.8875688200001],[12.699282,41.885930495],[12.6992012050001,41.882584799],[12.6992295530001,41.882328021],[12.7003110200001,41.880446756],[12.7018152810001,41.8779763300001],[12.7028615720001,41.8762716190001],[12.7032098330001,41.875628072],[12.7034887140001,41.875319116],[12.703581131,41.8751422510001],[12.703552775,41.8748657510001],[12.7036909130001,41.873946354],[12.703883347,41.87391446],[12.7039234280001,41.873596438],[12.7040316320001,41.87351282],[12.704141787,41.873107556],[12.704177622,41.872908115],[12.70394824,41.8729035260001],[12.7040807990001,41.8718725000001],[12.704319222,41.871891565],[12.704348983,41.871327426],[12.704514999,41.8706973860001],[12.704519346,41.870575949],[12.7042801600001,41.8705783130001],[12.70430731,41.8700870370001],[12.704499186,41.8692687930001],[12.7047373450001,41.8692950000001],[12.704736639,41.8687802910001],[12.704980124,41.8678558490001],[12.704741203,41.8678510720001],[12.7049572440001,41.866624414],[12.705204694,41.866657955],[12.7053690010001,41.866075059],[12.705421028,41.8656900780001],[12.7053383630001,41.865483501],[12.7055531980001,41.8654207270001],[12.705622442,41.865267225],[12.705931451,41.8650946880001],[12.707721755,41.8640581710001],[12.7088802230001,41.8633068720001],[12.7096118160001,41.8629044730001],[12.710312819,41.862465716],[12.711235937,41.862055212],[12.7116753220001,41.8615778710001],[12.7132847300001,41.8606925450001],[12.7142334870001,41.8600084990001],[12.7151176720001,41.8593469890001],[12.7160295150001,41.8596987330001],[12.7166668950001,41.85992587],[12.7168261570001,41.8599290380001],[12.717042942,41.859659321],[12.7172438000001,41.8593892880001],[12.718096184,41.8596206920001],[12.7183631180001,41.8597332250001],[12.719028367,41.8594009330001],[12.719694878,41.859032918],[12.7200332850001,41.8584796690001],[12.720348992,41.858116597],[12.7205950690001,41.857918941],[12.7206434170001,41.857455245],[12.7209336070001,41.85691295],[12.720976454,41.85660403],[12.7207005170001,41.8558479530001],[12.7209451470001,41.855690775],[12.7214506660001,41.855367211],[12.7217616990001,41.855135099],[12.722262561,41.854942495],[12.722966641,41.854861148],[12.7232902110001,41.8547245950001],[12.723538379,41.8544674030001],[12.723911409,41.8542841710001],[12.724167473,41.854253504],[12.7248469310001,41.853742745],[12.7252832290001,41.853572677],[12.7255511070001,41.853208642],[12.726004593,41.853003169],[12.7263659010001,41.8527005540001],[12.7266337680001,41.852336516],[12.7271982930001,41.852145152],[12.727376834,41.8520533720001],[12.727495569,41.851400437],[12.7276784200001,41.8507368570001],[12.727790837,41.849812151],[12.7288167890001,41.8491890810001],[12.7294986410001,41.8488332250001],[12.729780713,41.8485171190001],[12.730146113,41.848548173],[12.730384545,41.8485648010001],[12.730824161,41.8482994620001],[12.7310881970001,41.848042567],[12.7315219160001,41.847943909],[12.7320628910001,41.8479665130001],[12.73264034,41.8478587760001],[12.7331016970001,41.8478798020001],[12.733597004,41.847841923],[12.7340531990001,41.847557838],[12.734496157,41.847197237],[12.734975579,41.846706296],[12.7350761590001,41.846565309],[12.735030953,41.8460401880001],[12.7352480340001,41.845758527],[12.7356557470001,41.845718913],[12.736183118,41.844771403],[12.7362619250001,41.844344042],[12.736408618,41.843798877],[12.7366847870001,41.843196693],[12.7368356430001,41.8429852090001],[12.736810125,41.842353248],[12.7377139060001,41.8424782910001],[12.7382665650001,41.8426202370001],[12.738281247,41.8422035250001],[12.738168973,41.841772398],[12.73805628,41.841353177],[12.7378900960001,41.839739088],[12.7379450120001,41.8390848830001],[12.738174219,41.8384579410001],[12.7385986680001,41.8377156990001],[12.7396255090001,41.8361537010001],[12.7398949060001,41.8357420030001],[12.7392668910001,41.8354794370001],[12.739317177,41.834956197],[12.739371066,41.8343305650001],[12.7396819360001,41.833645656],[12.7398377870001,41.8332912940001],[12.740012909,41.8328419970001],[12.7403778070001,41.8324321790001],[12.7406153430001,41.832019852],[12.741944631,41.832272376],[12.742418425,41.8314834340001],[12.7424220240001,41.831381041],[12.7419683160001,41.8311457460001],[12.741371338,41.8309076310001],[12.738518883,41.83002939],[12.7360163860001,41.829167512],[12.7355920370001,41.8290042570001],[12.734517543,41.8287566870001],[12.73320512,41.8284805820001],[12.733092379,41.828966843],[12.732891266,41.829248815],[12.7321087830001,41.828852102],[12.7313883,41.828504267],[12.729611811,41.8278376900001],[12.7289365830001,41.8275622200001],[12.729002861,41.8270393020001],[12.726557787,41.8268121950001],[12.725719672,41.8282134],[12.725323609,41.82905147],[12.725265731,41.829336267],[12.7253825390001,41.8296364390001],[12.7257309620001,41.8301437430001],[12.7258310120001,41.8304674120001],[12.725831752,41.8308963420001],[12.7262389040001,41.831095035],[12.726221874,41.831576036],[12.7263688420001,41.8319244620001],[12.7262267310001,41.8323386480001],[12.7260075520001,41.832679823],[12.7254594350001,41.8333123370001],[12.72554947,41.8334690080001],[12.725150104,41.8339495820001],[12.724892744,41.834468712],[12.724846561,41.8348728830001],[12.725056787,41.8352344780001],[12.7251593710001,41.835486711],[12.725165589,41.8357608630001],[12.7249168860001,41.836485091],[12.724446217,41.8371787070001],[12.723804629,41.837749788],[12.723626546,41.837829658],[12.7226076160001,41.8378094500001],[12.7213176110001,41.837795767],[12.719632974,41.8376789170001],[12.718916119,41.8376765900001],[12.7179773240001,41.83853959],[12.716881664,41.8397807210001],[12.716261322,41.840647657],[12.716190436,41.8408487900001],[12.7155690770001,41.840848341],[12.7156087230001,41.8401819310001],[12.7147538190001,41.839581115],[12.7135533360001,41.838842356],[12.7129698730001,41.838449476],[12.712611328,41.8382278760001],[12.7122077720001,41.837481148],[12.7117711110001,41.836769503],[12.7112582520001,41.835961022],[12.7109668050001,41.8356454400001],[12.710840927,41.8351544440001],[12.7106511600001,41.8351149170001],[12.7102124100001,41.834462795],[12.7091220130001,41.8342146700001],[12.7075306990001,41.833718247],[12.7075465780001,41.834612136],[12.7074376470001,41.835432047],[12.7071278930001,41.836521976],[12.706937888,41.8369351810001],[12.706433481,41.837675705],[12.705949504,41.8387359380001],[12.7056261590001,41.839313276],[12.7053272420001,41.8396528160001],[12.7041364790001,41.8404272650001],[12.7028881250001,41.8414745790001],[12.702113394,41.842197759],[12.701540832,41.842703019],[12.7012547090001,41.842550745],[12.7007338120001,41.842147142],[12.7004413380001,41.8419053810001],[12.7003191970001,41.841845746],[12.699948636,41.8420492050001],[12.6997371040001,41.8422165320001],[12.69946062,41.842328943],[12.698777265,41.8429907870001],[12.697253013,41.842642111],[12.6969225020001,41.8425282530001],[12.69684447,41.8423050820001],[12.696872802,41.8420483020001],[12.6969528720001,41.8416817570001],[12.6970990560001,41.8412043070001],[12.697179948,41.840548261],[12.697047734,41.8399701490001],[12.69699703,41.8397846990001],[12.69730471,41.839068866],[12.697354669,41.8386087870001],[12.697411947,41.8384776870001],[12.69800772,41.8379913790001],[12.6985662860001,41.8376094070001],[12.698565736,41.8374914440001],[12.6979380670001,41.8372679780001],[12.69731289,41.8376414620001],[12.696930835,41.8377660460001],[12.6964218730001,41.837830895],[12.6963895170001,41.8385994320001],[12.696363235,41.838799064],[12.6962730340001,41.838915205],[12.696073235,41.8390219990001],[12.695764608,41.8390980120001],[12.695469331,41.8391349780001],[12.695252124,41.83914968],[12.6950160260001,41.8393355680001],[12.69491866,41.839562367],[12.695091071,41.8407953820001],[12.6949487370001,41.8415645680001],[12.694831449,41.841991127],[12.694619102,41.8422251480001],[12.694432228,41.842459681],[12.693726278,41.842950666],[12.69365472,41.8431684510001],[12.693727456,41.8436274200001],[12.692975744,41.8443271720001],[12.692166491,41.844854196],[12.690964406,41.8453161250001],[12.690167806,41.8454907290001],[12.6893388180001,41.8455026400001],[12.689183956,41.845909373],[12.688568225,41.8458397890001],[12.6869770180001,41.8457791450001],[12.6868916660001,41.846025242],[12.6865790530001,41.8458569090001],[12.686133226,41.8458479230001],[12.68572318,41.845553716],[12.685390593,41.8452324740001],[12.6855341130001,41.844787392],[12.685916585,41.844785571],[12.6865503450001,41.844531465],[12.687055007,41.844322412],[12.687733872,41.844231242],[12.6885088080001,41.844304036],[12.6889676550001,41.843951081],[12.6894919000001,41.8435517820001],[12.689775497,41.843109514],[12.6899296610001,41.842721828],[12.690102332,41.841819818],[12.6901744150001,41.840524997],[12.6887850680001,41.8405256280001],[12.6876473290001,41.840264432],[12.687325602,41.8414112520001],[12.6865694950001,41.8432927690001],[12.686265206,41.843601172],[12.685126709,41.843006336],[12.6850544070001,41.842890502],[12.6849655620001,41.8425265170001],[12.684453299,41.8422397750001],[12.684328995,41.841798823],[12.68439655,41.841516149],[12.684722164,41.8409698940001],[12.6847414260001,41.840789187],[12.684404402,41.840591762],[12.6841003650001,41.839479985],[12.6839169620001,41.838932994],[12.6832142110001,41.8388044370001],[12.6822940910001,41.8388716480001],[12.681894974,41.839335394],[12.6818226980001,41.8397485510001],[12.6823112160001,41.841045154],[12.682352026,41.8415034860001],[12.6822492970001,41.8422305650001],[12.682967089,41.8430028000001],[12.6831643630001,41.8433642100001],[12.68335906,41.8437970520001],[12.6838352,41.844378543],[12.6838997680001,41.8447086800001],[12.683671552,41.845204474],[12.6836395560001,41.8455612560001],[12.6837938840001,41.8460533300001],[12.683584769,41.846549509],[12.6832594860001,41.847615228],[12.682920219,41.8480087],[12.6827988700001,41.848192112],[12.6830147480001,41.848568194],[12.682566523,41.849331189],[12.682147184,41.8492941280001],[12.68188846,41.849574847],[12.6814025050001,41.8497937870001],[12.680779692,41.8500957410001],[12.6797632450001,41.8507071330001],[12.678410166,41.85110869],[12.6775218780001,41.851348069],[12.676607233,41.851787067],[12.6759823100001,41.852146142],[12.675483935,41.8521789420001],[12.67489364,41.8521097990001],[12.6737409670001,41.8517290200001],[12.6725609100001,41.8515764270001],[12.672289313,41.8511563050001],[12.6717022120001,41.8504724360001],[12.6703965900001,41.849302182],[12.6691129270001,41.848318221],[12.6686625610001,41.848609313],[12.668451244,41.8491626090001],[12.668215205,41.849343676],[12.6677550640001,41.8493772200001],[12.667486519,41.849400358],[12.667100622,41.8500215880001],[12.6667504490001,41.850186036],[12.6663780480001,41.850435813],[12.666135764,41.850788314],[12.6654730970001,41.851132267],[12.6652375620001,41.851299042],[12.664972001,41.851765443],[12.6642900160001,41.851851649],[12.6631775720001,41.851943385],[12.6622747970001,41.8520536770001],[12.6619246000001,41.8522181100001],[12.6614024240001,41.852379038],[12.6607873090001,41.8524665850001],[12.660533985,41.852608812],[12.65929758,41.8526908360001],[12.657929498,41.8527129710001],[12.656058172,41.852639034],[12.6556701810001,41.8526597050001],[12.654450636,41.8525418620001],[12.653936538,41.8524813170001],[12.6537759460001,41.852427995],[12.6543474760001,41.852225219],[12.6547780400001,41.8519552230001],[12.655122614,41.8516834700001],[12.6556428110001,41.851315223],[12.656308138,41.850899897],[12.657009063,41.850556779],[12.6579050560001,41.850239082],[12.658606122,41.849891668],[12.6590885910001,41.849508337],[12.6596058640001,41.8489570090001],[12.6604351070001,41.84810894],[12.6608538020001,41.84763852],[12.6635593410001,41.844752709],[12.663878352,41.8443931960001],[12.66334319,41.8441249570001],[12.663203276,41.844029177],[12.6627492260001,41.843633912],[12.662085871,41.8429484430001],[12.6642571790001,41.8405507000001],[12.6644472520001,41.840318665],[12.664109082,41.8401545150001],[12.6637691610001,41.839775874],[12.662918341,41.840301847],[12.66209832,41.840506755],[12.661207599,41.840552948],[12.6606873420001,41.840663873],[12.6602375950001,41.8406761540001],[12.6597838590001,41.841060074],[12.6588847090001,41.842385667],[12.6581463410001,41.843495787],[12.6576116250001,41.844264068],[12.657183377,41.8447342810001],[12.656660801,41.845431321],[12.656160814,41.846033027],[12.65589218,41.8463206320001],[12.655535114,41.846935263],[12.655130274,41.847548917],[12.6549706320001,41.8477315170001],[12.654069517,41.8483207310001],[12.6533079070001,41.848885626],[12.652307942,41.84930124],[12.652016104,41.849438241],[12.651192818,41.8502506290001],[12.649900594,41.848594317],[12.6498549180001,41.848536193],[12.650170573,41.848271012],[12.6503875490001,41.8480895910001],[12.6504384560001,41.848004851],[12.6502520930001,41.8478723630001],[12.6504093940001,41.847754057],[12.6506121090001,41.8477010180001],[12.6506450750001,41.847322821],[12.650698071,41.847180934],[12.6510286380001,41.8470304310001],[12.6510892360001,41.8472032350001],[12.651313408,41.8470862980001],[12.651473437,41.846632066],[12.6516241730001,41.846170494],[12.651416093,41.8461090490001],[12.6517462460001,41.8457083380001],[12.651904846,41.845554314],[12.6520259640001,41.8453795080001],[12.652092166,41.845137811],[12.6523596540001,41.845143282],[12.652152213,41.844803058],[12.652060195,41.844443749],[12.6519977670001,41.8443209480001],[12.651907463,41.8441761300001],[12.651919891,41.844097751],[12.651740998,41.8440226060001],[12.651464918,41.843729587],[12.6510922140001,41.8434646150001],[12.651374473,41.843327419],[12.6514344030001,41.8432571590001],[12.651457952,41.843136116],[12.6512244790001,41.8427238730001],[12.6511401920001,41.842414761],[12.650947166,41.8422035040001],[12.6507705130001,41.8423285630001],[12.650648158,41.84227602],[12.650625775,41.842103996],[12.650626157,41.8418323600001],[12.650728218,41.8416557350001],[12.650628107,41.841517864],[12.650374373,41.841398295],[12.6503222860001,41.8412542580001],[12.6505536390001,41.841201804],[12.650712663,41.840774718],[12.650858683,41.840441723],[12.650911149,41.840314124],[12.6506245790001,41.840308259],[12.65063216,41.8401011070001],[12.6505824280001,41.839892782],[12.65046046,41.8395686010001],[12.650512786,41.839183651],[12.650817149,41.8392256230001],[12.650880944,41.839049644],[12.651050388,41.8388601010001],[12.651236322,41.83874238],[12.651315875,41.8386582250001],[12.651322931,41.83846536],[12.6514778540001,41.8384113390001],[12.6514077090001,41.83823834],[12.6518484100001,41.838211612],[12.6520160200001,41.8380720700001],[12.6520506850001,41.8379083620001],[12.6521527350001,41.837731735],[12.6521471020001,41.8376243930001],[12.6523877290001,41.8375792740001],[12.6522090190001,41.837238208],[12.652102347,41.836757074],[12.6520298510001,41.836648363],[12.6518176210001,41.836701211],[12.651603677,41.836539567],[12.651621329,41.8363183230001],[12.651706103,41.836091303],[12.651685808,41.8358621350001],[12.651945794,41.8358102650001],[12.6519122890001,41.8356809050001],[12.6516658900001,41.8353613300001],[12.65167007,41.835247038],[12.6518436810001,41.834943202],[12.651627653,41.834838704],[12.6518641100001,41.834384604],[12.6522210210001,41.834034476],[12.6524184670001,41.8341242970001],[12.652581738,41.8338416930001],[12.652643746,41.8337142870001],[12.652992295,41.83359274],[12.652912078,41.833433832],[12.653385837,41.833286249],[12.653532501,41.8331963150001],[12.653554736,41.833110987],[12.6536455950001,41.8329191180001],[12.6495414770001,41.8343220620001],[12.643971428,41.8363345750001],[12.6375525390001,41.8386748630001],[12.632125892,41.8405586900001],[12.629096845,41.841687592],[12.624736598,41.843265446],[12.6219812850001,41.8442715840001],[12.61921491,41.845283833],[12.6192030240001,41.845288182],[12.6185442400001,41.845522332],[12.6140471420001,41.8471241010001],[12.611566811,41.8480494830001],[12.610218257,41.8485337270001],[12.6077482900001,41.8494773510001],[12.605797866,41.8501610710001],[12.6037447850001,41.850861675],[12.601223115,41.8518193290001],[12.597528622,41.853114577],[12.59727115,41.8532069080001],[12.597271419,41.853207723],[12.592983643,41.8548620720001],[12.5899200000001,41.8558573540001],[12.58591783,41.85721772],[12.585918581,41.857208669],[12.5783548210001,41.8599787960001],[12.5776578800001,41.860167136],[12.5771382200001,41.8604230440001],[12.576907815,41.860557064],[12.574836372,41.862215329],[12.5736314540001,41.8630916020001],[12.572485714,41.8639704660001],[12.571999341,41.8643140290001],[12.571675558,41.8645166690001],[12.571122814,41.8648028270001],[12.570700855,41.865002394],[12.57044574,41.8651101790001],[12.5692958000001,41.865487934],[12.5677632260001,41.865896509],[12.5676823590001,41.866663362],[12.567738908,41.8676939390001],[12.5680927330001,41.8694599570001],[12.568411484,41.871058433],[12.568599256,41.8719917110001],[12.569747234,41.873952806],[12.571667925,41.873451618],[12.5726976760001,41.8731993750001],[12.5734066100001,41.87299991],[12.5745222910001,41.87258267],[12.5753772640001,41.8723147960001],[12.5764848220001,41.8721118180001],[12.5773760010001,41.871940006],[12.5780353270001,41.871787122],[12.578425899,41.871670292],[12.578518998,41.871642444],[12.5788433920001,41.871494403],[12.579313827,41.8712779570001],[12.5797537550001,41.871025124],[12.581931787,41.870332354],[12.583256663,41.869859864],[12.584614722,41.869352314],[12.5853744990001,41.8690704470001],[12.5862151110001,41.8688259560001],[12.586405922,41.868770458],[12.587201432,41.8684327720001],[12.587205102,41.8684312130001],[12.5875397950001,41.868289137],[12.58765873,41.8682916590001],[12.5881070090001,41.8681214750001],[12.588830549,41.8694788280001],[12.589632888,41.871032601],[12.5896574610001,41.873177658],[12.590788924,41.8731013340001],[12.591284268,41.873154621],[12.5917955090001,41.87329402],[12.5924559060001,41.873536625],[12.5936853210001,41.8744607300001],[12.598730641,41.875237156],[12.5997181720001,41.8754293750001],[12.600560607,41.875557234],[12.602193889,41.875362613],[12.603525549,41.8753046420001],[12.60432809,41.8753285440001],[12.605559864,41.875384032],[12.6065775270001,41.8754529130001],[12.6072554740001,41.875531761],[12.6075888610001,41.87611536],[12.6089438540001,41.8784668480001],[12.6099869350001,41.8804210430001],[12.610990804,41.882145662],[12.6118902160001,41.883679854],[12.6129778000001,41.8857278770001],[12.614037045,41.887682371],[12.614403436,41.8885478030001],[12.614647695,41.8892677260001],[12.614857436,41.890058417],[12.615004336,41.8908239720001],[12.615068916,41.8916593020001],[12.615153863,41.8923759130001],[12.615186651,41.8932782790001],[12.615161485,41.8935102500001],[12.615301016,41.8963678930001],[12.615302641,41.89640116],[12.615385697,41.899467831],[12.6155403980001,41.9051796370001],[12.615591572,41.907146524],[12.6157250840001,41.909215198],[12.615803085,41.9112326810001],[12.6158194970001,41.912091123],[12.61581463,41.912999944],[12.615738171,41.914275176],[12.615410807,41.9152855020001],[12.614917774,41.9160759740001],[12.6133035130001,41.9181848740001],[12.61216247,41.919567304],[12.611382926,41.92054999],[12.6113737050001,41.9205616130001],[12.6123008440001,41.921153879],[12.613440069,41.9218328480001],[12.61442923,41.922258492],[12.6160347690001,41.9228399020001],[12.616481568,41.922959475],[12.616539603,41.9228274330001],[12.6167287700001,41.9227169870001],[12.617057677,41.9227953000001],[12.617378613,41.922916339],[12.6179992360001,41.923043598],[12.6185019010001,41.9230826240001],[12.6186868140001,41.923086461],[12.6191129650001,41.923038115],[12.619668942,41.9228447260001],[12.6199627820001,41.922664962],[12.620317191,41.9224006700001],[12.6204383360001,41.922231619],[12.620514493,41.9220711670001],[12.6204195550001,41.9218785740001],[12.620160608,41.921634924],[12.619892275,41.921472093],[12.6193942250001,41.9211377],[12.6187484710001,41.92048571],[12.6185602030001,41.9202292250001],[12.61842188,41.9200023710001],[12.618399772,41.919698226],[12.6184300620001,41.91939862],[12.618667567,41.919189096],[12.619072438,41.9191117140001],[12.6194183310001,41.9190760000001],[12.619689839,41.918981553],[12.6201765280001,41.9187628970001],[12.620528791,41.9185557480001],[12.6208396120001,41.9184335200001],[12.6210834930001,41.918567247],[12.6211998590001,41.918784112],[12.621150454,41.919083323],[12.62105324,41.919638886],[12.6210612190001,41.919939286],[12.6212753610001,41.9203583340001],[12.621622342,41.9208087280001],[12.6219119410001,41.921257933],[12.6222371480001,41.921779358],[12.6225883880001,41.9221154640001],[12.623222851,41.922557512],[12.6240905820001,41.9229043080001],[12.62449335,41.922884052],[12.6252037720001,41.92282727],[12.625820138,41.922725648],[12.6261793210001,41.9225901090001],[12.6263945060001,41.922465888],[12.6265368840001,41.922240082],[12.6265814980001,41.922069443],[12.6266994480001,41.9219861010001],[12.626951299,41.921905527],[12.6273551210001,41.921856689],[12.6278152670001,41.921837608],[12.6281176210001,41.921943936],[12.62846088,41.9219796240001],[12.6287111410001,41.9219419030001],[12.628963518,41.92184704],[12.6291792260001,41.9217085280001],[12.6294151180001,41.9215418370001],[12.629672256,41.921318399],[12.62989219,41.921065598],[12.6299171370001,41.9209088470001],[12.6299649150001,41.9206524900001],[12.630067432,41.920468747],[12.630263476,41.9203441240001],[12.630496716,41.9202488620001],[12.6307639830001,41.920268676],[12.631005778,41.920459527],[12.6311657730001,41.920791658],[12.6313836850001,41.9211106870001],[12.6316563410001,41.9215023290001],[12.631857242,41.921763819],[12.632213291,41.921971322],[12.632757988,41.9222542000001],[12.633007191,41.922245043],[12.6332016490001,41.9221632730001],[12.6334375340001,41.921996574],[12.633731331,41.921816773],[12.634044257,41.921637364],[12.634682895,41.921450373],[12.6350882900001,41.9213586500001],[12.6352688970001,41.9214054930001],[12.6354548090001,41.9213961250001],[12.6358059070001,41.921378432],[12.6362199640001,41.92122493],[12.637047721,41.920927444],[12.637785149,41.9206566870001],[12.638497418,41.920375877],[12.6386897570001,41.920351241],[12.638872438,41.920387723],[12.6392218400001,41.9204575],[12.6394701610001,41.9204800530001],[12.639628858,41.920494466],[12.641000633,41.920967324],[12.641023885,41.9209753380001],[12.6410402700001,41.9209809860001],[12.641215797,41.9210518450001],[12.6416124350001,41.9212119650001],[12.6420185310001,41.921620622],[12.6420827160001,41.9216976320001],[12.6423900660001,41.9220663950001],[12.6425196380001,41.922221855],[12.642785915,41.922528862],[12.6432225520001,41.9228522490001],[12.643378236,41.922956716],[12.643764194,41.923082354],[12.6440465100001,41.923040493],[12.6442832380001,41.9228154040001],[12.6443506910001,41.9227512680001],[12.6446379120001,41.9225760680001],[12.6450232980001,41.922507727],[12.6450525560001,41.922509082],[12.6457475760001,41.922449553],[12.646811149,41.922376054],[12.6474170450001,41.922208459],[12.647511335,41.922177505],[12.6484927870001,41.9218640240001],[12.6488161510001,41.921746743],[12.6494644380001,41.92181721],[12.650576884,41.922106865],[12.651196875,41.922252993],[12.6514304300001,41.922298707],[12.65150371,41.9223130500001],[12.6518494490001,41.9223807220001],[12.652263509,41.922403494],[12.6526065410001,41.92242236],[12.652677333,41.922426252],[12.6532405520001,41.922380583],[12.653276206,41.922336811],[12.653400918,41.9221837050001],[12.6534910510001,41.921813828],[12.653678665,41.9215698520001],[12.65377227,41.9214961600001],[12.6538838540001,41.9214083140001],[12.654256882,41.921114639],[12.6550433200001,41.920549303],[12.6556024110001,41.920127634],[12.655948907,41.9198663010001],[12.657268179,41.920083865],[12.657507686,41.9201650040001],[12.6581322750001,41.9208830650001],[12.65861116,41.9213979940001],[12.659184549,41.9217718780001],[12.6598021200001,41.921984631],[12.6600943890001,41.9220191840001],[12.6603059770001,41.9219957770001],[12.6623496660001,41.9217696740001],[12.663534283,41.9218319220001],[12.6643338860001,41.921953042],[12.664534804,41.922042913],[12.6649601190001,41.922378345],[12.665291536,41.922639718],[12.6654961780001,41.922977476],[12.66568554,41.923734299],[12.665731592,41.9242213310001],[12.6657214200001,41.9248501880001],[12.6656743780001,41.92544017],[12.6655881300001,41.925705292],[12.665027912,41.926017958],[12.66431534,41.926308459],[12.663107548,41.926878623],[12.6626900360001,41.9271274650001],[12.662353217,41.927263574],[12.6621205180001,41.927344615],[12.6618243950001,41.9274148330001],[12.661539982,41.92751388],[12.661388323,41.9276272440001],[12.6612109170001,41.9277598560001],[12.6610807170001,41.927857179],[12.6608606400001,41.928291132],[12.660772152,41.9289660480001],[12.6608541210001,41.9291678750001],[12.6609377980001,41.929161085],[12.6611357580001,41.9291450210001],[12.6613637180001,41.9288446670001],[12.661674115,41.9283839600001],[12.661874821,41.9281307050001],[12.6620218200001,41.928123096],[12.6622712400001,41.928110186],[12.6628654620001,41.9282652580001],[12.6632732410001,41.928389021],[12.663370408,41.92841851],[12.6634566990001,41.9284923490001],[12.6641006520001,41.929043376],[12.6646475860001,41.92944529],[12.6649529960001,41.929470568],[12.664978892,41.9294522550001],[12.6651888280001,41.929303802],[12.6656263960001,41.9288552020001],[12.6664147920001,41.928061079],[12.667070548,41.927578785],[12.6676235690001,41.9271134620001],[12.668047916,41.9269295620001],[12.668673981,41.926658241],[12.669331014,41.926490491],[12.6699517870001,41.9266174730001],[12.6707045950001,41.9268891450001],[12.6713336230001,41.9271401930001],[12.671848896,41.9274485],[12.6720664600001,41.9276077960001],[12.672216792,41.927861041],[12.672404994,41.9283890790001],[12.6724699860001,41.9287954760001],[12.6724121190001,41.9295091480001],[12.67238665,41.9297707420001],[12.672144911,41.9302757630001],[12.6719595750001,41.9305460260001],[12.6717367200001,41.9309704130001],[12.6716582180001,41.9313739],[12.6722924910001,41.931482079],[12.673057779,41.9314975980001],[12.6736032490001,41.931854166],[12.674144832,41.932317879],[12.6746416180001,41.932697283],[12.6752526130001,41.9330075140001],[12.676455704,41.9332701610001],[12.6772386870001,41.933238354],[12.677880767,41.9331322080001],[12.6783384300001,41.9328317000001],[12.678627616,41.932337159],[12.6788577730001,41.9317103670001],[12.679192189,41.9312882230001],[12.6794528990001,41.931138612],[12.679956211,41.9308985920001],[12.6806323070001,41.930733546],[12.681339856,41.930581047],[12.681819021,41.930566898],[12.682598951,41.930618392],[12.6826743570001,41.930739056],[12.6823713250001,41.9316169630001],[12.6824234580001,41.931939696],[12.682776367,41.9323280730001],[12.683121527,41.9324899260001],[12.684546997,41.932780805],[12.685367469,41.933035639],[12.685518297,41.933276963],[12.685295958,41.9341302930001],[12.685370091,41.934727493],[12.685983756,41.9354070580001],[12.6868223830001,41.936043498],[12.6874550100001,41.936199216],[12.687999716,41.936138707],[12.6888348680001,41.935988733],[12.689506269,41.935954595],[12.6901449210001,41.9359436230001],[12.6910654230001,41.936081288],[12.691480848,41.936065817],[12.691363499,41.9348958750001],[12.6914883760001,41.9340882280001],[12.691897973,41.9332784580001],[12.692247873,41.9330627750001],[12.692601433,41.9329924420001],[12.692968148,41.9329998150001],[12.693178887,41.933129148],[12.6930809850001,41.934074352],[12.693439551,41.9343079280001],[12.69453457,41.9344729000001],[12.695830442,41.9348206070001],[12.6975097760001,41.93537615],[12.6982127260001,41.9357953310001],[12.698627393,41.936244469],[12.6990391690001,41.937217769],[12.699217667,41.9375787700001],[12.699702555,41.937850601],[12.700467078,41.9378897510001],[12.701391792,41.9374674540001],[12.701984211,41.936967012],[12.702246604,41.9367697260001],[12.7035807340001,41.9364985770001],[12.7046003680001,41.935208424],[12.704843953,41.934867787],[12.7061138290001,41.9346072380001],[12.706590733,41.934211688],[12.7067189850001,41.933749601]]]},"properties":{"OBJECTID":6,"municipio":"Municipio_VI","zone_urb":"Torre Spaccata,Torre Maura,Giardinetti-Tor Vergata,Acqua Vergine,Lunghezza,Torre Angela,Borghesiana,San Vittorino","rione":" -","quartiere":"Don Bosco (parte)","sub_urbio":" -","zone_agro":"Acqua Vergine (parte),Lunghezza,San Vittorino,Torre Spaccata (parte),Torre Angela,Borghesiana,Torre Maura (parte),Torrenova (parte),Torre Gaia (parte)","borgate":" -","ex_mun":"8","etichetta":"VI (Ex VIII)","municipio_join":"Municipio VI","etichetta_2":"VI","Shape__Area":206161548.65429688,"Shape__Length":137003.22528984179}},{"type":"Feature","id":7,"geometry":{"type":"Polygon","coordinates":[[[12.5166909710001,41.8919406520001],[12.5226718220001,41.888795315],[12.5226913600001,41.8888193860001],[12.526427847,41.886792665],[12.5277939150001,41.8860488780001],[12.528591765,41.885494188],[12.5314579880001,41.88351857],[12.533832499,41.881880542],[12.5344270260001,41.8813452690001],[12.5349473900001,41.8806654320001],[12.5355966380001,41.8795356250001],[12.537659392,41.876053336],[12.54010908,41.871620218],[12.5429388900001,41.8664088520001],[12.543955118,41.864642023],[12.543951345,41.8646519860001],[12.545067945,41.8646282170001],[12.5472247110001,41.86407862],[12.5481556510001,41.865158863],[12.5485647100001,41.866132641],[12.549856065,41.8661244720001],[12.549587613,41.8668931560001],[12.549860182,41.8672683120001],[12.553607931,41.8657517620001],[12.554380397,41.8654044020001],[12.554899236,41.8652152990001],[12.5575179680001,41.8645194210001],[12.557568078,41.8645235210001],[12.5615057850001,41.8634415070001],[12.5637969200001,41.863042186],[12.5673208320001,41.862411609],[12.568813227,41.862395572],[12.5690924260001,41.862430079],[12.5683386470001,41.8638152130001],[12.567893499,41.8651306300001],[12.5677819220001,41.865719206],[12.5677632260001,41.865896509],[12.5692958000001,41.865487934],[12.57044574,41.8651101790001],[12.570700855,41.865002394],[12.571122814,41.8648028270001],[12.571675558,41.8645166690001],[12.571999341,41.8643140290001],[12.572485714,41.8639704660001],[12.5736314540001,41.8630916020001],[12.574836372,41.862215329],[12.576907815,41.860557064],[12.5771382200001,41.8604230440001],[12.5776578800001,41.860167136],[12.5783548210001,41.8599787960001],[12.585918581,41.857208669],[12.58591783,41.85721772],[12.5899200000001,41.8558573540001],[12.592983643,41.8548620720001],[12.597271419,41.853207723],[12.59727115,41.8532069080001],[12.597528622,41.853114577],[12.601223115,41.8518193290001],[12.6037447850001,41.850861675],[12.605797866,41.8501610710001],[12.6077482900001,41.8494773510001],[12.610218257,41.8485337270001],[12.611566811,41.8480494830001],[12.6140471420001,41.8471241010001],[12.6185442400001,41.845522332],[12.6192030240001,41.845288182],[12.61921491,41.845283833],[12.6219812850001,41.8442715840001],[12.624736598,41.843265446],[12.629096845,41.841687592],[12.632125892,41.8405586900001],[12.6375525390001,41.8386748630001],[12.643971428,41.8363345750001],[12.6495414770001,41.8343220620001],[12.6536455950001,41.8329191180001],[12.653422108,41.832757283],[12.6533073900001,41.832583373],[12.6532862710001,41.832463799],[12.6531502620001,41.832175076],[12.6533122330001,41.8321021360001],[12.653158412,41.83160336],[12.653104064,41.8315212310001],[12.652422358,41.831736047],[12.6513418860001,41.8320952030001],[12.6511748630001,41.8323062420001],[12.650737023,41.8329525670001],[12.6502319790001,41.8328230880001],[12.649374112,41.832757869],[12.647827819,41.832785769],[12.647341098,41.833025994],[12.6461907930001,41.83355047],[12.6448922970001,41.833988495],[12.643358269,41.832813248],[12.643755605,41.8324044070001],[12.6438753350001,41.832180493],[12.6431627490001,41.831629725],[12.642440558,41.831340869],[12.641857266,41.831174004],[12.6415081170001,41.831571916],[12.640699249,41.8323416360001],[12.6402936810001,41.8321069290001],[12.639641823,41.831638406],[12.638486637,41.8309951090001],[12.6386050680001,41.8308069170001],[12.639753194,41.8303420440001],[12.6404370600001,41.829939102],[12.641171732,41.829453802],[12.641732609,41.8289291840001],[12.642274501,41.8284875730001],[12.6428734080001,41.828011388],[12.6434909390001,41.8276785510001],[12.6440293150001,41.8273321730001],[12.6445306110001,41.827128004],[12.645109743,41.8269730850001],[12.645209175,41.8268678960001],[12.6451339540001,41.8267472110001],[12.645300546,41.8265480860001],[12.645731847,41.826080361],[12.6463404090001,41.8255566980001],[12.6464836600001,41.825559635],[12.6468094140001,41.8253637700001],[12.646709335,41.8252258960001],[12.647128885,41.824991444],[12.647665519,41.8249524010001],[12.6478078550001,41.825067312],[12.649316347,41.825631967],[12.6498979080001,41.82575825],[12.650228982,41.825765027],[12.650664711,41.825697693],[12.651618835,41.8253931460001],[12.652884124,41.824942451],[12.6534534410001,41.8247062720001],[12.6540530930001,41.8243372700001],[12.65443258,41.8237159510001],[12.654578692,41.82320424],[12.6546361530001,41.8223285240001],[12.6558494780001,41.822601121],[12.656707679,41.822828332],[12.6574619370001,41.8231106040001],[12.6581143380001,41.823390794],[12.6583622840001,41.8228811550001],[12.658652132,41.822620186],[12.658971609,41.8222454450001],[12.6591155990001,41.8217908730001],[12.659174244,41.820880865],[12.659489545,41.8206204140001],[12.660052765,41.8198503180001],[12.6601485850001,41.8193185120001],[12.6603634040001,41.8190178840001],[12.6609782200001,41.8182297720001],[12.66046299,41.817945245],[12.658944815,41.817211356],[12.6581560110001,41.817004641],[12.6562362500001,41.81658421],[12.654604853,41.8163364370001],[12.651813879,41.816005359],[12.6505764570001,41.816961779],[12.649359299,41.818016298],[12.648424687,41.818747757],[12.647005704,41.8196575280001],[12.644916929,41.820806125],[12.64464831,41.8211818710001],[12.64418025,41.8222183390001],[12.6439465080001,41.8225113980001],[12.643607903,41.8226235920001],[12.6432891430001,41.822628963],[12.6429080300001,41.822597311],[12.6425953880001,41.8224360070001],[12.6422557220001,41.8221430890001],[12.639751835,41.8226635240001],[12.6395388010001,41.822825944],[12.6390080420001,41.8233988270001],[12.6387788120001,41.82400174],[12.633490566,41.827157753],[12.632450324,41.827894051],[12.630909219,41.8287343800001],[12.6303700500001,41.828322934],[12.630360964,41.8280511020001],[12.6305810870001,41.8277840010001],[12.6310055180001,41.827678383],[12.631165174,41.8274958160001],[12.630662633,41.827128018],[12.630369274,41.827307826],[12.6300605010001,41.8273872340001],[12.6296301520001,41.8271352990001],[12.629363799,41.8271012060001],[12.6289902290001,41.826864738],[12.6286808190001,41.826443732],[12.628356851,41.8261582470001],[12.6292012920001,41.8257002510001],[12.6307916120001,41.8245607200001],[12.6287542060001,41.82357219],[12.6276466,41.8230274630001],[12.627229533,41.8226757150001],[12.626366763,41.8219716190001],[12.6256995320001,41.821407384],[12.625779887,41.821301819],[12.6259745240001,41.8209484160001],[12.626226237,41.8208606900001],[12.6262058830001,41.8203770270001],[12.6265422170001,41.820326793],[12.6267928720001,41.820267637],[12.6269739430001,41.8197638340001],[12.627179701,41.8193677680001],[12.6274623750001,41.8189589940001],[12.6275986470001,41.818632977],[12.628095403,41.8183787450001],[12.628668018,41.8181403740001],[12.629258409,41.817938111],[12.6302065840001,41.8176217050001],[12.6307038480001,41.8173531740001],[12.630948238,41.817333913],[12.6313470440001,41.8168846340001],[12.6319079100001,41.816445845],[12.6322173450001,41.816087651],[12.6320855060001,41.8160348920001],[12.63239678,41.815626695],[12.632717525,41.8149613460001],[12.6331700160001,41.8146103880001],[12.6338558460001,41.814410067],[12.634360252,41.8142060050001],[12.6346169240001,41.81398254],[12.634456179,41.813936337],[12.634693671,41.813455128],[12.6350213000001,41.812861399],[12.6352085830001,41.812965336],[12.635460956,41.8125988090001],[12.6359320550001,41.812000883],[12.635872315,41.8118066420001],[12.636318004,41.8113797560001],[12.636592965,41.811178108],[12.637034224,41.8110013290001],[12.6372599590001,41.811098905],[12.63765133,41.810849611],[12.6382516040001,41.810375859],[12.638409881,41.8102289940001],[12.6386261860001,41.8098031000001],[12.638529298,41.809579501],[12.6380667120001,41.809427015],[12.637602814,41.809310242],[12.6372258980001,41.809166663],[12.63709801,41.8090067630001],[12.6372066170001,41.8086515690001],[12.6377021110001,41.808168515],[12.6379234450001,41.8078656810001],[12.6380405420001,41.807539256],[12.638052881,41.8072035280001],[12.637994152,41.806461727],[12.637977655,41.8056107090001],[12.6379060740001,41.804958717],[12.637781245,41.8044557490001],[12.637457866,41.804156003],[12.636915715,41.803570102],[12.6374484030001,41.803373756],[12.6381282250001,41.8030732060001],[12.6387186100001,41.8026063940001],[12.639771158,41.802041854],[12.64206739,41.8009095200001],[12.643532732,41.8002890830001],[12.6443609240001,41.7998485690001],[12.644800452,41.79958594],[12.6452928050001,41.7994459180001],[12.6457718840001,41.7992770270001],[12.646500927,41.7989345450001],[12.647050676,41.7985311950001],[12.647657172,41.798143302],[12.648268242,41.797891322],[12.649224792,41.797596373],[12.6499088250001,41.7974388100001],[12.65013256,41.797329012],[12.650874414,41.7970267950001],[12.6524759920001,41.7965948930001],[12.6532660550001,41.7964108840001],[12.652671707,41.7962057230001],[12.651962032,41.796019646],[12.6524638380001,41.79535794],[12.652542394,41.79503786],[12.652598466,41.7948102510001],[12.653026137,41.794347187],[12.6533138510001,41.793792619],[12.653531609,41.7930607640001],[12.6535962790001,41.7925974280001],[12.653539106,41.7923317620001],[12.653547707,41.792096034],[12.653187076,41.792031475],[12.6529843810001,41.7918271710001],[12.6526248970001,41.7914695420001],[12.6523352570001,41.7912920540001],[12.65197411,41.791241777],[12.651522621,41.7913111780001],[12.650317816,41.791736891],[12.6496807890001,41.7919168650001],[12.648808666,41.792256439],[12.6484908,41.7923285640001],[12.6482537380001,41.792280817],[12.6480813330001,41.792554651],[12.647471619,41.7927709140001],[12.646115149,41.793293555],[12.645716468,41.7934855410001],[12.6454712940001,41.7936592280001],[12.645151976,41.7940315550001],[12.645075218,41.794301626],[12.6450626000001,41.795167776],[12.644872454,41.796186123],[12.644666016,41.7968667220001],[12.644586185,41.7968293420001],[12.6433489130001,41.796182026],[12.6428832660001,41.796115279],[12.6417162160001,41.7958983030001],[12.642031075,41.796169268],[12.6434313770001,41.7973203440001],[12.6430072850001,41.7976833640001],[12.6426131380001,41.7980112560001],[12.64244876,41.79806507],[12.642354493,41.7977700430001],[12.6420541470001,41.7973635540001],[12.6415889050001,41.797025164],[12.641028996,41.7966633820001],[12.640887927,41.796342371],[12.6408137560001,41.7958904870001],[12.6402610760001,41.795982784],[12.639699735,41.796180937],[12.639252186,41.796271817],[12.6380080930001,41.796332013],[12.638128496,41.797215195],[12.637378766,41.7976000900001],[12.6375883470001,41.797876047],[12.637863867,41.7979174590001],[12.6382033240001,41.79803882],[12.6380155470001,41.798209382],[12.6374840500001,41.7986345100001],[12.636039211,41.7999958840001],[12.636085456,41.8002970750001],[12.635548236,41.800357499],[12.6352100870001,41.8002004160001],[12.6347165710001,41.800111615],[12.634228577,41.799872807],[12.6338351590001,41.8001792370001],[12.6333728110001,41.800541433],[12.632876217,41.800795693],[12.633131152,41.801136931],[12.633560822,41.8014031370001],[12.6343453220001,41.8018925380001],[12.633301488,41.8024786550001],[12.632793415,41.8025253690001],[12.632412075,41.8025032090001],[12.6312717120001,41.8022080430001],[12.631124232,41.8020620280001],[12.6306948330001,41.801788671],[12.6303684760001,41.802089325],[12.6298342640001,41.802585846],[12.629415393,41.8030633000001],[12.629227746,41.8034883390001],[12.629242624,41.803603024],[12.629402547,41.803670663],[12.631459335,41.8046352770001],[12.630905683,41.804881202],[12.6306090040001,41.805153873],[12.630614865,41.805254075],[12.6302911230001,41.805483296],[12.6303224110001,41.805671233],[12.630067603,41.805844688],[12.629703297,41.806137407],[12.6295001730001,41.806204699],[12.6288237040001,41.806412336],[12.6285784360001,41.806585984],[12.6279411470001,41.806508482],[12.6275794640001,41.8067297630001],[12.62769725,41.806903762],[12.627420434,41.807155391],[12.627089235,41.8073272600001],[12.626429203,41.807606708],[12.6263403250001,41.8074261560001],[12.6261483230001,41.8074507810001],[12.62557738,41.8076462820001],[12.6251114770001,41.8079726280001],[12.6252875980001,41.8081192430001],[12.6244371290001,41.808380442],[12.6238934940001,41.808612243],[12.623812586,41.808474747],[12.623528579,41.8086618790001],[12.623107697,41.8086746120001],[12.622733532,41.808974253],[12.622716516,41.8086593640001],[12.622869769,41.8083908930001],[12.6230734330001,41.8083093270001],[12.623217326,41.807518815],[12.6229876630001,41.8075283580001],[12.6228457390001,41.807232329],[12.6231429860001,41.806945393],[12.6233670250001,41.8065711570001],[12.62328344,41.806247742],[12.623695921,41.80620338],[12.6237491410001,41.8056683400001],[12.623822837,41.8054840030001],[12.624021698,41.8052736610001],[12.623548312,41.805156636],[12.6234594650001,41.805104757],[12.6233505610001,41.8048201340001],[12.622409417,41.804950768],[12.622145115,41.8052512530001],[12.62172551,41.8057465360001],[12.6214502780001,41.806083964],[12.621322729,41.8061742530001],[12.6209735850001,41.806056217],[12.620123714,41.8057855430001],[12.6194658850001,41.8056182120001],[12.618925677,41.805499782],[12.61822011,41.8052027790001],[12.618042028,41.805109728],[12.6176788330001,41.8048555670001],[12.6173139200001,41.8046478360001],[12.616803159,41.80450856],[12.616786222,41.804621792],[12.616302709,41.80499301],[12.616070676,41.805238392],[12.6158826220001,41.8055859580001],[12.6156563270001,41.805676573],[12.6152456880001,41.8062292050001],[12.614998621,41.806664901],[12.6148008340001,41.80705992],[12.6144076780001,41.807141108],[12.613929215,41.807375407],[12.6140945220001,41.8074265000001],[12.6138235760001,41.80764724],[12.6134354970001,41.807805972],[12.6130695150001,41.808012821],[12.612525181,41.808305316],[12.612266388,41.808198663],[12.612045494,41.808293553],[12.6118379700001,41.8083500000001],[12.6110889030001,41.808323692],[12.610354423,41.8082905360001],[12.610425085,41.8083837660001],[12.61020791,41.808404266],[12.60895721,41.8083782260001],[12.608945025,41.80819211],[12.6085490670001,41.8083053890001],[12.6081854710001,41.8083192600001],[12.6077020160001,41.808216256],[12.6076669930001,41.808387091],[12.6072734520001,41.808178732],[12.6067796830001,41.8078396060001],[12.606717906,41.807702496],[12.606596186,41.8076356230001],[12.606558616,41.8074471900001],[12.6063525380001,41.807593013],[12.605857117,41.8078114360001],[12.60545161,41.8079245050001],[12.605138149,41.8078750760001],[12.6051322930001,41.8080322210001],[12.6047058610001,41.807937543],[12.604166826,41.808556797],[12.603941951,41.8084377280001],[12.6037416840001,41.808683747],[12.603378843,41.80893352],[12.603148065,41.8092289420001],[12.6029992580001,41.809375955],[12.603196558,41.809465856],[12.603105036,41.8096140650001],[12.6028299560001,41.8099443030001],[12.6024695040001,41.810129787],[12.6020684600001,41.81037876],[12.601891321,41.810260682],[12.601590872,41.8106304200001],[12.601340717,41.810932581],[12.6009966830001,41.811189889],[12.6011555270001,41.8112861390001],[12.6010650640001,41.811405773],[12.6008881390001,41.811537899],[12.6005194570001,41.8116874620001],[12.600438807,41.811800153],[12.600147516,41.8121800860001],[12.59997859,41.81209792],[12.599623396,41.812397881],[12.5993239910001,41.81273904],[12.5990515180001,41.8131265120001],[12.599247755,41.8132449920001],[12.599197079,41.8133225660001],[12.5989323430001,41.813502892],[12.598512703,41.8137371650001],[12.5982900970001,41.8140684900001],[12.598088488,41.8142215400001],[12.597962023,41.8140258830001],[12.5975622720001,41.814239123],[12.5971370660001,41.814621964],[12.596701717,41.815020319],[12.596879927,41.8151098320001],[12.596447246,41.8154367550001],[12.596044007,41.8157428480001],[12.595448194,41.8160877970001],[12.5952914860001,41.8159343950001],[12.5948582560001,41.8162755980001],[12.5945570960001,41.8166624570001],[12.594594408,41.816942032],[12.5947726200001,41.817031549],[12.593897897,41.8179339500001],[12.5937005860001,41.817844032],[12.5932718,41.818321144],[12.59297883,41.818743913],[12.593178016,41.8187838310001],[12.5930081930001,41.8189804300001],[12.5927078120001,41.819345855],[12.5923403150001,41.819717021],[12.592172184,41.819613415],[12.5920121200001,41.8198044980001],[12.5918605850001,41.8200229230001],[12.591565013,41.8202597740001],[12.5914800520001,41.8204867430001],[12.5915680430001,41.8206887480001],[12.5913168220001,41.8207621110001],[12.590710679,41.820870917],[12.590650264,41.820698085],[12.590282044,41.8208333270001],[12.589859742,41.820881651],[12.5893353170001,41.8210259320001],[12.589272077,41.8209242240001],[12.5889468730001,41.820931692],[12.588684222,41.82105485],[12.588223455,41.821109506],[12.5881501750001,41.8212795320001],[12.58727772,41.82135413],[12.5869179640001,41.821518134],[12.5867599220001,41.821400436],[12.586169489,41.821345131],[12.585835656,41.821073616],[12.585540172,41.8210531060001],[12.585158329,41.820787728],[12.584528215,41.820517125],[12.5844688920001,41.8203157190001],[12.583945167,41.8200116090001],[12.584615172,41.819475271],[12.584585034,41.8192601810001],[12.5857551600001,41.81838408],[12.5859649610001,41.81839564],[12.5869117890001,41.817612051],[12.586830413,41.817488816],[12.5877771090001,41.816708077],[12.587995918,41.81673412],[12.588962757,41.815925199],[12.588881111,41.815809108],[12.5898174050001,41.8150495790001],[12.5900465620001,41.8150543890001],[12.5909585850001,41.8143043480001],[12.5908769370001,41.8141882580001],[12.591746082,41.8134344520001],[12.591985048,41.813432316],[12.5928549700001,41.812657071],[12.592735932,41.8125187540001],[12.5936257860001,41.8117210460001],[12.592671722,41.8111720530001],[12.5924706860001,41.8111821350001],[12.591674933,41.8107436820001],[12.591477202,41.8104107010001],[12.590646758,41.8098785820001],[12.590110913,41.809644301],[12.5894562620001,41.809265983],[12.5894321750001,41.8091439520001],[12.5886089000001,41.8086763060001],[12.5890395770001,41.8080205370001],[12.589243283,41.807939032],[12.58980159,41.8070643360001],[12.5897369050001,41.8070057890001],[12.5904024770001,41.805987988],[12.5906122260001,41.8059149480001],[12.591193516,41.805063363],[12.591117307,41.804972407],[12.591741035,41.804050224],[12.591901036,41.8040297520001],[12.592575687,41.80302285],[12.5925162790001,41.80290842],[12.593139298,41.8020040850001],[12.5933167640001,41.8019422770001],[12.59398377,41.800925675],[12.593947782,41.800823649],[12.5945623590001,41.7999310440001],[12.5946998200001,41.799874353],[12.595587439,41.7993436990001],[12.59556825,41.7992181970001],[12.5966898350001,41.798604267],[12.596872573,41.79861405],[12.59788188,41.798021587],[12.5978777070001,41.7979202280001],[12.5989344980001,41.7973347060001],[12.599053596,41.797343154],[12.599380807,41.7971081360001],[12.5993923180001,41.797013064],[12.5987392960001,41.796379867],[12.598619533,41.7963892760001],[12.5977738890001,41.795585245],[12.5978329060001,41.7954971230001],[12.596987997,41.794674039],[12.5968214000001,41.794658638],[12.596007619,41.793855261],[12.596066192,41.7937790450001],[12.5952290130001,41.792963258],[12.5950694860001,41.792971831],[12.594301112,41.7922325390001],[12.595391821,41.7918026450001],[12.5953478820001,41.7917004540001],[12.596526292,41.7912664290001],[12.596586362,41.791363001],[12.597814038,41.790888292],[12.597312925,41.790239203],[12.5973405660001,41.7901385110001],[12.596885808,41.7895273230001],[12.5967424180001,41.7895302790001],[12.596099705,41.7886312460001],[12.595524348,41.7892904330001],[12.5951505730001,41.789749644],[12.5944787490001,41.790345581],[12.593955399,41.79077306],[12.593132214,41.791613633],[12.592523627,41.7922204160001],[12.5906533140001,41.7940594660001],[12.589975968,41.794715426],[12.5871879260001,41.797387094],[12.5837753280001,41.800487493],[12.583497301,41.800767583],[12.5812611650001,41.803322564],[12.5786006020001,41.8058530600001],[12.577220734,41.8073966260001],[12.5746859010001,41.810215622],[12.572878712,41.8122588430001],[12.5728741510001,41.81226085],[12.5728777150001,41.812262923],[12.5728751890001,41.8122665290001],[12.572747104,41.8124493120001],[12.572713478,41.8124962590001],[12.57215638,41.813120696],[12.5718489450001,41.813459707],[12.571599452,41.81374037],[12.570979579,41.8143396460001],[12.570687369,41.8146968470001],[12.5704622640001,41.8151746080001],[12.5702646290001,41.815557637],[12.5697627120001,41.816406027],[12.569607105,41.816730372],[12.5692859010001,41.8174324670001],[12.569080292,41.817815324],[12.568859219,41.81818594],[12.5686831100001,41.818420495],[12.5681556160001,41.818996692],[12.567308596,41.8199140090001],[12.5669767790001,41.8202644030001],[12.5664765650001,41.820855468],[12.565696765,41.821678885],[12.564985343,41.822378648],[12.5646643910001,41.8226518220001],[12.564319789,41.8229185380001],[12.56382856,41.8232714970001],[12.563796769,41.8233654250001],[12.5625561200001,41.8241587850001],[12.5613337790001,41.8249725370001],[12.5608163750001,41.8253427980001],[12.5604026340001,41.825667603],[12.5599569120001,41.826163291],[12.5587607480001,41.8274598560001],[12.5583722980001,41.827956756],[12.557326565,41.8290658780001],[12.556635079,41.8298232000001],[12.5556262160001,41.8309664510001],[12.5544639560001,41.832204597],[12.5539771100001,41.8327737280001],[12.553386872,41.8335474840001],[12.5523847320001,41.8349291320001],[12.5517464340001,41.835792401],[12.551716743,41.835889014],[12.5515364400001,41.8359917500001],[12.550823141,41.836398294],[12.5498162100001,41.836984428],[12.549072052,41.83744749],[12.5484760640001,41.837785039],[12.5476541140001,41.838282173],[12.5468430670001,41.838743793],[12.546302451,41.8391325520001],[12.545731537,41.8395635530001],[12.5454384440001,41.8394786540001],[12.544785534,41.8394289490001],[12.5441371260001,41.839386485],[12.543632539,41.839332798],[12.5430703700001,41.839285024],[12.5427573600001,41.839221137],[12.5425690650001,41.8391456220001],[12.5424307170001,41.839013988],[12.5422612720001,41.838695826],[12.5419259230001,41.8382168470001],[12.541574047,41.8376703160001],[12.5415641500001,41.8376150830001],[12.5404447720001,41.8382349450001],[12.539585462,41.83877303],[12.5389664730001,41.8412837660001],[12.538102318,41.841881196],[12.539945382,41.843678041],[12.5380149590001,41.8449466930001],[12.538313644,41.845018941],[12.538580654,41.845015732],[12.5389360250001,41.844993566],[12.5392340770001,41.8450118700001],[12.5395088060001,41.845119029],[12.5402267810001,41.845468011],[12.5426625220001,41.846704919],[12.5436477700001,41.8471906560001],[12.5446503200001,41.8476410130001],[12.546388442,41.848440681],[12.5465812320001,41.8482327310001],[12.54674354,41.8480717850001],[12.5469073950001,41.8479537630001],[12.54756095,41.8475302420001],[12.548655829,41.846857545],[12.549129131,41.8465638420001],[12.549652484,41.846837125],[12.5497357310001,41.846952086],[12.549974831,41.847784506],[12.550353154,41.849295431],[12.549946726,41.849720222],[12.5495695290001,41.8500838900001],[12.54929022,41.8503876940001],[12.54925637,41.8504659640001],[12.5472970500001,41.8521159200001],[12.546786846,41.852539882],[12.5465950920001,41.8526579030001],[12.5461488020001,41.8528687750001],[12.544558479,41.853488628],[12.5437993150001,41.8537789380001],[12.5426833270001,41.854207789],[12.541388066,41.8547400160001],[12.5408707760001,41.8549314740001],[12.5397447600001,41.8552051980001],[12.5393248280001,41.85535108],[12.538918199,41.8555395400001],[12.538624735,41.8557119590001],[12.538301646,41.8559087620001],[12.538040245,41.8561176090001],[12.537529165,41.856603464],[12.5370090390001,41.85708952],[12.535414078,41.8587828280001],[12.5350277050001,41.8592987500001],[12.5340259010001,41.860832729],[12.534024232,41.8608352840001],[12.5336526620001,41.8614042180001],[12.5322021580001,41.863350778],[12.5320232510001,41.8636728010001],[12.5318211430001,41.8640365800001],[12.5316247970001,41.8644825320001],[12.53054251,41.864192722],[12.529856196,41.864135063],[12.5292610330001,41.864193738],[12.528276508,41.864429886],[12.522542635,41.8658465180001],[12.5183537090001,41.8669236040001],[12.5175632570001,41.8670852220001],[12.5165583570001,41.8672278980001],[12.51501883,41.867223171],[12.513753848,41.867167184],[12.5131147450001,41.8671247440001],[12.512451491,41.8672118800001],[12.511949347,41.867336816],[12.511367708,41.86753866],[12.5104489170001,41.867926196],[12.509100732,41.868411632],[12.5083892430001,41.868632087],[12.5073562480001,41.8688812980001],[12.506597469,41.8689648960001],[12.505726521,41.8689817150001],[12.50449524,41.8689192090001],[12.5034617970001,41.868810954],[12.502544834,41.86865913],[12.502353194,41.8692891760001],[12.5021534310001,41.8699162730001],[12.501981265,41.870448658],[12.5019187250001,41.871031083],[12.5019655130001,41.8713388890001],[12.5020122510001,41.871673498],[12.5020417100001,41.8718379580001],[12.5020189590001,41.8721150590001],[12.5019755870001,41.8723077180001],[12.501713303,41.8730049370001],[12.5015219470001,41.873473878],[12.501553766,41.873512444],[12.5016231710001,41.8735350370001],[12.502141072,41.873641622],[12.502504049,41.8737150480001],[12.5028360090001,41.8738890670001],[12.502975529,41.873990393],[12.5031654220001,41.8741285570001],[12.50320149,41.8741233850001],[12.5032537590001,41.874213877],[12.5033584130001,41.8743918850001],[12.5033410950001,41.874427251],[12.503377436,41.874517397],[12.503408479,41.8745389210001],[12.503456113,41.8747484530001],[12.503152143,41.874878852],[12.503163278,41.874899943],[12.502778435,41.8751626160001],[12.5027226890001,41.8751614030001],[12.502577875,41.875298241],[12.502556226,41.875342448],[12.502155417,41.876117073],[12.5022311130001,41.87621999],[12.5022840770001,41.8762926260001],[12.5023997490001,41.876494703],[12.5024810510001,41.8765560420001],[12.5025479340001,41.8765783470001],[12.5025209130001,41.8766179560001],[12.502509893,41.876634112],[12.502540126,41.8766764690001],[12.502516777,41.8768665850001],[12.5024885560001,41.8768749060001],[12.5025045240001,41.876976523],[12.5026117360001,41.8773958460001],[12.5026356270001,41.8773963670001],[12.502676299,41.8774776710001],[12.5026465710001,41.877524679],[12.502573618,41.8775558560001],[12.5022844440001,41.8781244150001],[12.5020970960001,41.878227564],[12.501331185,41.878654689],[12.5006024950001,41.879046878],[12.500387034,41.87915537],[12.500267723,41.879251062],[12.5001194920001,41.8793729300001],[12.500052528,41.879454869],[12.4998694220001,41.8796534200001],[12.499679046,41.879833939],[12.499589966,41.8799719890001],[12.499163733,41.8805792520001],[12.4986643020001,41.88122364],[12.4986368150001,41.8813220260001],[12.498665358,41.8820613170001],[12.498636665,41.8821913300001],[12.498615129,41.882350986],[12.498623014,41.882394048],[12.4986671780001,41.882487939],[12.499306141,41.882537605],[12.499580246,41.8826222100001],[12.500222362,41.882836352],[12.5011928750001,41.8832149070001],[12.502214774,41.883322455],[12.502751216,41.883172098],[12.5034179410001,41.8832132900001],[12.504611481,41.884006508],[12.5046570110001,41.8839836710001],[12.5047194310001,41.884018387],[12.5047295800001,41.884085326],[12.505064325,41.8841688530001],[12.505097296,41.884140976],[12.506118057,41.8844586290001],[12.5056571960001,41.8848298620001],[12.5057694820001,41.8848942550001],[12.5061553950001,41.884974124],[12.506701347,41.8850384090001],[12.507017354,41.885111991],[12.5070630700001,41.88508439],[12.5088630820001,41.885744404],[12.5092974450001,41.885870303],[12.50940933,41.885902732],[12.510031962,41.88610441],[12.5109976740001,41.886406529],[12.511173441,41.8864615160001],[12.511885503,41.88668706],[12.514512014,41.887507987],[12.514728845,41.887585264],[12.5147842920001,41.8875075070001],[12.514867741,41.8874278220001],[12.5149828570001,41.887370267],[12.515163219,41.8873570160001],[12.515408747,41.887439535],[12.5155290750001,41.887543647],[12.515547999,41.8875983840001],[12.515821757,41.8875943030001],[12.5158570840001,41.887620801],[12.516093606,41.887590178],[12.5161231110001,41.887569372],[12.516381355,41.887570671],[12.516715376,41.887640805],[12.5172084810001,41.8876543320001],[12.517735229,41.887787249],[12.517933172,41.888011701],[12.5180878410001,41.8882666700001],[12.518214937,41.8883938000001],[12.5184847670001,41.8887135690001],[12.518899581,41.889118679],[12.5188250200001,41.889150069],[12.5187910780001,41.8891207410001],[12.517629012,41.889648423],[12.5159654190001,41.8904035200001],[12.5150819200001,41.890777557],[12.514843032,41.89089355],[12.515036219,41.8911928840001],[12.5152420250001,41.891511768],[12.515421969,41.8917905810001],[12.5153694420001,41.8919115630001],[12.515294808,41.892088656],[12.5152853170001,41.8921025010001],[12.5151071780001,41.8923623470001],[12.5153117890001,41.892559706],[12.5166909710001,41.8919406520001]]]},"properties":{"OBJECTID":7,"municipio":"Municipio_VII","zone_urb":"Tuscolano Nord,Tuscolano Sud,Tor Fiscale,Appio,Latino,Don Bosco,Appio Claudio,Quarto Miglio,Pignatelli,Lucrezia Romana,Osteria del Curato,Romanina,Gregna,Barcaccia,Morena,Ciampino","rione":" -","quartiere":"Tuscolano (parte),Appio-Latino (parte),Prenestino-Labicano (parte),Don Bosco (parte),Appio Claudio,Appio-Pignatelli (parte)","sub_urbio":" -","zone_agro":"Torrenova (parte),Torre Gaia (parte),Capannelle,Torre Maura (parte),Casal Morena,Aeroporto di Ciampino (parte)","borgate":" -","ex_mun":"9-10","etichetta":"VII (Ex IX - X)","municipio_join":"Municipio VII","etichetta_2":"VII","Shape__Area":81904803.748046875,"Shape__Length":85930.869978701754}},{"type":"Feature","id":8,"geometry":{"type":"Polygon","coordinates":[[[12.4810871130001,41.8764242180001],[12.481380728,41.8757503360001],[12.482238765,41.873710422],[12.4823414580001,41.8732873440001],[12.482366159,41.872901872],[12.4859480000001,41.872307481],[12.4961341160001,41.8708359710001],[12.496465347,41.870811422],[12.497102876,41.8707641710001],[12.4979940430001,41.870797897],[12.501938927,41.870842946],[12.501981265,41.870448658],[12.5021534310001,41.8699162730001],[12.502353194,41.8692891760001],[12.502544834,41.86865913],[12.5034617970001,41.868810954],[12.50449524,41.8689192090001],[12.505726521,41.8689817150001],[12.506597469,41.8689648960001],[12.5073562480001,41.8688812980001],[12.5083892430001,41.868632087],[12.509100732,41.868411632],[12.5104489170001,41.867926196],[12.511367708,41.86753866],[12.511949347,41.867336816],[12.512451491,41.8672118800001],[12.5131147450001,41.8671247440001],[12.513753848,41.867167184],[12.51501883,41.867223171],[12.5165583570001,41.8672278980001],[12.5175632570001,41.8670852220001],[12.5183537090001,41.8669236040001],[12.522542635,41.8658465180001],[12.528276508,41.864429886],[12.5292610330001,41.864193738],[12.529856196,41.864135063],[12.53054251,41.864192722],[12.5316247970001,41.8644825320001],[12.5318211430001,41.8640365800001],[12.5320232510001,41.8636728010001],[12.5322021580001,41.863350778],[12.5336526620001,41.8614042180001],[12.534024232,41.8608352840001],[12.5340259010001,41.860832729],[12.5350277050001,41.8592987500001],[12.535414078,41.8587828280001],[12.5370090390001,41.85708952],[12.537529165,41.856603464],[12.538040245,41.8561176090001],[12.538301646,41.8559087620001],[12.538624735,41.8557119590001],[12.538918199,41.8555395400001],[12.5393248280001,41.85535108],[12.5397447600001,41.8552051980001],[12.5408707760001,41.8549314740001],[12.541388066,41.8547400160001],[12.5426833270001,41.854207789],[12.5437993150001,41.8537789380001],[12.544558479,41.853488628],[12.5461488020001,41.8528687750001],[12.5465950920001,41.8526579030001],[12.546786846,41.852539882],[12.5472970500001,41.8521159200001],[12.54925637,41.8504659640001],[12.54929022,41.8503876940001],[12.5495695290001,41.8500838900001],[12.549946726,41.849720222],[12.550353154,41.849295431],[12.549974831,41.847784506],[12.5497357310001,41.846952086],[12.549652484,41.846837125],[12.549129131,41.8465638420001],[12.548655829,41.846857545],[12.54756095,41.8475302420001],[12.5469073950001,41.8479537630001],[12.54674354,41.8480717850001],[12.5465812320001,41.8482327310001],[12.546388442,41.848440681],[12.5446503200001,41.8476410130001],[12.5436477700001,41.8471906560001],[12.5426625220001,41.846704919],[12.5402267810001,41.845468011],[12.5395088060001,41.845119029],[12.5392340770001,41.8450118700001],[12.5389360250001,41.844993566],[12.538580654,41.845015732],[12.538313644,41.845018941],[12.5380149590001,41.8449466930001],[12.539945382,41.843678041],[12.538102318,41.841881196],[12.5389664730001,41.8412837660001],[12.539585462,41.83877303],[12.5404447720001,41.8382349450001],[12.5415641500001,41.8376150830001],[12.541574047,41.8376703160001],[12.5419259230001,41.8382168470001],[12.5422612720001,41.838695826],[12.5424307170001,41.839013988],[12.5425690650001,41.8391456220001],[12.5427573600001,41.839221137],[12.5430703700001,41.839285024],[12.543632539,41.839332798],[12.5441371260001,41.839386485],[12.544785534,41.8394289490001],[12.5454384440001,41.8394786540001],[12.545731537,41.8395635530001],[12.546302451,41.8391325520001],[12.5468430670001,41.838743793],[12.5476541140001,41.838282173],[12.5484760640001,41.837785039],[12.549072052,41.83744749],[12.5498162100001,41.836984428],[12.550823141,41.836398294],[12.5515364400001,41.8359917500001],[12.551716743,41.835889014],[12.5517464340001,41.835792401],[12.5523847320001,41.8349291320001],[12.553386872,41.8335474840001],[12.5539771100001,41.8327737280001],[12.5544639560001,41.832204597],[12.5556262160001,41.8309664510001],[12.556635079,41.8298232000001],[12.557326565,41.8290658780001],[12.5583722980001,41.827956756],[12.5587607480001,41.8274598560001],[12.5599569120001,41.826163291],[12.5604026340001,41.825667603],[12.5608163750001,41.8253427980001],[12.5613337790001,41.8249725370001],[12.5625561200001,41.8241587850001],[12.563796769,41.8233654250001],[12.56382856,41.8232714970001],[12.564319789,41.8229185380001],[12.5646643910001,41.8226518220001],[12.564985343,41.822378648],[12.565696765,41.821678885],[12.5664765650001,41.820855468],[12.5669767790001,41.8202644030001],[12.567308596,41.8199140090001],[12.5681556160001,41.818996692],[12.5686831100001,41.818420495],[12.568859219,41.81818594],[12.569080292,41.817815324],[12.5692859010001,41.8174324670001],[12.569607105,41.816730372],[12.5697627120001,41.816406027],[12.5702646290001,41.815557637],[12.5704622640001,41.8151746080001],[12.570687369,41.8146968470001],[12.570979579,41.8143396460001],[12.571599452,41.81374037],[12.5718489450001,41.813459707],[12.57215638,41.813120696],[12.572713478,41.8124962590001],[12.572747104,41.8124493120001],[12.5728751890001,41.8122665290001],[12.5728777150001,41.812262923],[12.5728741510001,41.81226085],[12.572878712,41.8122588430001],[12.5746859010001,41.810215622],[12.577220734,41.8073966260001],[12.5786006020001,41.8058530600001],[12.5812611650001,41.803322564],[12.583497301,41.800767583],[12.5837753280001,41.800487493],[12.5871879260001,41.797387094],[12.589975968,41.794715426],[12.5906533140001,41.7940594660001],[12.592523627,41.7922204160001],[12.593132214,41.791613633],[12.593955399,41.79077306],[12.5944787490001,41.790345581],[12.5951505730001,41.789749644],[12.595524348,41.7892904330001],[12.596099705,41.7886312460001],[12.5957212330001,41.7881018250001],[12.5956412530001,41.7881120640001],[12.594984853,41.7873596330001],[12.5949897510001,41.7872286780001],[12.594813055,41.7870581780001],[12.594353825,41.786780486],[12.5941126160001,41.7866324600001],[12.5938597750001,41.786452103],[12.5933459940001,41.786143479],[12.5930076340001,41.7858266150001],[12.592613092,41.7857349440001],[12.592253348,41.785989515],[12.591908168,41.7862801320001],[12.591529086,41.786200696],[12.591206642,41.7858841610001],[12.5909204000001,41.785663699],[12.590369029,41.785509158],[12.5902935120001,41.785400344],[12.5905309180001,41.7850121560001],[12.5904421710001,41.7848315790001],[12.590007949,41.7845246100001],[12.5900619130001,41.784358943],[12.590360919,41.783176174],[12.590134376,41.7828497340001],[12.589987136,41.7826684730001],[12.589799617,41.782437622],[12.590880896,41.782043316],[12.5902821380001,41.781029951],[12.5900557530001,41.780274601],[12.5898539300001,41.7792886290001],[12.589130965,41.777343338],[12.588917833,41.776659749],[12.5889713440001,41.7765059870001],[12.589905822,41.7762039200001],[12.5900242860001,41.7760157780001],[12.589861829,41.775678768],[12.589459033,41.775384371],[12.589133975,41.775139261],[12.5891592450001,41.774889591],[12.5893270880001,41.774233063],[12.589219041,41.7737184810001],[12.5884604570001,41.77272558],[12.5879911110001,41.7720842650001],[12.5881886450001,41.7717225820001],[12.5877091450001,41.771668779],[12.587521211,41.7715873880001],[12.5873189390001,41.771463995],[12.58703425,41.771416313],[12.5868104950001,41.771441397],[12.586531972,41.7714415],[12.5863831290001,41.7713788],[12.586274712,41.771299078],[12.5861563340001,41.771272761],[12.5858923750001,41.7713089120001],[12.585539834,41.771372985],[12.585254702,41.771337203],[12.585042919,41.771255307],[12.584917483,41.7712050110001],[12.5843396940001,41.771090156],[12.584102226,41.771056566],[12.5837680020001,41.771056682],[12.583518043,41.771101462],[12.5829557750001,41.7713255300001],[12.5826453450001,41.771454819],[12.5823510340001,41.771784069],[12.582273768,41.771934349],[12.582153142,41.7721373300001],[12.581589262,41.7726580240001],[12.5812715000001,41.772855065],[12.580990893,41.7729528080001],[12.5807326620001,41.7730903390001],[12.580269996,41.7734372740001],[12.5801399050001,41.7735107830001],[12.5799507240001,41.7735473050001],[12.579794604,41.773551162],[12.5795957920001,41.773589863],[12.5792786230001,41.7737285320001],[12.5790924890001,41.7738532810001],[12.579037746,41.7739545900001],[12.579028205,41.7741235720001],[12.578899053,41.7743045660001],[12.5787680170001,41.774487666],[12.5786788460001,41.774700243],[12.5783920440001,41.7749622660001],[12.578256503,41.7751381210001],[12.5777594350001,41.7754961850001],[12.5775561560001,41.7756110380001],[12.577408092,41.7757389720001],[12.5773490660001,41.7758270840001],[12.5773845680001,41.775941018],[12.5773971090001,41.77603064],[12.577331476,41.7760828690001],[12.5771500220001,41.7766747540001],[12.57715696,41.7769131860001],[12.577283285,41.7773626360001],[12.577257966,41.7776123020001],[12.577149433,41.777747025],[12.5769423400001,41.777822084],[12.576563794,41.7778569860001],[12.576268709,41.777957986],[12.5758746990001,41.778149828],[12.575651586,41.778241623],[12.575324579,41.7783026290001],[12.575217335,41.778350464],[12.5752145180001,41.77834964],[12.573761678,41.7787192700001],[12.573026735,41.778961085],[12.5722394540001,41.779239916],[12.5712347850001,41.779542737],[12.570960395,41.77972756],[12.570837969,41.779934661],[12.5706653670001,41.780121638],[12.5704927640001,41.780308614],[12.5704986530001,41.780489835],[12.570314764,41.7806384460001],[12.569980704,41.7807171590001],[12.569696344,41.780881277],[12.569614873,41.781015374],[12.5694159170001,41.781225619],[12.5692482860001,41.7813650420001],[12.5692445080001,41.781465041],[12.5691458380001,41.7815487350001],[12.5688759330001,41.781614507],[12.5686360060001,41.781645169],[12.568514647,41.781571113],[12.5683927470001,41.781511343],[12.567675083,41.781799956],[12.567179094,41.782182618],[12.5666704240001,41.7823743820001],[12.5658731340001,41.782411096],[12.5653018960001,41.782363242],[12.5650520030001,41.7822912240001],[12.5649978540001,41.7822078660001],[12.5648672250001,41.7821264630001],[12.564562521,41.7821021290001],[12.5642684430001,41.782049425],[12.5641181880001,41.7819819000001],[12.564017542,41.781865388],[12.5639146950001,41.7816809180001],[12.563836419,41.781604198],[12.563699398,41.7815655470001],[12.563476006,41.78157987],[12.563246973,41.78157501],[12.5629423190001,41.7815494810001],[12.562503206,41.781711725],[12.5623185740001,41.7818793700001],[12.562136826,41.7819708260001],[12.561668652,41.782227763],[12.561351718,41.782526037],[12.5609097060001,41.7827644650001],[12.5602117600001,41.7830355780001],[12.559913039,41.783524862],[12.5595605240001,41.784089253],[12.5588479850001,41.784623147],[12.5583106120001,41.7849690560001],[12.5581208780001,41.785186625],[12.5580674660001,41.7853356090001],[12.557837116,41.785616651],[12.557685011,41.785849318],[12.557661313,41.7859703390001],[12.557715048,41.7860644130001],[12.5578339630001,41.7862027640001],[12.557906786,41.786297244],[12.557922348,41.786390506],[12.5575828940001,41.786526257],[12.557412463,41.7864868880001],[12.557183686,41.786474872],[12.5564943680001,41.7865173930001],[12.5560079250001,41.7865832900001],[12.55543934,41.78679994],[12.555096905,41.787097653],[12.553649965,41.7876387150001],[12.5525142070001,41.7880338910001],[12.5513624120001,41.7881808980001],[12.5504738240001,41.788104756],[12.5502694950001,41.788119459],[12.549825954,41.788395936],[12.548149245,41.7888954250001],[12.5441271230001,41.790167683],[12.5423405550001,41.7909867060001],[12.541714976,41.791359334],[12.5402270820001,41.7922996660001],[12.538059537,41.793525645],[12.536049007,41.7946405750001],[12.5352089900001,41.795122941],[12.53462088,41.796011026],[12.53465118,41.797196536],[12.534501392,41.7971624840001],[12.5346199530001,41.797599898],[12.5350118960001,41.798174238],[12.535539724,41.79894212],[12.5360441890001,41.7997383310001],[12.5363172090001,41.800258883],[12.5364320750001,41.8005854130001],[12.536485127,41.8008629610001],[12.536514916,41.8010828210001],[12.53647705,41.8014060740001],[12.536426093,41.8017385790001],[12.536322398,41.8021176070001],[12.5361528710001,41.80255241],[12.535917366,41.8030467990001],[12.535580543,41.8035256680001],[12.5352339090001,41.803928074],[12.5347392240001,41.80453699],[12.534350374,41.805043332],[12.534108109,41.8053812570001],[12.5339307420001,41.8056987840001],[12.5339029310001,41.8057485730001],[12.533750126,41.8060788870001],[12.5334714960001,41.8063683720001],[12.533249626,41.8065065760001],[12.5328720850001,41.8067176850001],[12.5325356540001,41.8068534240001],[12.5321821050001,41.807103172],[12.531484801,41.8076791230001],[12.531041042,41.8079555200001],[12.5304670620001,41.8083053660001],[12.5300887700001,41.808535512],[12.5298916130001,41.808693303],[12.5296085590001,41.80909706],[12.528934884,41.8098180380001],[12.528496859,41.8102345400001],[12.527850385,41.8107706580001],[12.527419319,41.811047315],[12.5269107720001,41.811350894],[12.526559009,41.8115530060001],[12.526186448,41.8119643570001],[12.5258862270001,41.8124821100001],[12.52566568,41.8129157970001],[12.5254546670001,41.8131018760001],[12.524569222,41.8135974790001],[12.523614606,41.8142345520001],[12.5231607810001,41.8145717020001],[12.522896448,41.8148185790001],[12.5226968650001,41.8150382580001],[12.522614241,41.815198507],[12.522517049,41.815406099],[12.5224715140001,41.8155957430001],[12.5223950270001,41.8162025070001],[12.522315824,41.8169347090001],[12.5222432310001,41.8174954900001],[12.522122159,41.818322101],[12.522058745,41.818644798],[12.5219990050001,41.81887226],[12.521829887,41.8192273240001],[12.52169137,41.8195150380001],[12.521094883,41.820278962],[12.5190648290001,41.822756139],[12.5181800080001,41.8238903010001],[12.518083157,41.8240883650001],[12.5180197890001,41.8244376370001],[12.518027902,41.8244516880001],[12.5181020110001,41.824842167],[12.5181579440001,41.825043533],[12.518160225,41.825644055],[12.5182232220001,41.8263221390001],[12.5183129380001,41.82663861],[12.5181915060001,41.826738301],[12.5180960120001,41.826736237],[12.5170445810001,41.826904126],[12.5160277910001,41.827082287],[12.5158680820001,41.8270931280001],[12.515573943,41.8271201210001],[12.514460947,41.8270674350001],[12.5141357150001,41.8270746900001],[12.5139744210001,41.82710582],[12.513602888,41.8271775270001],[12.513378226,41.8272203160001],[12.513116101,41.8272432320001],[12.512045642,41.8272438660001],[12.510833834,41.8272747840001],[12.509007679,41.8272923600001],[12.50786064,41.8272960580001],[12.50666826,41.8272368070001],[12.5058310580001,41.827137604],[12.5049835310001,41.826976218],[12.5040845240001,41.8268280020001],[12.5033375690001,41.8267021510001],[12.503114753,41.826697304],[12.5025633710001,41.8267853880001],[12.5023707190001,41.8268240880001],[12.5019653210001,41.8267628450001],[12.5004508110001,41.826467767],[12.4989138510001,41.8261769480001],[12.498102854,41.825978181],[12.497586703,41.82614326],[12.4963803320001,41.8266888320001],[12.4959269030001,41.8268791],[12.495760455,41.8268992970001],[12.4943409850001,41.8268635580001],[12.4909560520001,41.8267419680001],[12.4907592600001,41.82672337],[12.490639979,41.826677872],[12.4904615,41.826516704],[12.490141442,41.8262285340001],[12.4898693370001,41.826017662],[12.4896131680001,41.825888154],[12.489418985,41.8258028910001],[12.488831412,41.8256756640001],[12.4880938690001,41.825554684],[12.4878028960001,41.825500661],[12.487573347,41.8255051680001],[12.4871745570001,41.825601283],[12.487032866,41.825666208],[12.486181921,41.826056114],[12.485946778,41.826203466],[12.485469165,41.8263598030001],[12.4848243280001,41.8263933310001],[12.484435064,41.826408631],[12.484107038,41.8264872230001],[12.484015487,41.82654717],[12.4838874440001,41.826725458],[12.4838015130001,41.82680459],[12.483519001,41.8270223820001],[12.4831129180001,41.8273041830001],[12.4829065980001,41.827447394],[12.482687722,41.827504548],[12.4823426420001,41.8275303400001],[12.4821011,41.8275155110001],[12.481594608,41.8274329160001],[12.481062653,41.8273497600001],[12.48070671,41.8273276520001],[12.480495505,41.827351611],[12.4801079330001,41.8274860720001],[12.4795164650001,41.8277828540001],[12.4790678520001,41.828011285],[12.479197442,41.828281006],[12.4796249500001,41.828752659],[12.480066992,41.82917888],[12.480319805,41.8295561480001],[12.4804786330001,41.8300552600001],[12.480637492,41.830878435],[12.4808125110001,41.832264309],[12.4808869830001,41.833289601],[12.4809196680001,41.834405475],[12.480907395,41.835367863],[12.4808954970001,41.836320728],[12.4809178100001,41.837051312],[12.48084333,41.837650146],[12.4808384720001,41.837773945],[12.480698192,41.837865134],[12.480702884,41.8379891430001],[12.4807549980001,41.8386098190001],[12.480796248,41.839182599],[12.480794669,41.839230848],[12.4807322140001,41.8411389130001],[12.480722524,41.841710575],[12.4807118470001,41.842282524],[12.480710964,41.842329852],[12.480697159,41.8430062670001],[12.4806428790001,41.8434149200001],[12.480485968,41.8438403810001],[12.4802915940001,41.844245959],[12.47996612,41.8447439710001],[12.4795911950001,41.845202769],[12.4790447130001,41.845810299],[12.47904971,41.845844029],[12.4790298250001,41.84618929],[12.477769215,41.8453171890001],[12.476163421,41.845844237],[12.4755498480001,41.8473462110001],[12.474458102,41.846907587],[12.4735725940001,41.846087476],[12.4714177280001,41.846894816],[12.4714374930001,41.846920857],[12.4715745680001,41.8473241890001],[12.4715967180001,41.8477326140001],[12.4714678330001,41.8480919610001],[12.47130449,41.8483552370001],[12.471092077,41.848569776],[12.470656762,41.848941434],[12.4703169790001,41.849153164],[12.4699906810001,41.849346129],[12.4692920160001,41.8496071320001],[12.4678563850001,41.850130189],[12.4662645810001,41.850733655],[12.4647117110001,41.8513188960001],[12.4631329640001,41.851913075],[12.462530902,41.852147578],[12.462012003,41.852374387],[12.461658685,41.852604855],[12.4613274450001,41.852921591],[12.461057629,41.853296871],[12.460811399,41.8537203290001],[12.4606213930001,41.8540115930001],[12.4605036620001,41.8544092990001],[12.460423389,41.8548268960001],[12.46048918,41.8554192870001],[12.460718904,41.8563793970001],[12.460926248,41.857260856],[12.4610741270001,41.8577120940001],[12.4613381610001,41.8581277760001],[12.461702598,41.858583803],[12.462084525,41.858920122],[12.462431027,41.8591851250001],[12.462840472,41.859470582],[12.4631896180001,41.8596689230001],[12.4636047170001,41.859811533],[12.4639591390001,41.8598765520001],[12.464505768,41.859917222],[12.4655143740001,41.859882311],[12.4676803130001,41.859920586],[12.4699178070001,41.8600843030001],[12.470120498,41.8601173640001],[12.4708424740001,41.860238118],[12.472097978,41.860408744],[12.4730204050001,41.8606196800001],[12.4738892570001,41.860896149],[12.474503713,41.8611574810001],[12.475092322,41.861427774],[12.475615367,41.8617442780001],[12.476160898,41.862137523],[12.4765295830001,41.862488753],[12.476823337,41.862800209],[12.477085097,41.863276806],[12.4771757730001,41.8635647350001],[12.4770626260001,41.864496307],[12.4769685800001,41.8649422070001],[12.4767726150001,41.865385867],[12.47652981,41.865723652],[12.476289249,41.8660042990001],[12.4760374470001,41.8662465730001],[12.4749178050001,41.8671560060001],[12.474453107,41.8675749670001],[12.4744286430001,41.867597023],[12.474068904,41.867989417],[12.473809956,41.868412623],[12.4733887400001,41.869070535],[12.473030468,41.869748895],[12.4721084190001,41.871789236],[12.4717729710001,41.872534812],[12.4716170030001,41.8726181000001],[12.4741999,41.8728060230001],[12.47435096,41.8730178430001],[12.4748240700001,41.8731473930001],[12.475693705,41.8735299],[12.4761443360001,41.873825745],[12.4762228220001,41.873894545],[12.4762907200001,41.8739540620001],[12.476798037,41.8742273240001],[12.4774885200001,41.874707147],[12.4782361630001,41.875152481],[12.478828992,41.875481225],[12.479235847,41.875674829],[12.479871545,41.87592707],[12.480334151,41.8761218920001],[12.4804449430001,41.876142196],[12.4806766020001,41.876331948],[12.480967274,41.8762370590001],[12.4810871130001,41.8764242180001]]]},"properties":{"OBJECTID":8,"municipio":"Municipio_VIII","zone_urb":"Ostiense,Valco San Paolo,Garbatella,Navigatori,Tor Marancia,Tre fontane,Grottaperfetta,Appia Antica Nord,Appia Antica Sud","rione":" -","quartiere":"Appio-Latino (parte),Ostiense (parte),Ardeatino (parte),Appio-Pignatelli (parte)","sub_urbio":" -","zone_agro":"Aeroporto di Ciampino (parte),Torricola,Cecchignola (parte),Castel di Leva (parte)","borgate":" -","ex_mun":"11","etichetta":"VIII (Ex XI)","municipio_join":"Municipio VIII","etichetta_2":"VIII","Shape__Area":85466446.648925781,"Shape__Length":55507.610456444541}},{"type":"Feature","id":9,"geometry":{"type":"Polygon","coordinates":[[[12.4755498480001,41.8473462110001],[12.476163421,41.845844237],[12.477769215,41.8453171890001],[12.4790298250001,41.84618929],[12.47904971,41.845844029],[12.4790447130001,41.845810299],[12.4795911950001,41.845202769],[12.47996612,41.8447439710001],[12.4802915940001,41.844245959],[12.480485968,41.8438403810001],[12.4806428790001,41.8434149200001],[12.480697159,41.8430062670001],[12.480710964,41.842329852],[12.4807118470001,41.842282524],[12.480722524,41.841710575],[12.4807322140001,41.8411389130001],[12.480794669,41.839230848],[12.480796248,41.839182599],[12.4807549980001,41.8386098190001],[12.480702884,41.8379891430001],[12.480698192,41.837865134],[12.4808384720001,41.837773945],[12.48084333,41.837650146],[12.4809178100001,41.837051312],[12.4808954970001,41.836320728],[12.480907395,41.835367863],[12.4809196680001,41.834405475],[12.4808869830001,41.833289601],[12.4808125110001,41.832264309],[12.480637492,41.830878435],[12.4804786330001,41.8300552600001],[12.480319805,41.8295561480001],[12.480066992,41.82917888],[12.4796249500001,41.828752659],[12.479197442,41.828281006],[12.4790678520001,41.828011285],[12.4795164650001,41.8277828540001],[12.4801079330001,41.8274860720001],[12.480495505,41.827351611],[12.48070671,41.8273276520001],[12.481062653,41.8273497600001],[12.481594608,41.8274329160001],[12.4821011,41.8275155110001],[12.4823426420001,41.8275303400001],[12.482687722,41.827504548],[12.4829065980001,41.827447394],[12.4831129180001,41.8273041830001],[12.483519001,41.8270223820001],[12.4838015130001,41.82680459],[12.4838874440001,41.826725458],[12.484015487,41.82654717],[12.484107038,41.8264872230001],[12.484435064,41.826408631],[12.4848243280001,41.8263933310001],[12.485469165,41.8263598030001],[12.485946778,41.826203466],[12.486181921,41.826056114],[12.487032866,41.825666208],[12.4871745570001,41.825601283],[12.487573347,41.8255051680001],[12.4878028960001,41.825500661],[12.4880938690001,41.825554684],[12.488831412,41.8256756640001],[12.489418985,41.8258028910001],[12.4896131680001,41.825888154],[12.4898693370001,41.826017662],[12.490141442,41.8262285340001],[12.4904615,41.826516704],[12.490639979,41.826677872],[12.4907592600001,41.82672337],[12.4909560520001,41.8267419680001],[12.4943409850001,41.8268635580001],[12.495760455,41.8268992970001],[12.4959269030001,41.8268791],[12.4963803320001,41.8266888320001],[12.497586703,41.82614326],[12.498102854,41.825978181],[12.4989138510001,41.8261769480001],[12.5004508110001,41.826467767],[12.5019653210001,41.8267628450001],[12.5023707190001,41.8268240880001],[12.5025633710001,41.8267853880001],[12.503114753,41.826697304],[12.5033375690001,41.8267021510001],[12.5040845240001,41.8268280020001],[12.5049835310001,41.826976218],[12.5058310580001,41.827137604],[12.50666826,41.8272368070001],[12.50786064,41.8272960580001],[12.509007679,41.8272923600001],[12.510833834,41.8272747840001],[12.512045642,41.8272438660001],[12.513116101,41.8272432320001],[12.513378226,41.8272203160001],[12.513602888,41.8271775270001],[12.5139744210001,41.82710582],[12.5141357150001,41.8270746900001],[12.514460947,41.8270674350001],[12.515573943,41.8271201210001],[12.5158680820001,41.8270931280001],[12.5160277910001,41.827082287],[12.5170445810001,41.826904126],[12.5180960120001,41.826736237],[12.5181915060001,41.826738301],[12.5183129380001,41.82663861],[12.5182232220001,41.8263221390001],[12.518160225,41.825644055],[12.5181579440001,41.825043533],[12.5181020110001,41.824842167],[12.518027902,41.8244516880001],[12.5180197890001,41.8244376370001],[12.518083157,41.8240883650001],[12.5181800080001,41.8238903010001],[12.5190648290001,41.822756139],[12.521094883,41.820278962],[12.52169137,41.8195150380001],[12.521829887,41.8192273240001],[12.5219990050001,41.81887226],[12.522058745,41.818644798],[12.522122159,41.818322101],[12.5222432310001,41.8174954900001],[12.522315824,41.8169347090001],[12.5223950270001,41.8162025070001],[12.5224715140001,41.8155957430001],[12.522517049,41.815406099],[12.522614241,41.815198507],[12.5226968650001,41.8150382580001],[12.522896448,41.8148185790001],[12.5231607810001,41.8145717020001],[12.523614606,41.8142345520001],[12.524569222,41.8135974790001],[12.5254546670001,41.8131018760001],[12.52566568,41.8129157970001],[12.5258862270001,41.8124821100001],[12.526186448,41.8119643570001],[12.526559009,41.8115530060001],[12.5269107720001,41.811350894],[12.527419319,41.811047315],[12.527850385,41.8107706580001],[12.528496859,41.8102345400001],[12.528934884,41.8098180380001],[12.5296085590001,41.80909706],[12.5298916130001,41.808693303],[12.5300887700001,41.808535512],[12.5304670620001,41.8083053660001],[12.531041042,41.8079555200001],[12.531484801,41.8076791230001],[12.5321821050001,41.807103172],[12.5325356540001,41.8068534240001],[12.5328720850001,41.8067176850001],[12.533249626,41.8065065760001],[12.5334714960001,41.8063683720001],[12.533750126,41.8060788870001],[12.5339029310001,41.8057485730001],[12.5339307420001,41.8056987840001],[12.534108109,41.8053812570001],[12.534350374,41.805043332],[12.5347392240001,41.80453699],[12.5352339090001,41.803928074],[12.535580543,41.8035256680001],[12.535917366,41.8030467990001],[12.5361528710001,41.80255241],[12.536322398,41.8021176070001],[12.536426093,41.8017385790001],[12.53647705,41.8014060740001],[12.536514916,41.8010828210001],[12.536485127,41.8008629610001],[12.5364320750001,41.8005854130001],[12.5363172090001,41.800258883],[12.5360441890001,41.7997383310001],[12.535539724,41.79894212],[12.5350118960001,41.798174238],[12.5346199530001,41.797599898],[12.534501392,41.7971624840001],[12.53465118,41.797196536],[12.53462088,41.796011026],[12.5352089900001,41.795122941],[12.536049007,41.7946405750001],[12.538059537,41.793525645],[12.5402270820001,41.7922996660001],[12.541714976,41.791359334],[12.5423405550001,41.7909867060001],[12.5441271230001,41.790167683],[12.548149245,41.7888954250001],[12.549825954,41.788395936],[12.5502694950001,41.788119459],[12.5504738240001,41.788104756],[12.5513624120001,41.7881808980001],[12.5525142070001,41.7880338910001],[12.553649965,41.7876387150001],[12.555096905,41.787097653],[12.55543934,41.78679994],[12.5560079250001,41.7865832900001],[12.5564943680001,41.7865173930001],[12.557183686,41.786474872],[12.557412463,41.7864868880001],[12.5575828940001,41.786526257],[12.557922348,41.786390506],[12.557906786,41.786297244],[12.5578339630001,41.7862027640001],[12.557715048,41.7860644130001],[12.557661313,41.7859703390001],[12.557685011,41.785849318],[12.557837116,41.785616651],[12.5580674660001,41.7853356090001],[12.5581208780001,41.785186625],[12.5583106120001,41.7849690560001],[12.5588479850001,41.784623147],[12.5595605240001,41.784089253],[12.559913039,41.783524862],[12.5602117600001,41.7830355780001],[12.5609097060001,41.7827644650001],[12.561351718,41.782526037],[12.561668652,41.782227763],[12.562136826,41.7819708260001],[12.5623185740001,41.7818793700001],[12.562503206,41.781711725],[12.5629423190001,41.7815494810001],[12.563246973,41.78157501],[12.563476006,41.78157987],[12.563699398,41.7815655470001],[12.563836419,41.781604198],[12.5639146950001,41.7816809180001],[12.564017542,41.781865388],[12.5641181880001,41.7819819000001],[12.5642684430001,41.782049425],[12.564562521,41.7821021290001],[12.5648672250001,41.7821264630001],[12.5649978540001,41.7822078660001],[12.5650520030001,41.7822912240001],[12.5653018960001,41.782363242],[12.5658731340001,41.782411096],[12.5666704240001,41.7823743820001],[12.567179094,41.782182618],[12.567675083,41.781799956],[12.5683927470001,41.781511343],[12.568514647,41.781571113],[12.5686360060001,41.781645169],[12.5688759330001,41.781614507],[12.5691458380001,41.7815487350001],[12.5692445080001,41.781465041],[12.5692482860001,41.7813650420001],[12.5694159170001,41.781225619],[12.569614873,41.781015374],[12.569696344,41.780881277],[12.569980704,41.7807171590001],[12.570314764,41.7806384460001],[12.5704986530001,41.780489835],[12.5704927640001,41.780308614],[12.5706653670001,41.780121638],[12.570837969,41.779934661],[12.570960395,41.77972756],[12.5712347850001,41.779542737],[12.5722394540001,41.779239916],[12.573026735,41.778961085],[12.573761678,41.7787192700001],[12.5752145180001,41.77834964],[12.575217335,41.778350464],[12.575324579,41.7783026290001],[12.575651586,41.778241623],[12.5758746990001,41.778149828],[12.576268709,41.777957986],[12.576563794,41.7778569860001],[12.5769423400001,41.777822084],[12.577149433,41.777747025],[12.577257966,41.7776123020001],[12.577283285,41.7773626360001],[12.57715696,41.7769131860001],[12.5771500220001,41.7766747540001],[12.577331476,41.7760828690001],[12.5773971090001,41.77603064],[12.5773845680001,41.775941018],[12.5773490660001,41.7758270840001],[12.577408092,41.7757389720001],[12.5775561560001,41.7756110380001],[12.5777594350001,41.7754961850001],[12.578256503,41.7751381210001],[12.5783920440001,41.7749622660001],[12.5786788460001,41.774700243],[12.5787680170001,41.774487666],[12.578899053,41.7743045660001],[12.579028205,41.7741235720001],[12.579037746,41.7739545900001],[12.5790924890001,41.7738532810001],[12.5792786230001,41.7737285320001],[12.5795957920001,41.773589863],[12.579794604,41.773551162],[12.5799507240001,41.7735473050001],[12.5801399050001,41.7735107830001],[12.580269996,41.7734372740001],[12.5807326620001,41.7730903390001],[12.580990893,41.7729528080001],[12.5812715000001,41.772855065],[12.581589262,41.7726580240001],[12.582153142,41.7721373300001],[12.582273768,41.771934349],[12.5823510340001,41.771784069],[12.5826453450001,41.771454819],[12.5829557750001,41.7713255300001],[12.583518043,41.771101462],[12.5837680020001,41.771056682],[12.584102226,41.771056566],[12.5843396940001,41.771090156],[12.584917483,41.7712050110001],[12.585042919,41.771255307],[12.585254702,41.771337203],[12.585539834,41.771372985],[12.5858923750001,41.7713089120001],[12.5861563340001,41.771272761],[12.586274712,41.771299078],[12.5863831290001,41.7713788],[12.586531972,41.7714415],[12.5868104950001,41.771441397],[12.58703425,41.771416313],[12.5873189390001,41.771463995],[12.587521211,41.7715873880001],[12.5877091450001,41.771668779],[12.5881886450001,41.7717225820001],[12.5885379280001,41.771083036],[12.588535409,41.7707255540001],[12.588475814,41.770617074],[12.588342228,41.770147228],[12.588276706,41.7693475940001],[12.5879106680001,41.768922906],[12.587606012,41.768559076],[12.5872984000001,41.7678496710001],[12.5852092650001,41.765420514],[12.5847462560001,41.764612518],[12.58462138,41.7632754910001],[12.5850410530001,41.7631175170001],[12.5851095690001,41.762987901],[12.585133956,41.7627620420001],[12.5849962090001,41.7626161740001],[12.5847957550001,41.7624451570001],[12.584559928,41.7623687110001],[12.584390382,41.762222173],[12.5841872610001,41.761274288],[12.583726004,41.7595727520001],[12.5838164150001,41.7595955250001],[12.584197788,41.759609507],[12.584650487,41.759630944],[12.5865820990001,41.7596775150001],[12.586616437,41.7593982510001],[12.587197229,41.7593985410001],[12.5887212380001,41.759281624],[12.588949481,41.759560445],[12.5901066800001,41.7594655940001],[12.592164224,41.759335999],[12.5921925910001,41.759002992],[12.5930626910001,41.758925919],[12.594928306,41.7588220370001],[12.5949496540001,41.7591024710001],[12.5960123290001,41.75898175],[12.5969818250001,41.7587994990001],[12.59659749,41.7582255250001],[12.596207608,41.757800364],[12.5959587720001,41.7576462260001],[12.595815283,41.7574406780001],[12.5956521360001,41.7569094570001],[12.595627726,41.756497903],[12.595517649,41.7560368960001],[12.595225848,41.7555422990001],[12.595136956,41.755153222],[12.5944086650001,41.7552690250001],[12.5943322250001,41.755398481],[12.594248448,41.7557243700001],[12.594223652,41.755962137],[12.59400857,41.755969545],[12.593709157,41.7558917850001],[12.5931809890001,41.755761573],[12.5925609290001,41.755748575],[12.591998072,41.7556950740001],[12.5920449440001,41.755505427],[12.591656534,41.755467496],[12.591229334,41.7551904640001],[12.5909424870001,41.755202318],[12.590165004,41.7551443050001],[12.589106841,41.755145923],[12.588694957,41.7553100320001],[12.588244962,41.755217181],[12.5876808560001,41.754984918],[12.587251893,41.754755491],[12.58698192,41.754529403],[12.586718337,41.7543451490001],[12.586363966,41.7542483440001],[12.5856150340001,41.7540658],[12.58558971,41.7538925100001],[12.5850210720001,41.7539937380001],[12.5846940370001,41.754016646],[12.5843807580001,41.753884957],[12.5841120470001,41.7538376040001],[12.5838927730001,41.753850862],[12.583315962,41.753957867],[12.583349006,41.754137277],[12.583006966,41.754136036],[12.582731998,41.7542553480001],[12.5824527840001,41.7544877560001],[12.5822676170001,41.754757888],[12.5818907720001,41.7550478100001],[12.5813906340001,41.755019406],[12.5811052290001,41.754781065],[12.5808415600001,41.7548112530001],[12.580635549,41.754789042],[12.580445093,41.7545646140001],[12.5800224380001,41.7545914510001],[12.580035847,41.754446379],[12.5804488470001,41.753829581],[12.580816177,41.753581162],[12.5814970980001,41.7532440330001],[12.582433499,41.7528824930001],[12.583473097,41.7524206530001],[12.5841543490001,41.752286058],[12.584637989,41.752117517],[12.5854034120001,41.751859585],[12.5858334120001,41.7516362960001],[12.5867236340001,41.75123205],[12.58740227,41.750954409],[12.587926607,41.7505484220001],[12.5888238750001,41.749742794],[12.5894409750001,41.7491957760001],[12.5895704540001,41.7489244650001],[12.589758467,41.748576939],[12.589994394,41.7482244600001],[12.5899362220001,41.7478658090001],[12.589745957,41.747423369],[12.589560389,41.7470680010001],[12.5893313670001,41.746598534],[12.5892726050001,41.7460432840001],[12.589090276,41.7459203130001],[12.5885522460001,41.7458434870001],[12.587539329,41.74570307],[12.587081676,41.745604098],[12.5867850770001,41.745240435],[12.586387557,41.744598239],[12.5859569100001,41.7437790120001],[12.5855339120001,41.74318036],[12.585188615,41.742630997],[12.585141645,41.7422289730001],[12.5848956680001,41.741661444],[12.5848863030001,41.7412323310001],[12.5849895160001,41.740176508],[12.585154824,41.7401799840001],[12.585564952,41.7401028240001],[12.5859027070001,41.739919296],[12.5863209090001,41.7399662110001],[12.5863457560001,41.739642664],[12.587017331,41.7393803640001],[12.5874740350001,41.7394185540001],[12.5881444140001,41.7395279510001],[12.5891228290001,41.739567557],[12.5894502370001,41.739660214],[12.589990668,41.7396715560001],[12.590683993,41.7398481390001],[12.5906517930001,41.740028561],[12.592950108,41.740505673],[12.593198027,41.740682437],[12.5934441680001,41.740906819],[12.593539231,41.740746776],[12.5936618600001,41.7405301220001],[12.593867383,41.740479145],[12.595069106,41.740332751],[12.596982219,41.740220295],[12.597596147,41.7401378260001],[12.598124258,41.739967774],[12.5983878120001,41.739725467],[12.5987940800001,41.739409892],[12.599464186,41.7391856150001],[12.5998343700001,41.739155226],[12.599867014,41.7382790120001],[12.599564732,41.7378533080001],[12.5992878860001,41.7374281360001],[12.5993898720001,41.736740189],[12.5990424180001,41.7361610350001],[12.5989372070001,41.735911017],[12.598943596,41.7357395840001],[12.598216404,41.735447965],[12.597039286,41.7349372350001],[12.59647883,41.734610968],[12.595709331,41.734089692],[12.5949391350001,41.733587459],[12.594085976,41.733262675],[12.592713325,41.7325381110001],[12.5928525690001,41.7322169600001],[12.593293938,41.731301656],[12.593310656,41.730854026],[12.593602107,41.730545594],[12.5939694850001,41.730248284],[12.594344951,41.730075051],[12.595035425,41.7299846660001],[12.595647125,41.7299593480001],[12.596834584,41.730190082],[12.597041909,41.726677298],[12.597214423,41.72580401],[12.597049149,41.7258005520001],[12.596569523,41.7260383350001],[12.5958175820001,41.726413388],[12.5953059240001,41.7261453250001],[12.5948207650001,41.72584922],[12.594515646,41.72584283],[12.594123225,41.7261300860001],[12.5935969980001,41.7262525020001],[12.593131848,41.726442917],[12.592878199,41.7267616710001],[12.5924823020001,41.72680103],[12.5919546430001,41.726961535],[12.5918338160001,41.7271305670001],[12.5916476410001,41.727345889],[12.591023609,41.7273613950001],[12.590642557,41.727343869],[12.590470619,41.727178227],[12.5906537700001,41.7267035890001],[12.5909128710001,41.725898847],[12.591344098,41.724573482],[12.5921347280001,41.7235034710001],[12.592343349,41.7230274570001],[12.592708025,41.722120078],[12.593199993,41.7205290960001],[12.5933048910001,41.7204455100001],[12.593873032,41.720562262],[12.594796764,41.720695988],[12.5960828030001,41.720837292],[12.59802389,41.7209827510001],[12.5986373380001,41.7205666620001],[12.599741716,41.71994923],[12.6005902920001,41.719709611],[12.6005480000001,41.7191368360001],[12.600414648,41.7182762140001],[12.600398491,41.717684923],[12.600541204,41.717268517],[12.600838228,41.7168076790001],[12.601450201,41.716429669],[12.6016197010001,41.71631883],[12.6016373730001,41.716185758],[12.5996173660001,41.7157718280001],[12.599824346,41.715337704],[12.600961715,41.7133179100001],[12.6020066890001,41.7115573390001],[12.6033621180001,41.7117095400001],[12.603506537,41.7115886440001],[12.603962407,41.7109595430001],[12.604017652,41.709815006],[12.603873708,41.708553841],[12.6031185420001,41.708337922],[12.6042530190001,41.706903267],[12.604595852,41.7065768140001],[12.6053983040001,41.7068890250001],[12.6067832950001,41.707270559],[12.606839789,41.707119231],[12.6085273570001,41.7075737690001],[12.609183327,41.707720867],[12.6095452060001,41.707909499],[12.610026423,41.7083103060001],[12.6098283600001,41.708506347],[12.6103413550001,41.7087362460001],[12.6109104870001,41.708824339],[12.611111027,41.708904762],[12.611946017,41.7090269720001],[12.6131707960001,41.709271657],[12.612946929,41.708790428],[12.6125546420001,41.7080483460001],[12.612311021,41.707757336],[12.6114936820001,41.7071589170001],[12.608673609,41.7053445280001],[12.608473787,41.705588187],[12.606757342,41.7045420930001],[12.6062059280001,41.703977772],[12.605205859,41.702822672],[12.60548017,41.7026282300001],[12.604318388,41.7013763410001],[12.6035012340001,41.700434734],[12.6032795890001,41.699896343],[12.60325211,41.6992666880001],[12.6039415600001,41.6988521530001],[12.6052399450001,41.6981357700001],[12.6058577740001,41.697937051],[12.6055235060001,41.6975202260001],[12.605056517,41.6970815710001],[12.602986694,41.6956277250001],[12.602426183,41.6953110170001],[12.6021081810001,41.6949707750001],[12.6019628780001,41.694432068],[12.601802005,41.693628059],[12.6013562740001,41.692961075],[12.6017661170001,41.692540713],[12.6035039010001,41.690947088],[12.602796229,41.690827475],[12.602125616,41.690737224],[12.6014987880001,41.690495379],[12.6007865610001,41.690156432],[12.6001826990001,41.689810213],[12.598201478,41.690426479],[12.5983715690001,41.69063973],[12.597624669,41.690890994],[12.596871025,41.691323212],[12.5964926670001,41.6912390430001],[12.5954382420001,41.6918937140001],[12.593865582,41.692804403],[12.592160291,41.6940306440001],[12.592366005,41.69431137],[12.591875583,41.694844386],[12.5914712590001,41.695455458],[12.5911128720001,41.6958578],[12.590802109,41.696346922],[12.590343573,41.6963658970001],[12.5898963060001,41.697445014],[12.589798812,41.6976717250001],[12.5894940800001,41.6979989330001],[12.589301328,41.6980520770001],[12.588812025,41.6982133750001],[12.588132103,41.6983706660001],[12.587243863,41.69865702],[12.587463702,41.6988999260001],[12.587125814,41.6990929910001],[12.5866018190001,41.699501368],[12.586178412,41.6999404530001],[12.5857838580001,41.7006279620001],[12.5853567680001,41.7004855430001],[12.5852267070001,41.700902195],[12.5850585200001,41.701318046],[12.584713838,41.70169206],[12.583217479,41.7032714100001],[12.583502287,41.7034775650001],[12.582219556,41.704784982],[12.5819198930001,41.704635701],[12.581245304,41.7053268290001],[12.5807985480001,41.705708212],[12.5799993430001,41.7063299860001],[12.579133208,41.707209601],[12.578577239,41.707788835],[12.5789030400001,41.7079196130001],[12.5786762490001,41.708200778],[12.578081066,41.7088077770001],[12.5779160290001,41.709137899],[12.5773691370001,41.710151954],[12.5769804920001,41.710000784],[12.576140208,41.7113746520001],[12.575207504,41.7131754810001],[12.574903514,41.7138172040001],[12.575283762,41.713853828],[12.574983708,41.7143907880001],[12.5741243850001,41.7142391990001],[12.5730734270001,41.7139405830001],[12.5721708030001,41.7135879040001],[12.572071787,41.713852692],[12.571619222,41.713709683],[12.570817936,41.713368668],[12.5700757560001,41.7128096720001],[12.570054133,41.712370765],[12.5697915210001,41.7122508310001],[12.569186808,41.7120950610001],[12.568802122,41.7118391010001],[12.568204598,41.711492848],[12.567574474,41.7113365320001],[12.5662434980001,41.7112130200001],[12.5653926360001,41.711175924],[12.564745857,41.711124086],[12.563848476,41.710971613],[12.563043781,41.7110593880001],[12.5632472560001,41.711397307],[12.561940017,41.711655509],[12.560488041,41.7118724960001],[12.5598928210001,41.7118026630001],[12.5589199030001,41.7116294850001],[12.5579742140001,41.7114092200001],[12.557541348,41.711419078],[12.556149449,41.711561035],[12.554629719,41.7117193170001],[12.553904157,41.7117324610001],[12.5530558290001,41.7116286070001],[12.553207566,41.7113173000001],[12.5517672980001,41.7110578520001],[12.5514281050001,41.710945775],[12.551123014,41.710605668],[12.550796486,41.710160257],[12.550267692,41.709681936],[12.549459337,41.709531251],[12.549074024,41.7092942730001],[12.5485456120001,41.708806422],[12.5481508550001,41.7084834560001],[12.547777249,41.708273413],[12.5470560420001,41.7078386260001],[12.546364248,41.707299618],[12.5461496140001,41.706923304],[12.546172106,41.7066664340001],[12.5457517890001,41.706514482],[12.5451932940001,41.706149881],[12.5443733590001,41.7056367160001],[12.543917637,41.7052457120001],[12.5436670730001,41.7048114360001],[12.543542222,41.704416069],[12.543353031,41.704040294],[12.5426642200001,41.703758678],[12.542176936,41.7035290260001],[12.5419089650001,41.7032182840001],[12.54225826,41.703063725],[12.5419046000001,41.702665364],[12.541385372,41.702272991],[12.5410772170001,41.702182518],[12.54002353,41.7021313600001],[12.5397730010001,41.7020306790001],[12.5396045320001,41.7017792520001],[12.539698947,41.700971098],[12.5396107240001,41.7006165430001],[12.539336964,41.7004581740001],[12.5389851420001,41.70034579],[12.5382971060001,41.7003787020001],[12.5376134320001,41.7002973260001],[12.5365165860001,41.70004505],[12.536036605,41.6999585020001],[12.5359295120001,41.6997655750001],[12.5354749470001,41.6996795700001],[12.536392506,41.6986317290001],[12.536414671,41.698384386],[12.5361900840001,41.6982709100001],[12.534928085,41.6980150750001],[12.535255955,41.697755229],[12.532747252,41.6971771350001],[12.5321369480001,41.6971735540001],[12.530155375,41.6971118970001],[12.5296118900001,41.6970239570001],[12.528140858,41.6965824540001],[12.5261877190001,41.6961114860001],[12.5249672160001,41.6957706530001],[12.5244008940001,41.6956154760001],[12.5242683450001,41.6957555910001],[12.5239976500001,41.6955790270001],[12.5215294830001,41.693619497],[12.51972562,41.6922461500001],[12.5181484840001,41.6909310500001],[12.5159020350001,41.6891668210001],[12.5145992820001,41.6879948600001],[12.5142508760001,41.6877966910001],[12.5137790910001,41.687500535],[12.511198074,41.686834622],[12.5090798360001,41.686369319],[12.507966636,41.686878935],[12.5072570340001,41.687473552],[12.5065676790001,41.688202043],[12.5056510860001,41.688887471],[12.5047867660001,41.6895359000001],[12.50408521,41.6899209790001],[12.503356405,41.6896954470001],[12.5028496640001,41.689646305],[12.500804277,41.6899258870001],[12.499595952,41.6902617850001],[12.499152157,41.6905571290001],[12.498387183,41.691264862],[12.4978284370001,41.6919008310001],[12.497229939,41.692249986],[12.4960215520001,41.6925858440001],[12.49562855,41.692882282],[12.494311312,41.6920910360001],[12.4898937400001,41.690583921],[12.488474237,41.6900953800001],[12.4878786780001,41.6900823550001],[12.485573534,41.690091486],[12.4844641460001,41.6900076220001],[12.484061055,41.689128205],[12.48220007,41.6887538240001],[12.4777756830001,41.688084863],[12.467654903,41.6867660500001],[12.464643262,41.6857464660001],[12.462044527,41.685546101],[12.453666189,41.6819770000001],[12.4531235590001,41.681915512],[12.4495856070001,41.6856099870001],[12.44108687,41.693753321],[12.4344795440001,41.700053912],[12.426387742,41.7080222050001],[12.424979234,41.709849251],[12.424397953,41.711265924],[12.424387848,41.712182297],[12.424508673,41.713138144],[12.42488654,41.71402827],[12.4257486290001,41.714738622],[12.42701715,41.715624873],[12.4297861690001,41.718760746],[12.4311382710001,41.722341434],[12.4314105070001,41.723491288],[12.432053695,41.727699472],[12.432272707,41.7321911380001],[12.432194227,41.7324745660001],[12.432113772,41.733216213],[12.432113766,41.734493414],[12.4318121090001,41.736953382],[12.4317509960001,41.7378479610001],[12.43168988,41.73874254],[12.431579422,41.7395978910001],[12.4316052190001,41.7402275370001],[12.431725901,41.741030868],[12.431831027,41.741586038],[12.4320132030001,41.742123867],[12.432322533,41.7426645400001],[12.43282772,41.743400217],[12.4332141130001,41.7439235470001],[12.433747028,41.744602651],[12.434809456,41.7454079610001],[12.4365933170001,41.747274001],[12.4371225040001,41.7480483210001],[12.4375028960001,41.7487240030001],[12.437549636,41.7494684910001],[12.437525383,41.7500779550001],[12.4371450620001,41.7506794720001],[12.435603784,41.7523073250001],[12.4348730580001,41.753396638],[12.4344266430001,41.7543779220001],[12.434402356,41.7549873840001],[12.434580791,41.75562044],[12.435140765,41.756262016],[12.4360731840001,41.7571406590001],[12.4363378090001,41.7575278210001],[12.4377460900001,41.7592443930001],[12.4381774240001,41.7599212100001],[12.438330471,41.760553692],[12.4376753220001,41.762940966],[12.4368713330001,41.766506796],[12.4366298840001,41.7674545360001],[12.436672179,41.7678595940001],[12.436602619,41.768167572],[12.43659124,41.768453256],[12.4366659990001,41.768574066],[12.4369723890001,41.7688728040001],[12.4373385910001,41.769268186],[12.437872595,41.769846026],[12.4383629330001,41.770321618],[12.438961007,41.7708825980001],[12.438365844,41.77099315],[12.4373149630001,41.771005442],[12.4370679150001,41.771214383],[12.4366115600001,41.7718833010001],[12.4361623080001,41.772373663],[12.435669617,41.772755826],[12.4336347180001,41.773496693],[12.432033394,41.774139994],[12.42843616,41.775739372],[12.427704867,41.7761161560001],[12.4265256370001,41.7769475470001],[12.426122552,41.777474646],[12.425436075,41.7779239050001],[12.4244113440001,41.778472799],[12.423477722,41.7791309560001],[12.4223938000001,41.7799644410001],[12.421259277,41.780868265],[12.4207187230001,41.781249288],[12.420569866,41.7813889120001],[12.4181237710001,41.7816556110001],[12.4175946620001,41.7817509380001],[12.417393368,41.7818286180001],[12.4170591880001,41.7820641480001],[12.416777957,41.7824080950001],[12.416699039,41.7824706550001],[12.416621268,41.782504648],[12.416506763,41.7825020710001],[12.416394553,41.7824423590001],[12.4160960190001,41.7820281780001],[12.415857395,41.7817869090001],[12.415520746,41.7814585630001],[12.4155142340001,41.7814608200001],[12.4146020920001,41.780868406],[12.414134189,41.780629119],[12.413752518,41.780620522],[12.4132338150001,41.780694618],[12.412146745,41.7811276210001],[12.410528297,41.7819489440001],[12.407865536,41.783561594],[12.407585929,41.783790297],[12.4075846170001,41.7837894140001],[12.4075449210001,41.7837554180001],[12.407133502,41.784188424],[12.406614841,41.784734288],[12.406154002,41.785267159],[12.40575963,41.78557278],[12.404989958,41.7861844490001],[12.404693305,41.786435087],[12.404591539,41.7865900530001],[12.4045857740001,41.786732892],[12.4045782800001,41.7869185820001],[12.404758757,41.787180005],[12.4037990310001,41.7870499750001],[12.4037999600001,41.7871519710001],[12.40348943,41.787509519],[12.403236055,41.7877191590001],[12.403094165,41.7878365560001],[12.402828722,41.7880235590001],[12.4023930650001,41.788168109],[12.4019162340001,41.78838607],[12.401458196,41.7886116020001],[12.400842255,41.7887263310001],[12.400712985,41.7886161770001],[12.4002702610001,41.788699083],[12.400069021,41.7891877690001],[12.399813684,41.789360697],[12.3997208660001,41.7895301570001],[12.3993773620001,41.7904659700001],[12.399232791,41.790970234],[12.3991168480001,41.791475146],[12.399245255,41.791606728],[12.3991321980001,41.79204022],[12.399098666,41.7923968820001],[12.3992233290001,41.7928572060001],[12.3991698340001,41.792998963],[12.398959027,41.793487429],[12.3988393120001,41.7938492860001],[12.3985460170001,41.794251532],[12.398590853,41.79455993],[12.3985628070001,41.7947808960001],[12.398485303,41.794925682],[12.3984078010001,41.795070469],[12.39783055,41.7954076600001],[12.397946238,41.795617587],[12.397712271,41.795733806],[12.3970815060001,41.795976851],[12.397034632,41.7959900000001],[12.396492096,41.7961421960001],[12.396135789,41.7962127490001],[12.395762995,41.796218589],[12.3954260680001,41.796046532],[12.395122976,41.795982468],[12.394770141,41.7959673130001],[12.3946692110001,41.7958649440001],[12.394403717,41.795816029],[12.394168015,41.7957391950001],[12.3937561920001,41.7955296900001],[12.3934730620001,41.795444628],[12.3928489480001,41.7955233870001],[12.3923867880001,41.7956129680001],[12.3920206450001,41.7956904330001],[12.392081368,41.7958419290001],[12.3918612800001,41.795851226],[12.391547201,41.795822645],[12.391207099,41.795729136],[12.3908430060001,41.795520705],[12.390541952,41.795406637],[12.390349627,41.795438007],[12.389426171,41.7955957230001],[12.388635746,41.795770754],[12.388698501,41.795793626],[12.3893578710001,41.7960230750001],[12.389825881,41.796260084],[12.3904818770001,41.7965728470001],[12.3929875640001,41.798190515],[12.394453879,41.7989386460001],[12.395599195,41.7993577980001],[12.3963887790001,41.799518676],[12.396991815,41.7995680940001],[12.3976922250001,41.799572057],[12.3984844620001,41.7994708730001],[12.3992195760001,41.79940413],[12.4009399620001,41.7989903590001],[12.4030170190001,41.798417833],[12.40476965,41.7979928170001],[12.405602108,41.797880579],[12.40732488,41.797800357],[12.4090091200001,41.7978860370001],[12.411056834,41.798039461],[12.4114511610001,41.79813175],[12.4124572480001,41.798452282],[12.4137514070001,41.798934178],[12.414748904,41.7994689490001],[12.4155820730001,41.800131069],[12.4160377750001,41.80067746],[12.416195058,41.801121819],[12.416551064,41.802564284],[12.4175413830001,41.806053556],[12.4181001320001,41.807962091],[12.4181003260001,41.8079627590001],[12.4181224720001,41.808038401],[12.418097694,41.808230489],[12.4184358640001,41.810039498],[12.418842403,41.811576775],[12.419215593,41.8129878870001],[12.4199528290001,41.81556836],[12.4204856490001,41.81721208],[12.4208011710001,41.8182390110001],[12.4209089710001,41.818727526],[12.421040052,41.819588281],[12.421100526,41.8206209190001],[12.4210554100001,41.82174459],[12.420810999,41.825927118],[12.420769642,41.827908683],[12.420761993,41.8280991350001],[12.4207981390001,41.8282447920001],[12.4209594220001,41.828894661],[12.4211958170001,41.8296720010001],[12.4216509610001,41.830397067],[12.421879034,41.830747218],[12.4226999960001,41.831566276],[12.4235857890001,41.83235819],[12.424472623,41.8328069950001],[12.4253779310001,41.83311324],[12.426162789,41.833245215],[12.426596471,41.833235877],[12.4270357,41.8331819430001],[12.4271215740001,41.833171398],[12.4272133160001,41.83314511],[12.427985361,41.832923881],[12.42876535,41.832541044],[12.429210848,41.832236492],[12.4302799330001,41.8313168390001],[12.4307839740001,41.8308443440001],[12.4310346460001,41.830609359],[12.43129335,41.8302956790001],[12.431490023,41.830057207],[12.43222358,41.828974493],[12.432329693,41.8288178710001],[12.4329106750001,41.8279921160001],[12.4332823930001,41.8276191790001],[12.433901341,41.8271183310001],[12.4346715360001,41.8266589840001],[12.435449889,41.8263141890001],[12.4360555000001,41.826146624],[12.436657687,41.8260647600001],[12.438007237,41.8260948880001],[12.439440216,41.8262698290001],[12.440274054,41.8264504570001],[12.4410520370001,41.826753739],[12.4419130800001,41.8272113670001],[12.445117741,41.828979296],[12.447278183,41.830251171],[12.4484006500001,41.8308670640001],[12.4492498270001,41.8313053100001],[12.4495447950001,41.831398791],[12.4513031130001,41.8326518850001],[12.4532040660001,41.834126144],[12.453633919,41.8345348010001],[12.454675755,41.8354800540001],[12.455343849,41.836108439],[12.455850013,41.8366021780001],[12.4564586440001,41.8373245510001],[12.456877042,41.8378222970001],[12.4570490900001,41.8380036280001],[12.457497211,41.8385556430001],[12.457848472,41.838938715],[12.458050977,41.8391810650001],[12.458164433,41.839293185],[12.458854828,41.839963744],[12.4593748460001,41.840511387],[12.460428472,41.841666536],[12.460946634,41.842261786],[12.461529893,41.8428227320001],[12.4617259890001,41.842830404],[12.462451355,41.843424272],[12.4628256500001,41.843629128],[12.463449009,41.8439824550001],[12.465806205,41.8449094870001],[12.466433916,41.8450562090001],[12.4678775670001,41.845393635],[12.4691518600001,41.8457267380001],[12.4700208720001,41.845993707],[12.4705104390001,41.8461855900001],[12.470921343,41.846432924],[12.4712314870001,41.846649445],[12.4714177280001,41.846894816],[12.4735725940001,41.846087476],[12.474458102,41.846907587],[12.4755498480001,41.8473462110001]]]},"properties":{"OBJECTID":9,"municipio":"Municipio_IX","zone_urb":"Eur,Villaggio Giuliano,Torrino,Laurentino,Cecchignola,Mezzocammino,Spinaceto,Vallerano-Castel di Leva,Decima,Porta Medaglia,Castel Romano,Santa Palomba,Tor di Valle","rione":" -","quartiere":"Ostiense (parte),Giuliano-Dalmata,Europa","sub_urbio":" -","zone_agro":"Cecchignola (parte),Castel di Leva (parte),Fonte Ostiense,Vallerano,Castel di Decima,Torrino,Tor de' Cenci (parte),Castel Porziano (parte),Mezzocammino (parte),Tor di Valle","borgate":" -","ex_mun":"12","etichetta":"IX (Ex XII)","municipio_join":"Municipio IX","etichetta_2":"IX","Shape__Area":329479293.19140625,"Shape__Length":106675.40426130053}},{"type":"Feature","id":10,"geometry":{"type":"Polygon","coordinates":[[[12.352556829,41.802952443],[12.353515998,41.802860185],[12.354411429,41.802923714],[12.355706562,41.803025038],[12.358534876,41.803247416],[12.360564358,41.803419916],[12.360610347,41.803423824],[12.36263208,41.80351318],[12.363528705,41.8035480720001],[12.3643745050001,41.8034245260001],[12.3659492200001,41.80323192],[12.366517043,41.8031305720001],[12.367538149,41.8029252430001],[12.3685228260001,41.8026761790001],[12.370130626,41.8021411500001],[12.372844,41.8012025],[12.374863448,41.800410903],[12.375892069,41.8000198120001],[12.3768830810001,41.7996135560001],[12.3781298070001,41.799027272],[12.380709441,41.797613584],[12.381884977,41.7968969630001],[12.3825389620001,41.796554454],[12.383761841,41.7960819400001],[12.3852501860001,41.7956583490001],[12.3865724570001,41.7955597860001],[12.3873943840001,41.7955499],[12.388344703,41.7956716],[12.388635746,41.795770754],[12.389426171,41.7955957230001],[12.390349627,41.795438007],[12.390541952,41.795406637],[12.3908430060001,41.795520705],[12.391207099,41.795729136],[12.391547201,41.795822645],[12.3918612800001,41.795851226],[12.392081368,41.7958419290001],[12.3920206450001,41.7956904330001],[12.3923867880001,41.7956129680001],[12.3928489480001,41.7955233870001],[12.3934730620001,41.795444628],[12.3937561920001,41.7955296900001],[12.394168015,41.7957391950001],[12.394403717,41.795816029],[12.3946692110001,41.7958649440001],[12.394770141,41.7959673130001],[12.395122976,41.795982468],[12.3954260680001,41.796046532],[12.395762995,41.796218589],[12.396135789,41.7962127490001],[12.396492096,41.7961421960001],[12.397034632,41.7959900000001],[12.3970815060001,41.795976851],[12.397712271,41.795733806],[12.397946238,41.795617587],[12.39783055,41.7954076600001],[12.3984078010001,41.795070469],[12.398485303,41.794925682],[12.3985628070001,41.7947808960001],[12.398590853,41.79455993],[12.3985460170001,41.794251532],[12.3988393120001,41.7938492860001],[12.398959027,41.793487429],[12.3991698340001,41.792998963],[12.3992233290001,41.7928572060001],[12.399098666,41.7923968820001],[12.3991321980001,41.79204022],[12.399245255,41.791606728],[12.3991168480001,41.791475146],[12.399232791,41.790970234],[12.3993773620001,41.7904659700001],[12.3997208660001,41.7895301570001],[12.399813684,41.789360697],[12.400069021,41.7891877690001],[12.4002702610001,41.788699083],[12.400712985,41.7886161770001],[12.400842255,41.7887263310001],[12.401458196,41.7886116020001],[12.4019162340001,41.78838607],[12.4023930650001,41.788168109],[12.402828722,41.7880235590001],[12.403094165,41.7878365560001],[12.403236055,41.7877191590001],[12.40348943,41.787509519],[12.4037999600001,41.7871519710001],[12.4037990310001,41.7870499750001],[12.404758757,41.787180005],[12.4045782800001,41.7869185820001],[12.4045857740001,41.786732892],[12.404591539,41.7865900530001],[12.404693305,41.786435087],[12.404989958,41.7861844490001],[12.40575963,41.78557278],[12.406154002,41.785267159],[12.406614841,41.784734288],[12.407133502,41.784188424],[12.4075449210001,41.7837554180001],[12.4075846170001,41.7837894140001],[12.407585929,41.783790297],[12.407865536,41.783561594],[12.410528297,41.7819489440001],[12.412146745,41.7811276210001],[12.4132338150001,41.780694618],[12.413752518,41.780620522],[12.414134189,41.780629119],[12.4146020920001,41.780868406],[12.4155142340001,41.7814608200001],[12.415520746,41.7814585630001],[12.415857395,41.7817869090001],[12.4160960190001,41.7820281780001],[12.416394553,41.7824423590001],[12.416506763,41.7825020710001],[12.416621268,41.782504648],[12.416699039,41.7824706550001],[12.416777957,41.7824080950001],[12.4170591880001,41.7820641480001],[12.417393368,41.7818286180001],[12.4175946620001,41.7817509380001],[12.4181237710001,41.7816556110001],[12.420569866,41.7813889120001],[12.4207187230001,41.781249288],[12.421259277,41.780868265],[12.4223938000001,41.7799644410001],[12.423477722,41.7791309560001],[12.4244113440001,41.778472799],[12.425436075,41.7779239050001],[12.426122552,41.777474646],[12.4265256370001,41.7769475470001],[12.427704867,41.7761161560001],[12.42843616,41.775739372],[12.432033394,41.774139994],[12.4336347180001,41.773496693],[12.435669617,41.772755826],[12.4361623080001,41.772373663],[12.4366115600001,41.7718833010001],[12.4370679150001,41.771214383],[12.4373149630001,41.771005442],[12.438365844,41.77099315],[12.438961007,41.7708825980001],[12.4383629330001,41.770321618],[12.437872595,41.769846026],[12.4373385910001,41.769268186],[12.4369723890001,41.7688728040001],[12.4366659990001,41.768574066],[12.43659124,41.768453256],[12.436602619,41.768167572],[12.436672179,41.7678595940001],[12.4366298840001,41.7674545360001],[12.4368713330001,41.766506796],[12.4376753220001,41.762940966],[12.438330471,41.760553692],[12.4381774240001,41.7599212100001],[12.4377460900001,41.7592443930001],[12.4363378090001,41.7575278210001],[12.4360731840001,41.7571406590001],[12.435140765,41.756262016],[12.434580791,41.75562044],[12.434402356,41.7549873840001],[12.4344266430001,41.7543779220001],[12.4348730580001,41.753396638],[12.435603784,41.7523073250001],[12.4371450620001,41.7506794720001],[12.437525383,41.7500779550001],[12.437549636,41.7494684910001],[12.4375028960001,41.7487240030001],[12.4371225040001,41.7480483210001],[12.4365933170001,41.747274001],[12.434809456,41.7454079610001],[12.433747028,41.744602651],[12.4332141130001,41.7439235470001],[12.43282772,41.743400217],[12.432322533,41.7426645400001],[12.4320132030001,41.742123867],[12.431831027,41.741586038],[12.431725901,41.741030868],[12.4316052190001,41.7402275370001],[12.431579422,41.7395978910001],[12.43168988,41.73874254],[12.4317509960001,41.7378479610001],[12.4318121090001,41.736953382],[12.432113766,41.734493414],[12.432113772,41.733216213],[12.432194227,41.7324745660001],[12.432272707,41.7321911380001],[12.432053695,41.727699472],[12.4314105070001,41.723491288],[12.4311382710001,41.722341434],[12.4297861690001,41.718760746],[12.42701715,41.715624873],[12.4257486290001,41.714738622],[12.42488654,41.71402827],[12.424508673,41.713138144],[12.424387848,41.712182297],[12.424397953,41.711265924],[12.424979234,41.709849251],[12.426387742,41.7080222050001],[12.4344795440001,41.700053912],[12.44108687,41.693753321],[12.4495856070001,41.6856099870001],[12.4531235590001,41.681915512],[12.451780682,41.6817633320001],[12.4473775450001,41.6785678430001],[12.4423167960001,41.674934587],[12.4328197240001,41.667991139],[12.4226685900001,41.660567578],[12.4171699250001,41.656035777],[12.413440402,41.65332118],[12.4125002640001,41.653948144],[12.410950074,41.655209491],[12.410049224,41.6561232620001],[12.4088141930001,41.656495729],[12.4072875640001,41.6571666070001],[12.4056342370001,41.6594091950001],[12.401556655,41.6621955150001],[12.4014244150001,41.6629550370001],[12.4001069500001,41.6644235630001],[12.3998206640001,41.6645886480001],[12.3998275640001,41.664417239],[12.3996043450001,41.664278746],[12.39909714,41.664248199],[12.393508131,41.667934071],[12.3896217660001,41.670994987],[12.3891676160001,41.671537486],[12.388625717,41.671734857],[12.3886888430001,41.6714312880001],[12.3878690710001,41.671584212],[12.3869461150001,41.672401982],[12.38436804,41.674535521],[12.3843248910001,41.6749729810001],[12.383313281,41.6760937060001],[12.3785253510001,41.679415823],[12.3778754090001,41.6800796200001],[12.3771501570001,41.68040619],[12.3764695130001,41.6808862760001],[12.3746145000001,41.6824184710001],[12.3735950240001,41.683100483],[12.371798772,41.684123093],[12.370102382,41.6851899000001],[12.3692391330001,41.685780136],[12.3689835160001,41.6858124070001],[12.369409428,41.6853455950001],[12.369114645,41.6850910270001],[12.368388517,41.6854365830001],[12.367863302,41.6858439270001],[12.367760672,41.6864897070001],[12.3666378770001,41.687207415],[12.363376418,41.689229486],[12.3622979900001,41.6899481670001],[12.3617719220001,41.690374525],[12.3616325670001,41.6903617930001],[12.3616731600001,41.689991003],[12.361459918,41.6899193850001],[12.361201555,41.690018294],[12.360808751,41.6902952080001],[12.359817531,41.690901495],[12.359074688,41.6913419200001],[12.358537212,41.6914248730001],[12.357906127,41.691620046],[12.3573196150001,41.6919687430001],[12.355762359,41.6933530680001],[12.3538354240001,41.6947574500001],[12.351409545,41.696232261],[12.3492623400001,41.697421794],[12.349065683,41.6978747580001],[12.3486534210001,41.698313214],[12.347610183,41.698632253],[12.345853015,41.699611507],[12.3453036990001,41.699980064],[12.344980895,41.6999906710001],[12.3438513790001,41.700550729],[12.3432958490001,41.7008381150001],[12.342925786,41.701022563],[12.3423338960001,41.7012662120001],[12.341451464,41.7016160790001],[12.3409649770001,41.701847865],[12.340563074,41.702110201],[12.33984021,41.7025223690001],[12.3391914110001,41.702757535],[12.3388183800001,41.7030133850001],[12.3377434720001,41.7035188880001],[12.3372015480001,41.703706482],[12.3363359910001,41.704108169],[12.3357408040001,41.704430341],[12.3351060140001,41.7047873330001],[12.333920431,41.705430343],[12.3332537040001,41.7056364650001],[12.3319723930001,41.7061714340001],[12.331585279,41.706305409],[12.3302256310001,41.706888577],[12.329691413,41.707119204],[12.3293007390001,41.707338871],[12.3286513250001,41.70781701],[12.3281388500001,41.7080981760001],[12.327788357,41.7082687320001],[12.327303549,41.7084576070001],[12.326742197,41.7086518470001],[12.3261242520001,41.7088304690001],[12.3253561760001,41.709178584],[12.324685532,41.709477494],[12.32379064,41.7098927000001],[12.3232161770001,41.7101723980001],[12.3228945490001,41.710336463],[12.322574106,41.710471962],[12.3222753920001,41.7105436300001],[12.3219844280001,41.710658369],[12.321760178,41.710774664],[12.3215174600001,41.7108762300001],[12.3212926150001,41.7110068060001],[12.320722915,41.711400978],[12.3205078950001,41.7115246330001],[12.320302108,41.711655652],[12.3200894610001,41.711722175],[12.319739521,41.711878422],[12.3193195970001,41.712111667],[12.319046793,41.712248269],[12.3186420390001,41.7123460450001],[12.3180192720001,41.71252451],[12.3177241330001,41.7127392190001],[12.3173331460001,41.712964556],[12.3171362840001,41.713110075],[12.316942394,41.7131841770001],[12.316534362,41.713360503],[12.316106372,41.713557807],[12.3158267000001,41.713629902],[12.315554773,41.7137450700001],[12.31502253,41.7139256350001],[12.3146655350001,41.7140216550001],[12.314187798,41.7142678270001],[12.3132826460001,41.714697006],[12.3128948470001,41.714845198],[12.3122368960001,41.715065699],[12.311716548,41.7151893400001],[12.311245344,41.7152783860001],[12.311012422,41.715373011],[12.3106512420001,41.715568998],[12.3103373000001,41.715776099],[12.3098836620001,41.7159012930001],[12.309208117,41.716085622],[12.308453931,41.7163252920001],[12.3081924090001,41.71641924],[12.3078135220001,41.716581921],[12.3074725820001,41.7167497790001],[12.307164293,41.716821183],[12.307016547,41.716932093],[12.3067109250001,41.7171679730001],[12.306246247,41.717328636],[12.3054047590001,41.71760198],[12.304887067,41.7176613150001],[12.3046437,41.717777127],[12.3045492800001,41.717753465],[12.304327663,41.7178054500001],[12.303890972,41.717981057],[12.3037938630001,41.7180216680001],[12.3036687580001,41.718047324],[12.30355587,41.718008932],[12.303427207,41.717891536],[12.3032884150001,41.717788198],[12.303148589,41.71777038],[12.303105831,41.7174269650001],[12.3029340620001,41.7174276960001],[12.302871904,41.717469126],[12.302859175,41.717621328],[12.302875031,41.7178504500001],[12.302857322,41.7181216750001],[12.3027893940001,41.718224924],[12.3025298370001,41.7183474980001],[12.3021751380001,41.7186155730001],[12.301858586,41.7187320410001],[12.3016113350001,41.7188644350001],[12.301260019,41.71905157],[12.300597102,41.719388645],[12.3001798400001,41.719631414],[12.2996843550001,41.7197674970001],[12.299295499,41.7199394460001],[12.2988403410001,41.7201755990001],[12.2986202920001,41.7202657360001],[12.298480291,41.720267209],[12.298270588,41.720262275],[12.2980273150001,41.7202994410001],[12.2978017090001,41.720370383],[12.2976037170001,41.720389552],[12.297004149,41.720580361],[12.2967165750001,41.7206879670001],[12.296199378,41.721037978],[12.296109014,41.72106921],[12.295906625,41.7211931150001],[12.295309005,41.721488806],[12.294881758,41.721817101],[12.294695613,41.7219328090001],[12.29445449,41.722070097],[12.294249538,41.7221033930001],[12.2940300760001,41.722179237],[12.293942666,41.722291553],[12.2937982620001,41.722397759],[12.2935974640001,41.722483573],[12.2934205280001,41.722455575],[12.293297587,41.722505099],[12.293162492,41.722692539],[12.2926293940001,41.722965909],[12.292474478,41.723019444],[12.29238171,41.7231078030001],[12.292088338,41.7232772130001],[12.291864447,41.7234488560001],[12.291598681,41.7235289650001],[12.2913934900001,41.723586674],[12.29107781,41.723719217],[12.290896451,41.723777488],[12.2908122900001,41.723793373],[12.2907606580001,41.7237921550001],[12.290672651,41.723804972],[12.2904695710001,41.72385975],[12.29041556,41.723915068],[12.2900277570001,41.724060798],[12.289877119,41.7241448120001],[12.2898388690001,41.724203479],[12.289777289,41.724249681],[12.2895624010001,41.724348858],[12.2893604280001,41.7244245100001],[12.289232703,41.724436387],[12.2891322780001,41.7244608230001],[12.289032982,41.724458478],[12.2888498990001,41.7244630920001],[12.2887013120001,41.7244983040001],[12.288405606,41.7246283330001],[12.288028206,41.724810045],[12.2877295270001,41.724916174],[12.287474252,41.7251245960001],[12.2873456310001,41.7252049570001],[12.287054391,41.725323173],[12.286890665,41.725340154],[12.286700013,41.72533565],[12.2865844510001,41.7253418550001],[12.2864718590001,41.725371959],[12.2862456720001,41.7254559680001],[12.2858989100001,41.7256652030001],[12.2856831330001,41.7257852010001],[12.285537134,41.725853234],[12.2853447270001,41.725890384],[12.2850558420001,41.7259997160001],[12.2847072330001,41.72615827],[12.2845265730001,41.7262939880001],[12.2842529270001,41.7264662260001],[12.284135608,41.726514087],[12.2840920400001,41.726510077],[12.284024893,41.7264995530001],[12.2839130510001,41.7265118010001],[12.283465743,41.72670078],[12.2833278090001,41.726766023],[12.2831865310001,41.7268162930001],[12.283122226,41.7268326430001],[12.2829224970001,41.726854723],[12.2827093450001,41.7269122280001],[12.282587173,41.726980821],[12.2824318450001,41.7270813920001],[12.2822722940001,41.727187821],[12.2821555990001,41.7272208010001],[12.2820361870001,41.7272239320001],[12.2819479240001,41.7272426930001],[12.2818024210001,41.727298819],[12.281768008,41.7273605520001],[12.2816452070001,41.727444023],[12.281425068,41.7275728430001],[12.2812877590001,41.727623205],[12.281171564,41.7276442830001],[12.2810723900001,41.727638955],[12.2809452830001,41.727635945],[12.280442625,41.727769988],[12.28036502,41.7278187850001],[12.280058624,41.7279187550001],[12.2798177870001,41.7279726200001],[12.279710793,41.7279641280001],[12.279564329,41.7279487440001],[12.27934486,41.7279673720001],[12.279076345,41.728017601],[12.2788834240001,41.728066642],[12.2786938470001,41.7281306560001],[12.2785120890001,41.728197832],[12.278373392,41.7282809210001],[12.2782820090001,41.7283264120001],[12.2780106010001,41.728445075],[12.2777198850001,41.728456055],[12.2773189050001,41.7285359030001],[12.277211156,41.7285452620001],[12.2769532950001,41.728625524],[12.276756399,41.7286744670001],[12.276566189,41.728753355],[12.276465753,41.728777778],[12.27628922,41.728815291],[12.2762140020001,41.7288075490001],[12.276138029,41.7288176610001],[12.276108768,41.728757397],[12.275987167,41.728718174],[12.275924547,41.7286005280001],[12.275985765,41.728563259],[12.27594049,41.7285055930001],[12.275876055,41.728524914],[12.27583664,41.7284227100001],[12.2758774920001,41.7283968720001],[12.2758328470001,41.728324329],[12.2757848040001,41.7283321250001],[12.275697526,41.7281394300001],[12.2757195250001,41.7280893170001],[12.275656906,41.727971669],[12.2756348350001,41.7279294470001],[12.2755797300001,41.727916226],[12.2754352970001,41.727896722],[12.2753870280001,41.727909874],[12.275341412,41.727973127],[12.2754608980001,41.728193989],[12.275504401,41.728180724],[12.275638939,41.728384073],[12.275594531,41.7284187610001],[12.275611483,41.728469202],[12.27564485,41.7284699940001],[12.2756739010001,41.7284599600001],[12.275741625,41.7285509220001],[12.275682616,41.7285924130001],[12.275686476,41.7286139500001],[12.275703881,41.728653679],[12.27578075,41.7286412060001],[12.275843858,41.728728484],[12.275855892,41.7287823830001],[12.275835015,41.7288247780001],[12.2758192060001,41.728860145],[12.27576436,41.728916031],[12.2756868870001,41.7289427870001],[12.275600033,41.728965745],[12.2755326970001,41.7289784440001],[12.275393712,41.728993018],[12.2752155380001,41.72903168],[12.275109317,41.7290613270001],[12.274977146,41.729140397],[12.274889839,41.7291740680001],[12.2746291230001,41.7292465130001],[12.2744163740001,41.729312947],[12.274265891,41.7293737100001],[12.2741146540001,41.729452327],[12.273824335,41.72960413],[12.2734950030001,41.7298322080001],[12.273367749,41.7299078180001],[12.273236028,41.7299761740001],[12.273104308,41.730044531],[12.273007465,41.7300779720001],[12.27294951,41.7300944680001],[12.272636506,41.7301620920001],[12.272331675,41.7302620770001],[12.2719541340001,41.730388927],[12.271861905,41.730426052],[12.2716643570001,41.7304713980001],[12.271064445,41.7305536450001],[12.270697795,41.730648583],[12.2703089,41.730818049],[12.269573528,41.7311129500001],[12.269442256,41.731170589],[12.2693786240001,41.731208393],[12.269315598,41.731231913],[12.2692093680001,41.7312615550001],[12.2691223580001,41.7312880790001],[12.26874458,41.7313076880001],[12.2686349460001,41.73130508],[12.268393965,41.731249308],[12.2682526300001,41.73120663],[12.2680360100001,41.7312515140001],[12.267870309,41.731333353],[12.2677820860001,41.731388441],[12.267742438,41.731423239],[12.267673809,41.7315788720001],[12.2676247800001,41.731609872],[12.267548361,41.731611628],[12.2674534820001,41.731598648],[12.267312449,41.731548827],[12.267237091,41.7315255870001],[12.267155148,41.7315450830001],[12.2670626120001,41.731589345],[12.2670062400001,41.7316809330001],[12.2669706020001,41.731733697],[12.266901595,41.731785668],[12.2667555640001,41.7318536760001],[12.2664070590001,41.7319704770001],[12.2662917500001,41.7319891770001],[12.2659188850001,41.7320053190001],[12.2654853330001,41.7321022210001],[12.265242905,41.7321929510001],[12.2651174550001,41.7322257050001],[12.264992912,41.732237035],[12.2647116750001,41.732230336],[12.2645297820001,41.7322438730001],[12.264308694,41.732281497],[12.264003476,41.732390028],[12.2638672780001,41.7324511190001],[12.263345622,41.732824701],[12.263251869,41.7328975250001],[12.262588416,41.7332391300001],[12.262406357,41.733372515],[12.262146821,41.733551232],[12.2619204600001,41.7336678340001],[12.261689662,41.7337690800001],[12.2611880330001,41.733955364],[12.2603110530001,41.734260791],[12.2600004660001,41.734383005],[12.259424218,41.7346256880001],[12.2592338430001,41.7347075210001],[12.2590001520001,41.734779384],[12.2584769000001,41.734927731],[12.2582505190001,41.735014659],[12.2577429,41.735169333],[12.2568623390001,41.735490826],[12.2565756070001,41.7355941800001],[12.2564228800001,41.7356322300001],[12.2561443440001,41.735729822],[12.2559565330001,41.7357980090001],[12.255590854,41.73588756],[12.2552131310001,41.7359798],[12.2548682020001,41.7360489940001],[12.254413098,41.736184059],[12.2539386770001,41.7363990800001],[12.25346268,41.7366509940001],[12.2532757590001,41.736744813],[12.2530983020001,41.736803116],[12.2529615870001,41.7368385660001],[12.2527664260001,41.73684581],[12.252691456,41.736832103],[12.252615597,41.7368392240001],[12.2524061080001,41.736902716],[12.252336671,41.736945732],[12.252183556,41.7369927020001],[12.2519744470001,41.737047268],[12.251650087,41.7371467300001],[12.25120959,41.7373119160001],[12.2508181580001,41.7374455130001],[12.2504752840001,41.7375594210001],[12.2502703960001,41.737608127],[12.250142006,41.737634837],[12.2499273600001,41.7376326750001],[12.2497957570001,41.737641437],[12.249541166,41.737736608],[12.24941698,41.737804521],[12.249348555,41.737823731],[12.248898545,41.7379320900001],[12.2484385540001,41.738087863],[12.247608326,41.7384206180001],[12.247202395,41.7385395570001],[12.246951757,41.7385978830001],[12.2462601,41.7387028200001],[12.2459519510001,41.7387669130001],[12.245320006,41.739037689],[12.2447486240001,41.739231283],[12.2444487820001,41.739324164],[12.243940406,41.739383446],[12.2432216620001,41.739451973],[12.242777274,41.739577121],[12.2420087150001,41.7396944810001],[12.2410436760001,41.739868116],[12.240995046,41.7398596190001],[12.240975685,41.7398362800001],[12.240915154,41.739823388],[12.240696966,41.73973296],[12.2405113520001,41.73972135],[12.2398412960001,41.739544407],[12.239528476,41.7393831960001],[12.2392047220001,41.739143089],[12.239127669,41.7389367930001],[12.239049971,41.7387454920001],[12.238841574,41.738597514],[12.238626879,41.7384851250001],[12.238168671,41.738320413],[12.23793878,41.7383399030001],[12.237850216,41.7384021080001],[12.2376784690001,41.738512351],[12.237576523,41.738552788],[12.2374604280001,41.7385893110001],[12.2373549390001,41.7386010700001],[12.2372543710001,41.738609372],[12.236952666,41.73863428],[12.236812581,41.738673799],[12.236615446,41.738708371],[12.236249011,41.738796054],[12.2355748730001,41.73893709],[12.2354211000001,41.73896198],[12.235191206,41.738981465],[12.234911755,41.739266032],[12.2346291600001,41.7396237930001],[12.234490803,41.7399564340001],[12.23454157,41.740107773],[12.23435206,41.7407610970001],[12.2358444110001,41.7411258600001],[12.236243024,41.741178345],[12.238052225,41.7417222670001],[12.239463449,41.7421994050001],[12.2408943730001,41.7426627020001],[12.2426615470001,41.7431126110001],[12.243194981,41.7432862590001],[12.243444916,41.7433935290001],[12.2461939570001,41.7440496340001],[12.246795606,41.7441164840001],[12.2471165420001,41.7442004290001],[12.247553732,41.744244269],[12.2479702260001,41.7443257370001],[12.2487556150001,41.744411276],[12.24989536,41.7445434250001],[12.2512067440001,41.744679671],[12.2522775890001,41.7447863180001],[12.2528524040001,41.744885853],[12.2538905220001,41.745163263],[12.2548407200001,41.745488123],[12.255376659,41.7457535120001],[12.255697008,41.7458517150001],[12.2563539390001,41.746115226],[12.257869215,41.7466947020001],[12.258870738,41.747085567],[12.259487184,41.747329031],[12.2605487760001,41.7476545970001],[12.261729545,41.7480211210001],[12.26251468,41.748263825],[12.264129876,41.748740759],[12.266231846,41.749369368],[12.2675091470001,41.7498620370001],[12.26834352,41.7502202480001],[12.2691857240001,41.7504690310001],[12.2701782950001,41.7507738040001],[12.271636331,41.7512078170001],[12.2725232670001,41.751452873],[12.2733917410001,41.751683187],[12.275991918,41.752724712],[12.276414892,41.7531064630001],[12.277276559,41.7534986160001],[12.2780993760001,41.753831464],[12.2782587740001,41.7539186400001],[12.278412255,41.753891019],[12.2793849180001,41.7543679930001],[12.280384585,41.754808666],[12.2807446370001,41.754948249],[12.2812636400001,41.755091593],[12.282483031,41.755227687],[12.2845294740001,41.755371417],[12.285272026,41.7554962030001],[12.2859623790001,41.7557269760001],[12.28636311,41.756034298],[12.2866932420001,41.7565067460001],[12.2867496420001,41.757056122],[12.2865686110001,41.7575760600001],[12.28610045,41.758113038],[12.285507121,41.758599399],[12.283556769,41.7603236890001],[12.282146783,41.7616842560001],[12.2806745570001,41.7630099720001],[12.2799747930001,41.763565267],[12.279620832,41.7640334390001],[12.2790927950001,41.7648549030001],[12.2787653730001,41.765824089],[12.2785121860001,41.76729542],[12.2782639980001,41.769400691],[12.278162934,41.770661175],[12.278098055,41.7729471170001],[12.2783220970001,41.774799091],[12.278561557,41.776286864],[12.2789499520001,41.7783929250001],[12.2794095260001,41.7803219620001],[12.2797738260001,41.781493396],[12.2801952070001,41.782444582],[12.28129747,41.7842339540001],[12.282570692,41.7859344340001],[12.2836456640001,41.786865334],[12.285214492,41.7881653220001],[12.2863770930001,41.788907645],[12.2879573120001,41.78937389],[12.2891614640001,41.789509555],[12.290560478,41.789554497],[12.2919366670001,41.7895775120001],[12.291946734,41.7895776820001],[12.292294473,41.789583495],[12.295414034,41.7897880840001],[12.296919777,41.7903239340001],[12.297668656,41.7906870690001],[12.2992744740001,41.791873364],[12.2999497710001,41.792473032],[12.300411911,41.792841319],[12.3010871430001,41.793646503],[12.302029281,41.794717077],[12.302869602,41.795558886],[12.3036841250001,41.7962571150001],[12.3042715610001,41.796675985],[12.305268062,41.7972116810001],[12.3066816210001,41.797673755],[12.3081827070001,41.7979472420001],[12.309657971,41.7980771380001],[12.3112326620001,41.7981140300001],[12.31343366,41.798022594],[12.315747985,41.797886108],[12.319936205,41.797483576],[12.3230571770001,41.7969011270001],[12.3232475290001,41.7969465350001],[12.3251372980001,41.7966808200001],[12.3279903060001,41.7962230460001],[12.3336238090001,41.795901299],[12.3372194950001,41.795960929],[12.3386700180001,41.7963043280001],[12.339303559,41.7962768190001],[12.3397154300001,41.7965194020001],[12.3405745310001,41.7969968030001],[12.3410709830001,41.7974658],[12.3415089970001,41.7979620350001],[12.3417352820001,41.7984962560001],[12.3419090310001,41.798914885],[12.342052354,41.7996073090001],[12.3422117210001,41.8012980180001],[12.3423122670001,41.8021009660001],[12.342384867,41.8031177170001],[12.342442513,41.804034045],[12.3428323630001,41.8047722050001],[12.343612874,41.8053049530001],[12.343969088,41.805470459],[12.34453935,41.8055193340001],[12.3445445890001,41.8055197830001],[12.3446545520001,41.8055292070001],[12.3453047890001,41.8055156520001],[12.346075464,41.805361911],[12.3466540590001,41.805232318],[12.347119879,41.805057226],[12.3497870190001,41.8038607130001],[12.3514772360001,41.803184883],[12.352556829,41.802952443]]]},"properties":{"OBJECTID":10,"municipio":"Municipio_X","zone_urb":"Malafede,Acilia Nord,Acilia Sud,Casal Palocco,Ostia Antica,Ostia Nord,Ostia Sud,Castel Fusano,Infernetto,Castel Porziano","rione":" -","quartiere":"Lido di Ostia Ponente,Lido di Ostia Levante,Lido di Castel Fusano","sub_urbio":" -","zone_agro":"Tor de' Cenci (parte),Castel Porziano (parte),Castel Fusano,Mezzocammino (parte),Acilia Nord,Acilia Sud,Casal Palocco,Ostia Antica","borgate":" -","ex_mun":"13","etichetta":"X (Ex XIII)","municipio_join":"Municipio X","etichetta_2":"X","Shape__Area":274482054.14697266,"Shape__Length":80209.595690773931}},{"type":"Feature","id":11,"geometry":{"type":"Polygon","coordinates":[[[12.289978966,41.8295426780001],[12.286456002,41.833378446],[12.2851460570001,41.8345197940001],[12.2829195310001,41.836519582],[12.2834187600001,41.836672838],[12.285074405,41.8372132280001],[12.286423729,41.8378551260001],[12.2872968900001,41.8383046650001],[12.2887678170001,41.83938784],[12.289166014,41.8396164590001],[12.290199521,41.840193668],[12.2906664720001,41.840454406],[12.291145525,41.8414855390001],[12.2912763470001,41.8417078420001],[12.291933407,41.84244771],[12.292587547,41.8435592170001],[12.29443568,41.844014539],[12.294784597,41.8442038540001],[12.295024423,41.8445621560001],[12.2953971000001,41.845095149],[12.2965825520001,41.8463049320001],[12.296884462,41.8467028170001],[12.297185492,41.847121649],[12.2976318990001,41.847418094],[12.298271733,41.847661902],[12.298916782,41.847781927],[12.300679668,41.8479949600001],[12.301984523,41.8481876700001],[12.302274616,41.848261205],[12.3030716220001,41.848708835],[12.3039971910001,41.8491308860001],[12.3045483220001,41.8493630450001],[12.305510853,41.85011954],[12.3057384840001,41.850163008],[12.3059939840001,41.8501499430001],[12.3066176570001,41.849869117],[12.3071223150001,41.849690337],[12.3079572780001,41.8495383640001],[12.308875792,41.849521779],[12.3096621650001,41.8496164630001],[12.310784803,41.849900113],[12.3119022660001,41.850307533],[12.312929001,41.8507509450001],[12.3142369450001,41.85148114],[12.3153791190001,41.852213163],[12.316196163,41.852794606],[12.3171413850001,41.8530549820001],[12.3176018660001,41.8527130940001],[12.3181184590001,41.8522486110001],[12.318641412,41.851936772],[12.318948657,41.8519058250001],[12.3192829660001,41.8519898830001],[12.3194927070001,41.8521568100001],[12.320269984,41.852470424],[12.3206779230001,41.8524704170001],[12.3209668540001,41.852267477],[12.3214392350001,41.851639919],[12.321963741,41.850984982],[12.3220715850001,41.8508445310001],[12.3228826320001,41.8503487720001],[12.323820514,41.8486455140001],[12.324158857,41.8477155410001],[12.3243354960001,41.847147792],[12.3242092830001,41.8465062660001],[12.3241566990001,41.8459331730001],[12.324126834,41.845732324],[12.3244093120001,41.8450717310001],[12.324578397,41.844684897],[12.3257594990001,41.8447886710001],[12.328236326,41.84499885],[12.331978258,41.8452860460001],[12.3323340270001,41.845313376],[12.332593463,41.8452050330001],[12.33288745,41.844687058],[12.3331365510001,41.844213908],[12.3332283870001,41.8438443270001],[12.3334300240001,41.8433629250001],[12.3335887100001,41.842994897],[12.3336975660001,41.8426757510001],[12.3338145490001,41.8426365070001],[12.3341530220001,41.84277304],[12.3347027940001,41.842885884],[12.335064221,41.842831608],[12.335279971,41.842799208],[12.335685239,41.8427085400001],[12.3361281160001,41.842633038],[12.3371243190001,41.842584671],[12.3379653480001,41.8425898830001],[12.3387663980001,41.8426370510001],[12.339781267,41.8430608850001],[12.341216113,41.844423723],[12.3416848590001,41.8448777780001],[12.342376238,41.8452655030001],[12.343078448,41.845853628],[12.3438135530001,41.8465711800001],[12.3444529760001,41.846829019],[12.3459835150001,41.846807233],[12.3484275750001,41.8459630290001],[12.352451349,41.84459765],[12.3536300960001,41.8442960090001],[12.354605453,41.844289899],[12.3558799620001,41.844447937],[12.357920598,41.8450382030001],[12.3585013520001,41.8452692280001],[12.359293875,41.8455844870001],[12.359795526,41.845939149],[12.3603207,41.846651767],[12.3608499970001,41.8472644],[12.3616681940001,41.847826486],[12.3629031470001,41.848483921],[12.364316509,41.848988176],[12.366340612,41.849520726],[12.368483473,41.8499558870001],[12.3697971130001,41.850329118],[12.3708267420001,41.8508673900001],[12.3726605090001,41.8513811720001],[12.3736816000001,41.851661882],[12.374826091,41.8517309540001],[12.375977011,41.8516428980001],[12.377524442,41.851678264],[12.378771311,41.8520498680001],[12.3787719800001,41.8520483790001],[12.380381002,41.852721465],[12.381017727,41.853050524],[12.382413985,41.8535112760001],[12.383017179,41.853725185],[12.383244884,41.853768501],[12.383500392,41.853755264],[12.3844116760001,41.8536044730001],[12.385843052,41.85336068],[12.38621435,41.85332148],[12.38641348,41.8534403880001],[12.3865612750001,41.8535676590001],[12.3866446120001,41.8537125230001],[12.3868179740001,41.8540259150001],[12.3869304200001,41.854144755],[12.3870238110001,41.854245752],[12.387258876,41.8544214720001],[12.387576295,41.8546097890001],[12.3878615290001,41.8549258840001],[12.388101949,41.8551267440001],[12.388308813,41.8552124660001],[12.38855062,41.855222734],[12.3887362740001,41.8552031300001],[12.3890848460001,41.854939421],[12.3893739700001,41.854726782],[12.3895685090001,41.854645426],[12.3897344750001,41.854639669],[12.389912015,41.8546627690001],[12.390648877,41.8549606920001],[12.3952143970001,41.85672901],[12.3963783780001,41.857573728],[12.3963898050001,41.8575668670001],[12.3968155970001,41.857481213],[12.396836658,41.8574798220001],[12.397082723,41.857463561],[12.397081041,41.857459506],[12.3971059400001,41.857462027],[12.397151163,41.857459039],[12.3974695970001,41.8574662600001],[12.397650304,41.85747537],[12.3976843,41.857477084],[12.3976739130001,41.857519524],[12.3979284340001,41.857702987],[12.3985484140001,41.858134028],[12.3992224410001,41.85841141],[12.4000547320001,41.858716201],[12.4013010080001,41.8590303600001],[12.401918118,41.8591396410001],[12.4023263120001,41.859291849],[12.4026153400001,41.8596319800001],[12.403018257,41.860308279],[12.40419904,41.8618480600001],[12.40494748,41.862651306],[12.4055347450001,41.8631053980001],[12.406248443,41.863586174],[12.406997367,41.863984342],[12.407840881,41.8644084700001],[12.4086299200001,41.8650266490001],[12.409052682,41.865450799],[12.4092805880001,41.8657105190001],[12.4095953140001,41.8655940290001],[12.410047014,41.865854416],[12.4105793000001,41.866092791],[12.4109421900001,41.866184375],[12.4116226030001,41.8663069470001],[12.412050155,41.866376158],[12.412623905,41.866377179],[12.4131064320001,41.8662689170001],[12.4140309110001,41.865872762],[12.4148361420001,41.8652713760001],[12.415547255,41.864632124],[12.4160075090001,41.864285067],[12.4163148550001,41.8641728470001],[12.4167691600001,41.8641711590001],[12.4179784030001,41.864222197],[12.4184889210001,41.864209852],[12.420192994,41.863449932],[12.4198499820001,41.8629831370001],[12.4198877170001,41.862678988],[12.4205901600001,41.862332592],[12.423421579,41.8654842880001],[12.4243269940001,41.8648862750001],[12.424802889,41.864545492],[12.4252577610001,41.864132751],[12.425494551,41.8637925570001],[12.425627118,41.8634678970001],[12.425723776,41.8632437],[12.4258334900001,41.8630912790001],[12.426102439,41.8629424280001],[12.4270473340001,41.8626300230001],[12.428528811,41.8621845800001],[12.428667262,41.862110241],[12.4287081750001,41.8618847920001],[12.428798767,41.8616128],[12.4289614890001,41.8613305100001],[12.429227317,41.8609576000001],[12.429288838,41.8608541350001],[12.429328508,41.8606596340001],[12.430539916,41.860496136],[12.431101826,41.86042343],[12.431667002,41.8601596730001],[12.431915035,41.860015107],[12.432121572,41.859871995],[12.432260468,41.8597727900001],[12.43259733,41.859558964],[12.433505811,41.858869407],[12.433746808,41.858621623],[12.433926613,41.858309922],[12.4339957,41.8581432410001],[12.4340181800001,41.858027463],[12.434098992,41.8578558020001],[12.434235786,41.8578100130001],[12.435163609,41.857802156],[12.435152225,41.8573694240001],[12.435220585,41.8566561120001],[12.4354415490001,41.855593556],[12.4354111550001,41.855078193],[12.4353682300001,41.8542384880001],[12.4352596530001,41.853127682],[12.43519954,41.852059162],[12.4354938450001,41.8522594720001],[12.435843156,41.8525679580001],[12.4362390490001,41.8529590630001],[12.4364634950001,41.85327175],[12.436665815,41.8535140160001],[12.4367704150001,41.853548984],[12.437685237,41.853634586],[12.4384687570001,41.85364731],[12.4386545850001,41.853622863],[12.4389370810001,41.853571979],[12.4393299330001,41.853471135],[12.4398451160001,41.853339659],[12.4399292360001,41.853308176],[12.4404353900001,41.8532432150001],[12.44077815,41.853279451],[12.4410809890001,41.853357687],[12.4413626370001,41.8534878720001],[12.4417882060001,41.8538452450001],[12.441874709,41.853913892],[12.442116819,41.854076552],[12.442260071,41.8541607590001],[12.442391533,41.854220877],[12.4424330310001,41.85424242],[12.4426245760001,41.8543418620001],[12.443335324,41.8547108450001],[12.443636527,41.854867212],[12.4439184620001,41.855013574],[12.4446372090001,41.8553727],[12.445361194,41.855760532],[12.4457821450001,41.856075355],[12.445899734,41.8561632970001],[12.4459042450001,41.856166806],[12.4465582300001,41.8566754770001],[12.4468527560001,41.8569631990001],[12.4469096020001,41.857032217],[12.447133282,41.857303785],[12.447399117,41.857671882],[12.4477436560001,41.857984543],[12.4481575720001,41.858155776],[12.4491401610001,41.858454022],[12.4495428600001,41.858586877],[12.450014115,41.8589195010001],[12.4505838000001,41.859341998],[12.4509793180001,41.8596557810001],[12.451214158,41.859842089],[12.4516601340001,41.8604905820001],[12.4520798830001,41.861157554],[12.452345383,41.861535163],[12.452746097,41.8620396790001],[12.4530598220001,41.8623268590001],[12.453406682,41.862582366],[12.453691362,41.862798368],[12.4539771780001,41.862985801],[12.4545600430001,41.8633990390001],[12.455109609,41.8636876300001],[12.4557869510001,41.8639695200001],[12.4564909110001,41.8642234020001],[12.4582364550001,41.8649193270001],[12.459269734,41.8653901700001],[12.4599088950001,41.8656711900001],[12.460889018,41.8660360000001],[12.4615038430001,41.8662878800001],[12.461801286,41.866375791],[12.462042024,41.8664144730001],[12.462230451,41.866517017],[12.461550184,41.8672740010001],[12.4611071420001,41.867836074],[12.460941253,41.8681612300001],[12.4608321270001,41.868501939],[12.4607763720001,41.868943906],[12.4607796440001,41.869344289],[12.460898147,41.8697329240001],[12.461204932,41.870197207],[12.461886027,41.870869923],[12.4625553720001,41.871356517],[12.4632663420001,41.8717582460001],[12.4639267650001,41.8719872930001],[12.4645523610001,41.872129785],[12.465963227,41.872246724],[12.4674909350001,41.872361282],[12.467490933,41.8723612530001],[12.4674901080001,41.8723550770001],[12.471582895,41.872702342],[12.4716170030001,41.8726181000001],[12.4717729710001,41.872534812],[12.4721084190001,41.871789236],[12.473030468,41.869748895],[12.4733887400001,41.869070535],[12.473809956,41.868412623],[12.474068904,41.867989417],[12.4744286430001,41.867597023],[12.474453107,41.8675749670001],[12.4749178050001,41.8671560060001],[12.4760374470001,41.8662465730001],[12.476289249,41.8660042990001],[12.47652981,41.865723652],[12.4767726150001,41.865385867],[12.4769685800001,41.8649422070001],[12.4770626260001,41.864496307],[12.4771757730001,41.8635647350001],[12.477085097,41.863276806],[12.476823337,41.862800209],[12.4765295830001,41.862488753],[12.476160898,41.862137523],[12.475615367,41.8617442780001],[12.475092322,41.861427774],[12.474503713,41.8611574810001],[12.4738892570001,41.860896149],[12.4730204050001,41.8606196800001],[12.472097978,41.860408744],[12.4708424740001,41.860238118],[12.470120498,41.8601173640001],[12.4699178070001,41.8600843030001],[12.4676803130001,41.859920586],[12.4655143740001,41.859882311],[12.464505768,41.859917222],[12.4639591390001,41.8598765520001],[12.4636047170001,41.859811533],[12.4631896180001,41.8596689230001],[12.462840472,41.859470582],[12.462431027,41.8591851250001],[12.462084525,41.858920122],[12.461702598,41.858583803],[12.4613381610001,41.8581277760001],[12.4610741270001,41.8577120940001],[12.460926248,41.857260856],[12.460718904,41.8563793970001],[12.46048918,41.8554192870001],[12.460423389,41.8548268960001],[12.4605036620001,41.8544092990001],[12.4606213930001,41.8540115930001],[12.460811399,41.8537203290001],[12.461057629,41.853296871],[12.4613274450001,41.852921591],[12.461658685,41.852604855],[12.462012003,41.852374387],[12.462530902,41.852147578],[12.4631329640001,41.851913075],[12.4647117110001,41.8513188960001],[12.4662645810001,41.850733655],[12.4678563850001,41.850130189],[12.4692920160001,41.8496071320001],[12.4699906810001,41.849346129],[12.4703169790001,41.849153164],[12.470656762,41.848941434],[12.471092077,41.848569776],[12.47130449,41.8483552370001],[12.4714678330001,41.8480919610001],[12.4715967180001,41.8477326140001],[12.4715745680001,41.8473241890001],[12.4714374930001,41.846920857],[12.4712314870001,41.846649445],[12.470921343,41.846432924],[12.4705104390001,41.8461855900001],[12.4700208720001,41.845993707],[12.4691518600001,41.8457267380001],[12.4678775670001,41.845393635],[12.466433916,41.8450562090001],[12.465806205,41.8449094870001],[12.463449009,41.8439824550001],[12.4628256500001,41.843629128],[12.462451355,41.843424272],[12.4617259890001,41.842830404],[12.461529893,41.8428227320001],[12.460946634,41.842261786],[12.460428472,41.841666536],[12.4593748460001,41.840511387],[12.458854828,41.839963744],[12.458164433,41.839293185],[12.458050977,41.8391810650001],[12.457848472,41.838938715],[12.457497211,41.8385556430001],[12.4570490900001,41.8380036280001],[12.456877042,41.8378222970001],[12.4564586440001,41.8373245510001],[12.455850013,41.8366021780001],[12.455343849,41.836108439],[12.454675755,41.8354800540001],[12.453633919,41.8345348010001],[12.4532040660001,41.834126144],[12.4513031130001,41.8326518850001],[12.4495447950001,41.831398791],[12.4492498270001,41.8313053100001],[12.4484006500001,41.8308670640001],[12.447278183,41.830251171],[12.445117741,41.828979296],[12.4419130800001,41.8272113670001],[12.4410520370001,41.826753739],[12.440274054,41.8264504570001],[12.439440216,41.8262698290001],[12.438007237,41.8260948880001],[12.436657687,41.8260647600001],[12.4360555000001,41.826146624],[12.435449889,41.8263141890001],[12.4346715360001,41.8266589840001],[12.433901341,41.8271183310001],[12.4332823930001,41.8276191790001],[12.4329106750001,41.8279921160001],[12.432329693,41.8288178710001],[12.43222358,41.828974493],[12.431490023,41.830057207],[12.43129335,41.8302956790001],[12.4310346460001,41.830609359],[12.4307839740001,41.8308443440001],[12.4302799330001,41.8313168390001],[12.429210848,41.832236492],[12.42876535,41.832541044],[12.427985361,41.832923881],[12.4272133160001,41.83314511],[12.4271215740001,41.833171398],[12.4270357,41.8331819430001],[12.426596471,41.833235877],[12.426162789,41.833245215],[12.4253779310001,41.83311324],[12.424472623,41.8328069950001],[12.4235857890001,41.83235819],[12.4226999960001,41.831566276],[12.421879034,41.830747218],[12.4216509610001,41.830397067],[12.4211958170001,41.8296720010001],[12.4209594220001,41.828894661],[12.4207981390001,41.8282447920001],[12.420761993,41.8280991350001],[12.420769642,41.827908683],[12.420810999,41.825927118],[12.4210554100001,41.82174459],[12.421100526,41.8206209190001],[12.421040052,41.819588281],[12.4209089710001,41.818727526],[12.4208011710001,41.8182390110001],[12.4204856490001,41.81721208],[12.4199528290001,41.81556836],[12.419215593,41.8129878870001],[12.418842403,41.811576775],[12.4184358640001,41.810039498],[12.418097694,41.808230489],[12.4181224720001,41.808038401],[12.4181003260001,41.8079627590001],[12.4181001320001,41.807962091],[12.4175413830001,41.806053556],[12.416551064,41.802564284],[12.416195058,41.801121819],[12.4160377750001,41.80067746],[12.4155820730001,41.800131069],[12.414748904,41.7994689490001],[12.4137514070001,41.798934178],[12.4124572480001,41.798452282],[12.4114511610001,41.79813175],[12.411056834,41.798039461],[12.4090091200001,41.7978860370001],[12.40732488,41.797800357],[12.405602108,41.797880579],[12.40476965,41.7979928170001],[12.4030170190001,41.798417833],[12.4009399620001,41.7989903590001],[12.3992195760001,41.79940413],[12.3984844620001,41.7994708730001],[12.3976922250001,41.799572057],[12.396991815,41.7995680940001],[12.3963887790001,41.799518676],[12.395599195,41.7993577980001],[12.394453879,41.7989386460001],[12.3929875640001,41.798190515],[12.3904818770001,41.7965728470001],[12.389825881,41.796260084],[12.3893578710001,41.7960230750001],[12.388698501,41.795793626],[12.388635746,41.795770754],[12.388344703,41.7956716],[12.3873943840001,41.7955499],[12.3865724570001,41.7955597860001],[12.3852501860001,41.7956583490001],[12.383761841,41.7960819400001],[12.3825389620001,41.796554454],[12.381884977,41.7968969630001],[12.380709441,41.797613584],[12.3781298070001,41.799027272],[12.3768830810001,41.7996135560001],[12.375892069,41.8000198120001],[12.374863448,41.800410903],[12.372844,41.8012025],[12.370130626,41.8021411500001],[12.3685228260001,41.8026761790001],[12.367538149,41.8029252430001],[12.366517043,41.8031305720001],[12.3659492200001,41.80323192],[12.3643745050001,41.8034245260001],[12.363528705,41.8035480720001],[12.36263208,41.80351318],[12.360610347,41.803423824],[12.360564358,41.803419916],[12.358534876,41.803247416],[12.355706562,41.803025038],[12.354411429,41.802923714],[12.353515998,41.802860185],[12.352556829,41.802952443],[12.3514772360001,41.803184883],[12.3497870190001,41.8038607130001],[12.347119879,41.805057226],[12.3466540590001,41.805232318],[12.346075464,41.805361911],[12.3453047890001,41.8055156520001],[12.3446545520001,41.8055292070001],[12.3445445890001,41.8055197830001],[12.34453935,41.8055193340001],[12.343969088,41.805470459],[12.343612874,41.8053049530001],[12.3428323630001,41.8047722050001],[12.342442513,41.804034045],[12.342384867,41.8031177170001],[12.3423122670001,41.8021009660001],[12.3422117210001,41.8012980180001],[12.342052354,41.7996073090001],[12.3419090310001,41.798914885],[12.3417352820001,41.7984962560001],[12.3415089970001,41.7979620350001],[12.3410709830001,41.7974658],[12.3405745310001,41.7969968030001],[12.3397154300001,41.7965194020001],[12.339303559,41.7962768190001],[12.3386700180001,41.7963043280001],[12.3372194950001,41.795960929],[12.3336238090001,41.795901299],[12.3279903060001,41.7962230460001],[12.3251372980001,41.7966808200001],[12.3232475290001,41.7969465350001],[12.3230571770001,41.7969011270001],[12.319936205,41.797483576],[12.3173126410001,41.7977357460001],[12.306271607,41.808680356],[12.309520783,41.8101862280001],[12.308418596,41.810951474],[12.306410263,41.8128939910001],[12.305762337,41.813534051],[12.2978887840001,41.821364658],[12.294373434,41.8249608620001],[12.289978966,41.8295426780001]]]},"properties":{"OBJECTID":11,"municipio":"Municipio_XI","zone_urb":"Marconi,Portuense,Pian due Torri,Trullo,Magliana,Corviale,Ponte Galeria","rione":" -","quartiere":"Portuense (parte),Gianicolense (parte)","sub_urbio":"Portuense,Gianicolense (parte)","zone_agro":"Magliana Vecchia,Ponte Galeria (parte)","borgate":" -","ex_mun":"15","etichetta":"XI (Ex XV)","municipio_join":"Municipio XI","etichetta_2":"XI","Shape__Area":128574477.35595703,"Shape__Length":66942.910288208033}},{"type":"Feature","id":12,"geometry":{"type":"Polygon","coordinates":[[[12.2506584870001,41.8758174320001],[12.2490552560001,41.877442172],[12.248447969,41.8779232250001],[12.247571497,41.8784359430001],[12.246934149,41.8787256470001],[12.2460152850001,41.879037184],[12.2443229960001,41.879539827],[12.2428143700001,41.8799229540001],[12.238540245,41.881096799],[12.2385559850001,41.881100898],[12.237624188,41.883103271],[12.2370965010001,41.8842048990001],[12.2369096690001,41.884581639],[12.2368614330001,41.884701998],[12.2368511170001,41.8849412160001],[12.2369456210001,41.8854117010001],[12.237162816,41.8857852630001],[12.2375026510001,41.886334328],[12.237798303,41.886798932],[12.2385155980001,41.8875331720001],[12.238559176,41.8874949990001],[12.239874119,41.8883558300001],[12.240653488,41.8889178390001],[12.24115213,41.889260553],[12.243597639,41.889638609],[12.2473002890001,41.890223098],[12.247971869,41.890401233],[12.2489527290001,41.890877475],[12.2499075420001,41.8915151090001],[12.2505348500001,41.891976033],[12.2519392,41.8931171470001],[12.254374017,41.894902921],[12.256496751,41.896532261],[12.256210648,41.8976274410001],[12.256921515,41.899645943],[12.2591664930001,41.9012185870001],[12.2597435320001,41.901708918],[12.260431523,41.903333698],[12.260425528,41.9044057900001],[12.260267851,41.9052955550001],[12.2607796460001,41.906380008],[12.2614727980001,41.9078857690001],[12.2624367810001,41.908653378],[12.262857915,41.908245548],[12.2628607890001,41.9082427650001],[12.2630191000001,41.908089454],[12.2633997940001,41.9077649500001],[12.264326086,41.9069888170001],[12.264573715,41.9067921880001],[12.266791498,41.906022987],[12.268320036,41.905520885],[12.26934355,41.90508061],[12.2704902400001,41.904369241],[12.271464698,41.9035822820001],[12.272850681,41.9021188630001],[12.2735347710001,41.9014083810001],[12.2751359590001,41.8997570450001],[12.276072862,41.899100204],[12.2776128290001,41.898135994],[12.278813417,41.8976521800001],[12.2802011050001,41.8972680970001],[12.2845287100001,41.896369829],[12.2874412740001,41.895747714],[12.289694624,41.895252923],[12.290926932,41.89476973],[12.291985002,41.8942585830001],[12.293960644,41.893163848],[12.2984480850001,41.890543704],[12.299751477,41.8898833800001],[12.3011492110001,41.8892538540001],[12.3023788140001,41.8888300410001],[12.303604896,41.888489528],[12.305952448,41.888020456],[12.3094826780001,41.8872931380001],[12.3136417860001,41.8865852000001],[12.3151225140001,41.8863269490001],[12.3174963870001,41.885912881],[12.3197676020001,41.8855489640001],[12.32201889,41.885470468],[12.3264766930001,41.885622062],[12.329127887,41.8856647320001],[12.3313498140001,41.88560205],[12.333358225,41.885153121],[12.3341744570001,41.8848480290001],[12.3338789430001,41.884593355],[12.3333722990001,41.8838953470001],[12.333557818,41.8837280990001],[12.3338172530001,41.883628544],[12.3348370620001,41.8834496960001],[12.335642093,41.883259896],[12.3361106670001,41.883109937],[12.337428828,41.882848638],[12.3378871630001,41.8829113940001],[12.338653258,41.882891038],[12.3399584630001,41.882787863],[12.340519106,41.8828008570001],[12.3437258930001,41.882360447],[12.3475211250001,41.8818763630001],[12.348342115,41.881761899],[12.350556822,41.881870236],[12.3520595680001,41.8819239810001],[12.354579309,41.8820583410001],[12.356158517,41.882113793],[12.357091209,41.8823830850001],[12.3583832250001,41.8829084480001],[12.359590774,41.883317481],[12.3603094260001,41.88382963],[12.3614170280001,41.8848082100001],[12.3631069190001,41.8862052310001],[12.3663294900001,41.8877088950001],[12.368063095,41.888201393],[12.3693084930001,41.8881584650001],[12.370851357,41.887860233],[12.3729042840001,41.886787342],[12.374770359,41.8852545120001],[12.3750491340001,41.885025512],[12.376494684,41.883986317],[12.37788885,41.883422485],[12.3789439920001,41.883351276],[12.379571379,41.8836038810001],[12.3808484190001,41.8841995390001],[12.380860501,41.884205174],[12.3808610840001,41.8841162740001],[12.381585683,41.884494793],[12.3830909710001,41.885216573],[12.383648066,41.885486042],[12.384147061,41.885719948],[12.3847122870001,41.885958782],[12.3853348760001,41.8861954980001],[12.385620451,41.886270475],[12.3862710930001,41.886381156],[12.386477766,41.886368745],[12.386765267,41.886346089],[12.387084477,41.8863209350001],[12.387745957,41.8862219900001],[12.3882192500001,41.88607528],[12.389055441,41.8856800570001],[12.389949185,41.885277578],[12.390540796,41.88503769],[12.3912582140001,41.8847458810001],[12.3920223700001,41.8844311650001],[12.392180221,41.8843799750001],[12.3927321360001,41.8842144910001],[12.3928842940001,41.884190559],[12.3934140050001,41.884120426],[12.3940105620001,41.884096314],[12.3947606570001,41.884127037],[12.3952744710001,41.8841660890001],[12.3958675540001,41.8842274780001],[12.396344819,41.8843204720001],[12.3969064140001,41.8844804230001],[12.397353996,41.8846275160001],[12.397838839,41.884759704],[12.398336843,41.884962713],[12.3988829100001,41.885166811],[12.399050453,41.885229189],[12.399460608,41.8853818910001],[12.400019581,41.8856068170001],[12.400543053,41.885803545],[12.4016166760001,41.8862171160001],[12.402125454,41.8864374710001],[12.402629419,41.8867007150001],[12.4026324330001,41.886702289],[12.403129431,41.886987419],[12.403577731,41.8872871940001],[12.404011068,41.887560609],[12.404607953,41.8878685350001],[12.406195052,41.888501827],[12.407123749,41.888762461],[12.407318784,41.8888113730001],[12.407917481,41.888961838],[12.4082611600001,41.889130508],[12.408495042,41.889238494],[12.4088515500001,41.8893732160001],[12.4091515960001,41.8894313420001],[12.409471335,41.889455678],[12.4097286460001,41.889437522],[12.4103041590001,41.889368345],[12.4108333450001,41.8893118140001],[12.4113047930001,41.889153326],[12.4118421270001,41.888894984],[12.4123214860001,41.8887106520001],[12.412707519,41.888681696],[12.4130878670001,41.8886800010001],[12.413756048,41.8886984820001],[12.414489007,41.888701305],[12.4152716250001,41.888722355],[12.415986275,41.8887247540001],[12.416585712,41.8886868970001],[12.417156085,41.888631264],[12.417974664,41.888499048],[12.4185636190001,41.888436977],[12.419220411,41.8883969720001],[12.419876098,41.888384327],[12.4206132200001,41.8883974730001],[12.4209989670001,41.888438583],[12.421142424,41.8884538720001],[12.421675656,41.888524053],[12.422263909,41.8886502450001],[12.4225947690001,41.8887398410001],[12.42307614,41.8888465100001],[12.4235037880001,41.889035849],[12.4239403890001,41.8892305210001],[12.4244170910001,41.889453481],[12.424935959,41.8896534190001],[12.425273329,41.889809229],[12.425431487,41.88986413],[12.425787943,41.890115199],[12.425854133,41.890178307],[12.4261872930001,41.890439122],[12.4264316480001,41.890629475],[12.426475238,41.890722639],[12.4265466040001,41.890736642],[12.4265986360001,41.89074685],[12.426932584,41.890972042],[12.427117299,41.8910349120001],[12.427254234,41.8910975220001],[12.427641825,41.8912134350001],[12.4282785080001,41.8913206330001],[12.4287538350001,41.891371555],[12.4288691190001,41.8913839040001],[12.4294128,41.891424677],[12.429525251,41.89142895],[12.429871314,41.8914420950001],[12.4300978580001,41.891386606],[12.430174707,41.891378795],[12.430360649,41.891354365],[12.4305736050001,41.891292416],[12.4313609450001,41.891062231],[12.431618315,41.8910060380001],[12.432357036,41.8908748360001],[12.4324217110001,41.890852454],[12.4326024220001,41.89079931],[12.43337315,41.8905058350001],[12.433865063,41.890326212],[12.434485942,41.890111345],[12.4346012130001,41.8900996250001],[12.4348804420001,41.8901344600001],[12.435171656,41.8901886250001],[12.4359835020001,41.889982783],[12.4371790180001,41.889672084],[12.4379955110001,41.8895092220001],[12.4385276310001,41.889440085],[12.439766911,41.8893104740001],[12.440029118,41.889292496],[12.4406185830001,41.889224627],[12.440962676,41.889232301],[12.442929652,41.889166534],[12.444354237,41.8891077210001],[12.445995662,41.889048949],[12.447897583,41.889015009],[12.4491574360001,41.888928644],[12.4498992530001,41.8888784110001],[12.4507469660001,41.8888114640001],[12.450855103,41.888818631],[12.4511675250001,41.8888208050001],[12.451669974,41.888855791],[12.452057726,41.888888227],[12.4526368300001,41.888920145],[12.4530403250001,41.888957694],[12.4534927450001,41.8889677330001],[12.4538063040001,41.8889413310001],[12.454185097,41.8888782500001],[12.45448837,41.888789665],[12.455005892,41.888605754],[12.455467008,41.8883967620001],[12.4557013190001,41.888278051],[12.4558582180001,41.8881814530001],[12.4562088010001,41.8879452260001],[12.456739108,41.8875995600001],[12.45685645,41.8875354410001],[12.4573046190001,41.8873309200001],[12.4574457480001,41.8873102200001],[12.457732676,41.88731181],[12.458085918,41.8874101800001],[12.45840681,41.8875202240001],[12.4597433330001,41.887911998],[12.4613061310001,41.8883879900001],[12.461381015,41.8884634890001],[12.4614190940001,41.8884049420001],[12.4615582930001,41.8882363970001],[12.46185932,41.8877855590001],[12.4616197460001,41.8877154480001],[12.4615807590001,41.887733649],[12.4614950050001,41.887708876],[12.461378541,41.887428943],[12.4612065310001,41.887005768],[12.461678244,41.8864881740001],[12.461777759,41.886487516],[12.4617922030001,41.88650928],[12.4620696650001,41.886508268],[12.462079472,41.8855343510001],[12.4620863370001,41.8850388820001],[12.4618083770001,41.885036547],[12.461794503,41.8850648340001],[12.461687306,41.885066276],[12.4614063930001,41.8843978840001],[12.4621786820001,41.884120094],[12.462255735,41.884187324],[12.462239217,41.8842018520001],[12.4624372480001,41.884334305],[12.4637466680001,41.8833350730001],[12.4635218220001,41.8831752230001],[12.463505304,41.88318975],[12.463427779,41.8831344240001],[12.463698129,41.882724319],[12.463805161,41.882561957],[12.464479291,41.8827496050001],[12.4644765630001,41.882919319],[12.4652575530001,41.882924657],[12.4652570220001,41.8826357310001],[12.4658800500001,41.882402273],[12.4660824470001,41.883029247],[12.466368463,41.8830534330001],[12.466399397,41.8829766740001],[12.4671385670001,41.8830317100001],[12.4671554880001,41.883410352],[12.4688339860001,41.883700554],[12.468887884,41.883546862],[12.4692181790001,41.883560102],[12.4698628400001,41.88358623],[12.469975966,41.883749563],[12.470249558,41.8838866470001],[12.470194712,41.8841654170001],[12.471350988,41.884256425],[12.472161391,41.8843249120001],[12.4722284110001,41.8840404520001],[12.473002992,41.8838043370001],[12.4733919560001,41.884048201],[12.4733821140001,41.884095641],[12.4735247670001,41.8842179220001],[12.4741463870001,41.8838175920001],[12.474255139,41.883744001],[12.474645153,41.883480085],[12.4747229230001,41.8835294510001],[12.475130818,41.883211982],[12.4745988780001,41.882870213],[12.474348144,41.8826788380001],[12.4733476120001,41.881974144],[12.4723308980001,41.8811952200001],[12.4715036050001,41.880545555],[12.471179674,41.8802703530001],[12.470888308,41.8799779980001],[12.4706290340001,41.8796803920001],[12.4703646180001,41.879311187],[12.4702152030001,41.8790577010001],[12.470075631,41.8787567740001],[12.4699962500001,41.8785465290001],[12.4699225050001,41.8781934410001],[12.469909418,41.877919132],[12.469905001,41.8776271410001],[12.4699332800001,41.877354935],[12.4700093640001,41.8768812430001],[12.4700602610001,41.8766822100001],[12.4701201500001,41.876497672],[12.4701735690001,41.876355882],[12.4702230550001,41.8761925590001],[12.470266495,41.876061271],[12.470338194,41.875819807],[12.470473288,41.8754260480001],[12.4705578640001,41.8752218000001],[12.4711843150001,41.8736867850001],[12.471582895,41.872702342],[12.4674901080001,41.8723550770001],[12.467490933,41.8723612530001],[12.4674909350001,41.872361282],[12.465963227,41.872246724],[12.4645523610001,41.872129785],[12.4639267650001,41.8719872930001],[12.4632663420001,41.8717582460001],[12.4625553720001,41.871356517],[12.461886027,41.870869923],[12.461204932,41.870197207],[12.460898147,41.8697329240001],[12.4607796440001,41.869344289],[12.4607763720001,41.868943906],[12.4608321270001,41.868501939],[12.460941253,41.8681612300001],[12.4611071420001,41.867836074],[12.461550184,41.8672740010001],[12.462230451,41.866517017],[12.462042024,41.8664144730001],[12.461801286,41.866375791],[12.4615038430001,41.8662878800001],[12.460889018,41.8660360000001],[12.4599088950001,41.8656711900001],[12.459269734,41.8653901700001],[12.4582364550001,41.8649193270001],[12.4564909110001,41.8642234020001],[12.4557869510001,41.8639695200001],[12.455109609,41.8636876300001],[12.4545600430001,41.8633990390001],[12.4539771780001,41.862985801],[12.453691362,41.862798368],[12.453406682,41.862582366],[12.4530598220001,41.8623268590001],[12.452746097,41.8620396790001],[12.452345383,41.861535163],[12.4520798830001,41.861157554],[12.4516601340001,41.8604905820001],[12.451214158,41.859842089],[12.4509793180001,41.8596557810001],[12.4505838000001,41.859341998],[12.450014115,41.8589195010001],[12.4495428600001,41.858586877],[12.4491401610001,41.858454022],[12.4481575720001,41.858155776],[12.4477436560001,41.857984543],[12.447399117,41.857671882],[12.447133282,41.857303785],[12.4469096020001,41.857032217],[12.4468527560001,41.8569631990001],[12.4465582300001,41.8566754770001],[12.4459042450001,41.856166806],[12.445899734,41.8561632970001],[12.4457821450001,41.856075355],[12.445361194,41.855760532],[12.4446372090001,41.8553727],[12.4439184620001,41.855013574],[12.443636527,41.854867212],[12.443335324,41.8547108450001],[12.4426245760001,41.8543418620001],[12.4424330310001,41.85424242],[12.442391533,41.854220877],[12.442260071,41.8541607590001],[12.442116819,41.854076552],[12.441874709,41.853913892],[12.4417882060001,41.8538452450001],[12.4413626370001,41.8534878720001],[12.4410809890001,41.853357687],[12.44077815,41.853279451],[12.4404353900001,41.8532432150001],[12.4399292360001,41.853308176],[12.4398451160001,41.853339659],[12.4393299330001,41.853471135],[12.4389370810001,41.853571979],[12.4386545850001,41.853622863],[12.4384687570001,41.85364731],[12.437685237,41.853634586],[12.4367704150001,41.853548984],[12.436665815,41.8535140160001],[12.4364634950001,41.85327175],[12.4362390490001,41.8529590630001],[12.435843156,41.8525679580001],[12.4354938450001,41.8522594720001],[12.43519954,41.852059162],[12.4352596530001,41.853127682],[12.4353682300001,41.8542384880001],[12.4354111550001,41.855078193],[12.4354415490001,41.855593556],[12.435220585,41.8566561120001],[12.435152225,41.8573694240001],[12.435163609,41.857802156],[12.434235786,41.8578100130001],[12.434098992,41.8578558020001],[12.4340181800001,41.858027463],[12.4339957,41.8581432410001],[12.433926613,41.858309922],[12.433746808,41.858621623],[12.433505811,41.858869407],[12.4331794770001,41.859185977],[12.43259733,41.859558964],[12.432260468,41.8597727900001],[12.432121572,41.859871995],[12.431915035,41.860015107],[12.431667002,41.8601596730001],[12.431101826,41.86042343],[12.430539916,41.860496136],[12.429328508,41.8606596340001],[12.429288838,41.8608541350001],[12.429227317,41.8609576000001],[12.4289614890001,41.8613305100001],[12.428798767,41.8616128],[12.4287081750001,41.8618847920001],[12.428667262,41.862110241],[12.428528811,41.8621845800001],[12.4270473340001,41.8626300230001],[12.426102439,41.8629424280001],[12.4258334900001,41.8630912790001],[12.425723776,41.8632437],[12.425627118,41.8634678970001],[12.425494551,41.8637925570001],[12.4252577610001,41.864132751],[12.424802889,41.864545492],[12.4243269940001,41.8648862750001],[12.423421579,41.8654842880001],[12.4205901600001,41.862332592],[12.4198877170001,41.862678988],[12.4198499820001,41.8629831370001],[12.420192994,41.863449932],[12.4184889210001,41.864209852],[12.4179784030001,41.864222197],[12.4167691600001,41.8641711590001],[12.4163148550001,41.8641728470001],[12.4160075090001,41.864285067],[12.415547255,41.864632124],[12.4148361420001,41.8652713760001],[12.4140309110001,41.865872762],[12.4131064320001,41.8662689170001],[12.412623905,41.866377179],[12.412050155,41.866376158],[12.4116226030001,41.8663069470001],[12.4109421900001,41.866184375],[12.4105793000001,41.866092791],[12.410047014,41.865854416],[12.4095953140001,41.8655940290001],[12.4092805880001,41.8657105190001],[12.409052682,41.865450799],[12.4086299200001,41.8650266490001],[12.407840881,41.8644084700001],[12.406997367,41.863984342],[12.406248443,41.863586174],[12.4055347450001,41.8631053980001],[12.40494748,41.862651306],[12.40419904,41.8618480600001],[12.403018257,41.860308279],[12.4026153400001,41.8596319800001],[12.4023263120001,41.859291849],[12.401918118,41.8591396410001],[12.4013010080001,41.8590303600001],[12.4000547320001,41.858716201],[12.3992224410001,41.85841141],[12.3985484140001,41.858134028],[12.3979284340001,41.857702987],[12.3976739130001,41.857519524],[12.3976843,41.857477084],[12.397650304,41.85747537],[12.3974695970001,41.8574662600001],[12.397151163,41.857459039],[12.3971059400001,41.857462027],[12.397081041,41.857459506],[12.397082723,41.857463561],[12.396836658,41.8574798220001],[12.3968155970001,41.857481213],[12.3963898050001,41.8575668670001],[12.3963783780001,41.857573728],[12.3952143970001,41.85672901],[12.390648877,41.8549606920001],[12.389912015,41.8546627690001],[12.3897344750001,41.854639669],[12.3895685090001,41.854645426],[12.3893739700001,41.854726782],[12.3890848460001,41.854939421],[12.3887362740001,41.8552031300001],[12.38855062,41.855222734],[12.388308813,41.8552124660001],[12.388101949,41.8551267440001],[12.3878615290001,41.8549258840001],[12.387576295,41.8546097890001],[12.387258876,41.8544214720001],[12.3870238110001,41.854245752],[12.3869304200001,41.854144755],[12.3868179740001,41.8540259150001],[12.3866446120001,41.8537125230001],[12.3865612750001,41.8535676590001],[12.38641348,41.8534403880001],[12.38621435,41.85332148],[12.385843052,41.85336068],[12.3844116760001,41.8536044730001],[12.383500392,41.853755264],[12.383244884,41.853768501],[12.383017179,41.853725185],[12.382413985,41.8535112760001],[12.381017727,41.853050524],[12.380381002,41.852721465],[12.3787719800001,41.8520483790001],[12.378771311,41.8520498680001],[12.377524442,41.851678264],[12.375977011,41.8516428980001],[12.374826091,41.8517309540001],[12.3736816000001,41.851661882],[12.3726605090001,41.8513811720001],[12.3708267420001,41.8508673900001],[12.3697971130001,41.850329118],[12.368483473,41.8499558870001],[12.366340612,41.849520726],[12.364316509,41.848988176],[12.3629031470001,41.848483921],[12.3616681940001,41.847826486],[12.3608499970001,41.8472644],[12.3603207,41.846651767],[12.359795526,41.845939149],[12.359293875,41.8455844870001],[12.3585013520001,41.8452692280001],[12.357920598,41.8450382030001],[12.3558799620001,41.844447937],[12.354605453,41.844289899],[12.3536300960001,41.8442960090001],[12.352451349,41.84459765],[12.3484275750001,41.8459630290001],[12.3459835150001,41.846807233],[12.3444529760001,41.846829019],[12.3438135530001,41.8465711800001],[12.343078448,41.845853628],[12.342376238,41.8452655030001],[12.3416848590001,41.8448777780001],[12.341216113,41.844423723],[12.339781267,41.8430608850001],[12.3387663980001,41.8426370510001],[12.3379653480001,41.8425898830001],[12.3371243190001,41.842584671],[12.3361281160001,41.842633038],[12.335685239,41.8427085400001],[12.335279971,41.842799208],[12.335064221,41.842831608],[12.3347027940001,41.842885884],[12.3341530220001,41.84277304],[12.3338145490001,41.8426365070001],[12.3336975660001,41.8426757510001],[12.3335887100001,41.842994897],[12.3334300240001,41.8433629250001],[12.3332283870001,41.8438443270001],[12.3331365510001,41.844213908],[12.33288745,41.844687058],[12.332593463,41.8452050330001],[12.3323340270001,41.845313376],[12.331978258,41.8452860460001],[12.328236326,41.84499885],[12.3257594990001,41.8447886710001],[12.324578397,41.844684897],[12.3244093120001,41.8450717310001],[12.324126834,41.845732324],[12.3241566990001,41.8459331730001],[12.3242092830001,41.8465062660001],[12.3243354960001,41.847147792],[12.324158857,41.8477155410001],[12.323820514,41.8486455140001],[12.3228826320001,41.8503487720001],[12.3220715850001,41.8508445310001],[12.321963741,41.850984982],[12.3214392350001,41.851639919],[12.3209668540001,41.852267477],[12.3206779230001,41.8524704170001],[12.320269984,41.852470424],[12.3194927070001,41.8521568100001],[12.3192829660001,41.8519898830001],[12.318948657,41.8519058250001],[12.318641412,41.851936772],[12.3181184590001,41.8522486110001],[12.3176018660001,41.8527130940001],[12.3171413850001,41.8530549820001],[12.316196163,41.852794606],[12.3153791190001,41.852213163],[12.3142369450001,41.85148114],[12.312929001,41.8507509450001],[12.3119022660001,41.850307533],[12.310784803,41.849900113],[12.3096621650001,41.8496164630001],[12.308875792,41.849521779],[12.3079572780001,41.8495383640001],[12.3071223150001,41.849690337],[12.3066176570001,41.849869117],[12.3059939840001,41.8501499430001],[12.3057384840001,41.850163008],[12.305510853,41.85011954],[12.3045483220001,41.8493630450001],[12.3039971910001,41.8491308860001],[12.3030716220001,41.848708835],[12.302274616,41.848261205],[12.301984523,41.8481876700001],[12.300679668,41.8479949600001],[12.298916782,41.847781927],[12.298271733,41.847661902],[12.2976318990001,41.847418094],[12.297185492,41.847121649],[12.296884462,41.8467028170001],[12.2965825520001,41.8463049320001],[12.2953971000001,41.845095149],[12.295024423,41.8445621560001],[12.294784597,41.8442038540001],[12.29443568,41.844014539],[12.292587547,41.8435592170001],[12.291933407,41.84244771],[12.2912763470001,41.8417078420001],[12.291145525,41.8414855390001],[12.2906664720001,41.840454406],[12.290199521,41.840193668],[12.289166014,41.8396164590001],[12.2887678170001,41.83938784],[12.2872968900001,41.8383046650001],[12.286423729,41.8378551260001],[12.285074405,41.8372132280001],[12.2834187600001,41.836672838],[12.282931005,41.8365231060001],[12.281507802,41.83779057],[12.275003075,41.843845818],[12.2717904310001,41.8468575640001],[12.2655637020001,41.852537624],[12.26432176,41.8540091680001],[12.2635998690001,41.8553918310001],[12.2634072560001,41.855835197],[12.263050369,41.8574767490001],[12.2629275790001,41.859047187],[12.262852916,41.8607967350001],[12.2627880580001,41.861569586],[12.26257889,41.862362821],[12.2623292440001,41.863040122],[12.2619963170001,41.8636707590001],[12.2613125610001,41.864455051],[12.2605064210001,41.8654175070001],[12.2582713200001,41.8677954980001],[12.2516326040001,41.8748352430001],[12.2516219610001,41.8748174350001],[12.2506584870001,41.8758174320001]]]},"properties":{"OBJECTID":12,"municipio":"Municipio_XII","zone_urb":"Colli Portuensi,Buon Pastore,Pisana,Gianicolense,Massimina,Pantano di Grano,Villa Pamphili","rione":" -","quartiere":"Portuense (parte),Gianicolense (parte)","sub_urbio":"Gianicolense (parte)","zone_agro":"Maccarese Nord (parte),La Pisana (parte),Castel di Guido (parte)","borgate":" -","ex_mun":"16","etichetta":"XII (Ex XVI)","municipio_join":"Municipio XII","etichetta_2":"XII","Shape__Area":131669697.5390625,"Shape__Length":72667.226728955982}},{"type":"Feature","id":13,"geometry":{"type":"Polygon","coordinates":[[[12.307507518,41.9618331560001],[12.3099703090001,41.961724137],[12.3121529220001,41.962204184],[12.313956723,41.9633424880001],[12.3142796660001,41.96325474],[12.31450504,41.9624498850001],[12.3144942660001,41.961186781],[12.314247042,41.960232664],[12.3136003110001,41.959669493],[12.313252752,41.95806492],[12.3130416500001,41.9570115710001],[12.31297025,41.9549130880001],[12.312839818,41.9542190380001],[12.313308405,41.9529433330001],[12.3131270000001,41.9519430980001],[12.314137654,41.9506800820001],[12.314942349,41.949760117],[12.315434748,41.9486755770001],[12.315768695,41.947563501],[12.3165919050001,41.946200767],[12.3170643450001,41.9448298240001],[12.3174609480001,41.9422228440001],[12.317079484,41.9406651400001],[12.3171990970001,41.9400960780001],[12.317868692,41.939349254],[12.317821958,41.9381806160001],[12.3178408410001,41.936208143],[12.317978345,41.935973082],[12.31919679,41.935834765],[12.3217631810001,41.9355134580001],[12.3239200850001,41.935063407],[12.3269566220001,41.934181089],[12.330185439,41.9340418150001],[12.3320105380001,41.933893647],[12.332495684,41.933738136],[12.333445135,41.933926996],[12.3367277830001,41.934027066],[12.3390162220001,41.9342469520001],[12.340073218,41.934152323],[12.341617093,41.9330920370001],[12.3429508560001,41.932479586],[12.3444118510001,41.9311075840001],[12.3460571410001,41.9299066180001],[12.3465348300001,41.92915995],[12.346758671,41.9283788160001],[12.347579292,41.9278259280001],[12.3487387110001,41.9275667920001],[12.349914223,41.927689258],[12.3506365590001,41.927968041],[12.3520092590001,41.927952072],[12.353218633,41.9280276310001],[12.3534996290001,41.9280650800001],[12.3540670260001,41.9282330440001],[12.3546248860001,41.928245906],[12.355918391,41.9282161510001],[12.3561893520001,41.928222394],[12.356782244,41.928545812],[12.3575103100001,41.928300478],[12.358648143,41.927790556],[12.358780074,41.9276863690001],[12.358864463,41.927187932],[12.359035148,41.9269178430001],[12.3597180950001,41.926218733],[12.360031727,41.9259638440001],[12.3609799430001,41.9257950350001],[12.362156982,41.9254932800001],[12.3627916290001,41.925343598],[12.3634350410001,41.926157377],[12.364858826,41.926914442],[12.364858032,41.92690643],[12.364942296,41.9269640140001],[12.365302897,41.926807884],[12.3658023950001,41.926998059],[12.3667535600001,41.9269126660001],[12.3671056090001,41.9264989970001],[12.3681112410001,41.9269509640001],[12.368555133,41.927096962],[12.369220124,41.9279652380001],[12.3696800920001,41.928418976],[12.37027656,41.928695943],[12.370886059,41.928811177],[12.371589095,41.928785584],[12.37215738,41.9287390320001],[12.372444041,41.928751553],[12.3735683190001,41.928860689],[12.373965823,41.928893614],[12.3746379580001,41.9288434690001],[12.3759067560001,41.928735483],[12.376582548,41.928596056],[12.376968017,41.928533385],[12.380585282,41.92785949],[12.381115519,41.9281575250001],[12.3826172,41.929395679],[12.3829396570001,41.92966762],[12.383212916,41.929773928],[12.3835363310001,41.9298241930001],[12.383853979,41.929781397],[12.3842698920001,41.9296765070001],[12.384993078,41.9293141310001],[12.385296849,41.929142346],[12.3855316290001,41.929019027],[12.3855312900001,41.929018364],[12.3861639250001,41.9286970250001],[12.386613443,41.9285214080001],[12.3871881330001,41.928513051],[12.387860443,41.9286927680001],[12.388353087,41.928818354],[12.3888596690001,41.9288370310001],[12.3890900710001,41.9288208290001],[12.3897198710001,41.9286397710001],[12.390142176,41.9283777420001],[12.390353206,41.928132352],[12.3905691840001,41.927765552],[12.390638261,41.9272452970001],[12.390472371,41.9267457610001],[12.3901517800001,41.926157075],[12.3898323610001,41.925539821],[12.389613787,41.924953454],[12.3894686140001,41.924445006],[12.3894818200001,41.92412125],[12.389511273,41.923712085],[12.3894383790001,41.9229569950001],[12.38943612,41.9222302000001],[12.389571958,41.9216375990001],[12.3900295350001,41.920587676],[12.3901098650001,41.9197912760001],[12.3902968990001,41.919116441],[12.390496786,41.9186349020001],[12.3908147550001,41.918113158],[12.3917596320001,41.918295476],[12.393537925,41.9185626170001],[12.3950379930001,41.918861167],[12.39542019,41.918876991],[12.3966317100001,41.918740072],[12.3975753300001,41.9187185860001],[12.3996427760001,41.9191872060001],[12.403800753,41.9202654380001],[12.4050424280001,41.920329264],[12.4069649900001,41.921210983],[12.4100889870001,41.9204094400001],[12.4100867670001,41.920408368],[12.409005602,41.918082273],[12.4079307060001,41.9158177950001],[12.4076916240001,41.915340606],[12.407464003,41.915053105],[12.4096391090001,41.9137824060001],[12.409393746,41.913342011],[12.4084088860001,41.9120734840001],[12.40742263,41.9109051730001],[12.4072278200001,41.910674327],[12.406418885,41.9104844880001],[12.405717318,41.90921942],[12.4052183260001,41.9085607540001],[12.405374293,41.9085555230001],[12.405853463,41.9086439540001],[12.406240874,41.908734877],[12.4064194050001,41.908702395],[12.406651568,41.908401805],[12.4069057510001,41.9081610540001],[12.407114989,41.907898291],[12.407211702,41.9077890510001],[12.4076656990001,41.907276236],[12.4080073000001,41.906989071],[12.4083373010001,41.906535488],[12.4086346720001,41.9059821110001],[12.4088486370001,41.905224635],[12.409282794,41.9049149050001],[12.4097959370001,41.9046160880001],[12.4100149560001,41.904488653],[12.410040784,41.904470996],[12.4103209780001,41.904948791],[12.410516075,41.905172409],[12.410756749,41.905373227],[12.4110302560001,41.905550958],[12.411368269,41.9057110800001],[12.4117342820001,41.905809882],[12.412557878,41.9060226510001],[12.413140363,41.906171601],[12.414217089,41.9062852210001],[12.4148614000001,41.9065374200001],[12.4155405340001,41.9067814630001],[12.41603687,41.9070499800001],[12.41633474,41.9072568400001],[12.4167401390001,41.9076448280001],[12.4170698180001,41.9080122070001],[12.417546245,41.9086692970001],[12.4177708660001,41.909031768],[12.4181984210001,41.9098991880001],[12.418508327,41.9109948500001],[12.4186169980001,41.9114643190001],[12.4186282900001,41.9118172240001],[12.418611013,41.9122457350001],[12.41855357,41.912720998],[12.4191482850001,41.9130234350001],[12.4204992480001,41.91369716],[12.4206386440001,41.91380037],[12.420776602,41.913939289],[12.4208563280001,41.914098343],[12.4210312390001,41.914537529],[12.4213176010001,41.915348151],[12.421531842,41.9155733710001],[12.4218808260001,41.9158194890001],[12.4225340950001,41.91609627],[12.423322018,41.916274802],[12.4234809070001,41.9162902830001],[12.4234211690001,41.915991095],[12.42323951,41.915748739],[12.422788328,41.9151222620001],[12.422585005,41.9148317620001],[12.422592481,41.9146460740001],[12.4229456190001,41.9140678420001],[12.4233723140001,41.913453136],[12.423416656,41.9128235900001],[12.4234893030001,41.9122867130001],[12.4238475340001,41.911470315],[12.424464943,41.9102971620001],[12.424413784,41.910285249],[12.4246968680001,41.9096711280001],[12.425199739,41.908588717],[12.4253065460001,41.9083123290001],[12.425420995,41.907369886],[12.425378487,41.9064776550001],[12.4269729110001,41.906576629],[12.4288765480001,41.9069624160001],[12.429252171,41.907008956],[12.431606134,41.9068519800001],[12.431834827,41.90687616],[12.433858871,41.9066736280001],[12.4371924810001,41.9070122470001],[12.437203508,41.9069850270001],[12.437509144,41.9065212530001],[12.4377022840001,41.9060787930001],[12.437788862,41.905907975],[12.4378503950001,41.9057651900001],[12.4381080810001,41.9052168360001],[12.439225594,41.9055669520001],[12.4396451260001,41.905125968],[12.4400896230001,41.904778466],[12.4418378610001,41.903696768],[12.4425705200001,41.903241306],[12.4438160760001,41.9023882220001],[12.444523782,41.901917895],[12.44483996,41.9016675940001],[12.4451488560001,41.901359944],[12.4453478360001,41.90118894],[12.4457041920001,41.901387959],[12.4458510490001,41.90150441],[12.445893525,41.9018389450001],[12.44592885,41.901952914],[12.4467158570001,41.901613008],[12.4468566480001,41.901681667],[12.447206807,41.901498834],[12.447919117,41.901032162],[12.4478224270001,41.900857261],[12.448019317,41.900718671],[12.4488283530001,41.9008260140001],[12.4488950750001,41.900952594],[12.4500866020001,41.9008658930001],[12.4507921650001,41.9007683840001],[12.450807002,41.9005959620001],[12.451799441,41.900302283],[12.452780273,41.9003002310001],[12.4528760700001,41.900397668],[12.4545421060001,41.9002082690001],[12.4546556920001,41.9003597120001],[12.4551429540001,41.9003705120001],[12.4564050110001,41.900402781],[12.456706459,41.90004013],[12.457025711,41.9000323110001],[12.457178491,41.899297032],[12.4583000760001,41.8988157640001],[12.457881811,41.898525927],[12.457987046,41.8976823680001],[12.4580782350001,41.896790842],[12.4583420480001,41.8964490380001],[12.4583472030001,41.8964423590001],[12.4584814470001,41.8964751170001],[12.4586865370001,41.8958273700001],[12.458623516,41.895808104],[12.458716162,41.8954825210001],[12.458893039,41.895143913],[12.458995535,41.8951729890001],[12.458998928,41.895187956],[12.4590899460001,41.895204864],[12.459512552,41.8938768780001],[12.459449179,41.89386654],[12.459265847,41.89386546],[12.4592704500001,41.8933473050001],[12.459702722,41.892901166],[12.459793147,41.8929329520001],[12.4597964220001,41.8929508950001],[12.4599184740001,41.892989339],[12.4603543330001,41.892251383],[12.460476612,41.8918817790001],[12.4602711580001,41.8918355330001],[12.460254284,41.8918589880001],[12.4601868130001,41.891851537],[12.460052337,41.8914226380001],[12.4604780390001,41.890940608],[12.4605971660001,41.8909521780001],[12.460588258,41.8909758100001],[12.460778485,41.891003846],[12.4609665020001,41.890081696],[12.4610848400001,41.8895216180001],[12.460836393,41.8894660830001],[12.4608200810001,41.889491456],[12.460679176,41.8894541450001],[12.460295149,41.8889807420001],[12.460942834,41.8885696840001],[12.46101845,41.888592802],[12.4610171480001,41.888625656],[12.4612349340001,41.8886880900001],[12.461380482,41.8884643100001],[12.461381015,41.8884634890001],[12.4613061310001,41.8883879900001],[12.4597433330001,41.887911998],[12.45840681,41.8875202240001],[12.458085918,41.8874101800001],[12.457732676,41.88731181],[12.4574457480001,41.8873102200001],[12.4573046190001,41.8873309200001],[12.45685645,41.8875354410001],[12.456739108,41.8875995600001],[12.4562088010001,41.8879452260001],[12.4558582180001,41.8881814530001],[12.4557013190001,41.888278051],[12.455467008,41.8883967620001],[12.455005892,41.888605754],[12.45448837,41.888789665],[12.454185097,41.8888782500001],[12.4538063040001,41.8889413310001],[12.4534927450001,41.8889677330001],[12.4530403250001,41.888957694],[12.4526368300001,41.888920145],[12.452057726,41.888888227],[12.451669974,41.888855791],[12.4511675250001,41.8888208050001],[12.450855103,41.888818631],[12.4507469660001,41.8888114640001],[12.4498992530001,41.8888784110001],[12.4491574360001,41.888928644],[12.447897583,41.889015009],[12.445995662,41.889048949],[12.444354237,41.8891077210001],[12.442929652,41.889166534],[12.440962676,41.889232301],[12.4406185830001,41.889224627],[12.440029118,41.889292496],[12.439766911,41.8893104740001],[12.4385276310001,41.889440085],[12.4379955110001,41.8895092220001],[12.4371790180001,41.889672084],[12.4359835020001,41.889982783],[12.435171656,41.8901886250001],[12.4348804420001,41.8901344600001],[12.4346012130001,41.8900996250001],[12.434485942,41.890111345],[12.433865063,41.890326212],[12.43337315,41.8905058350001],[12.4326024220001,41.89079931],[12.4324217110001,41.890852454],[12.432357036,41.8908748360001],[12.431618315,41.8910060380001],[12.4313609450001,41.891062231],[12.4305736050001,41.891292416],[12.430360649,41.891354365],[12.430174707,41.891378795],[12.4300978580001,41.891386606],[12.429871314,41.8914420950001],[12.429525251,41.89142895],[12.4294128,41.891424677],[12.4288691190001,41.8913839040001],[12.4287538350001,41.891371555],[12.4282785080001,41.8913206330001],[12.427641825,41.8912134350001],[12.427254234,41.8910975220001],[12.427117299,41.8910349120001],[12.426932584,41.890972042],[12.4265986360001,41.89074685],[12.4265466040001,41.890736642],[12.426475238,41.890722639],[12.4264316480001,41.890629475],[12.4261872930001,41.890439122],[12.425854133,41.890178307],[12.425787943,41.890115199],[12.425431487,41.88986413],[12.425273329,41.889809229],[12.424935959,41.8896534190001],[12.4244170910001,41.889453481],[12.4239403890001,41.8892305210001],[12.4235037880001,41.889035849],[12.42307614,41.8888465100001],[12.4225947690001,41.8887398410001],[12.422263909,41.8886502450001],[12.421675656,41.888524053],[12.421142424,41.8884538720001],[12.4209989670001,41.888438583],[12.4206132200001,41.8883974730001],[12.419876098,41.888384327],[12.419220411,41.8883969720001],[12.4185636190001,41.888436977],[12.417974664,41.888499048],[12.417156085,41.888631264],[12.416585712,41.8886868970001],[12.415986275,41.8887247540001],[12.4152716250001,41.888722355],[12.414489007,41.888701305],[12.413756048,41.8886984820001],[12.4130878670001,41.8886800010001],[12.412707519,41.888681696],[12.4123214860001,41.8887106520001],[12.4118421270001,41.888894984],[12.4113047930001,41.889153326],[12.4108333450001,41.8893118140001],[12.4103041590001,41.889368345],[12.4097286460001,41.889437522],[12.409471335,41.889455678],[12.4091515960001,41.8894313420001],[12.4088515500001,41.8893732160001],[12.408495042,41.889238494],[12.4082611600001,41.889130508],[12.407917481,41.888961838],[12.407318784,41.8888113730001],[12.407123749,41.888762461],[12.406195052,41.888501827],[12.404607953,41.8878685350001],[12.404011068,41.887560609],[12.403577731,41.8872871940001],[12.403129431,41.886987419],[12.4026324330001,41.886702289],[12.402629419,41.8867007150001],[12.402125454,41.8864374710001],[12.4016166760001,41.8862171160001],[12.400543053,41.885803545],[12.400019581,41.8856068170001],[12.399460608,41.8853818910001],[12.399050453,41.885229189],[12.3988829100001,41.885166811],[12.398336843,41.884962713],[12.397838839,41.884759704],[12.397353996,41.8846275160001],[12.3969064140001,41.8844804230001],[12.396344819,41.8843204720001],[12.3958675540001,41.8842274780001],[12.3952744710001,41.8841660890001],[12.3947606570001,41.884127037],[12.3940105620001,41.884096314],[12.3934140050001,41.884120426],[12.3928842940001,41.884190559],[12.3927321360001,41.8842144910001],[12.392180221,41.8843799750001],[12.3920223700001,41.8844311650001],[12.3912582140001,41.8847458810001],[12.390540796,41.88503769],[12.389949185,41.885277578],[12.389055441,41.8856800570001],[12.3882192500001,41.88607528],[12.387745957,41.8862219900001],[12.387084477,41.8863209350001],[12.386765267,41.886346089],[12.386477766,41.886368745],[12.3862710930001,41.886381156],[12.385620451,41.886270475],[12.3853348760001,41.8861954980001],[12.3847122870001,41.885958782],[12.384147061,41.885719948],[12.383648066,41.885486042],[12.3830909710001,41.885216573],[12.381585683,41.884494793],[12.3808610840001,41.8841162740001],[12.380860501,41.884205174],[12.3808484190001,41.8841995390001],[12.379571379,41.8836038810001],[12.3789439920001,41.883351276],[12.37788885,41.883422485],[12.376494684,41.883986317],[12.3750491340001,41.885025512],[12.374770359,41.8852545120001],[12.3729042840001,41.886787342],[12.370851357,41.887860233],[12.3693084930001,41.8881584650001],[12.368063095,41.888201393],[12.3663294900001,41.8877088950001],[12.3631069190001,41.8862052310001],[12.3614170280001,41.8848082100001],[12.3603094260001,41.88382963],[12.359590774,41.883317481],[12.3583832250001,41.8829084480001],[12.357091209,41.8823830850001],[12.356158517,41.882113793],[12.354579309,41.8820583410001],[12.3520595680001,41.8819239810001],[12.350556822,41.881870236],[12.348342115,41.881761899],[12.3475211250001,41.8818763630001],[12.3437258930001,41.882360447],[12.340519106,41.8828008570001],[12.3399584630001,41.882787863],[12.338653258,41.882891038],[12.3378871630001,41.8829113940001],[12.337428828,41.882848638],[12.3361106670001,41.883109937],[12.335642093,41.883259896],[12.3348370620001,41.8834496960001],[12.3338172530001,41.883628544],[12.333557818,41.8837280990001],[12.3333722990001,41.8838953470001],[12.3338789430001,41.884593355],[12.3341744570001,41.8848480290001],[12.333358225,41.885153121],[12.3313498140001,41.88560205],[12.329127887,41.8856647320001],[12.3264766930001,41.885622062],[12.32201889,41.885470468],[12.3197676020001,41.8855489640001],[12.3174963870001,41.885912881],[12.3151225140001,41.8863269490001],[12.3136417860001,41.8865852000001],[12.3094826780001,41.8872931380001],[12.305952448,41.888020456],[12.303604896,41.888489528],[12.3023788140001,41.8888300410001],[12.3011492110001,41.8892538540001],[12.299751477,41.8898833800001],[12.2984480850001,41.890543704],[12.293960644,41.893163848],[12.291985002,41.8942585830001],[12.290926932,41.89476973],[12.289694624,41.895252923],[12.2874412740001,41.895747714],[12.2845287100001,41.896369829],[12.2802011050001,41.8972680970001],[12.278813417,41.8976521800001],[12.2776128290001,41.898135994],[12.276072862,41.899100204],[12.2751359590001,41.8997570450001],[12.2735347710001,41.9014083810001],[12.272850681,41.9021188630001],[12.271464698,41.9035822820001],[12.2704902400001,41.904369241],[12.26934355,41.90508061],[12.268320036,41.905520885],[12.266791498,41.906022987],[12.264573715,41.9067921880001],[12.264326086,41.9069888170001],[12.2633997940001,41.9077649500001],[12.2630191000001,41.908089454],[12.2628607890001,41.9082427650001],[12.262857915,41.908245548],[12.263315703,41.9085040940001],[12.26367693,41.9090083190001],[12.264115722,41.910086252],[12.2642673130001,41.912510733],[12.2638453490001,41.913427083],[12.265102443,41.914467335],[12.2650172830001,41.915265907],[12.267653707,41.918073636],[12.268898366,41.921801284],[12.271637389,41.9258046400001],[12.2730207230001,41.9268859310001],[12.275133882,41.928213283],[12.2761538300001,41.9294384020001],[12.277597235,41.9303113830001],[12.2781202200001,41.930168913],[12.2806086370001,41.9316813890001],[12.2810136910001,41.9322866740001],[12.282717904,41.9327321120001],[12.2840940340001,41.9337654450001],[12.284316248,41.9341686220001],[12.2844898880001,41.935340276],[12.285952432,41.936971317],[12.287575465,41.9385823050001],[12.2894244730001,41.9397578030001],[12.291314001,41.9407316960001],[12.2931507270001,41.941823449],[12.2935205530001,41.9425112540001],[12.2938088170001,41.943995353],[12.2963352420001,41.9461398110001],[12.297745924,41.9475002300001],[12.298301166,41.949467153],[12.29752381,41.949734773],[12.298008645,41.951857298],[12.298042787,41.9536928100001],[12.2986707100001,41.954696432],[12.3004016130001,41.957172331],[12.3007805770001,41.957836499],[12.300752292,41.958884238],[12.3005091480001,41.9612398080001],[12.3006530280001,41.961612517],[12.3026414300001,41.96291022],[12.304026552,41.9637529080001],[12.304517982,41.963955819],[12.304539966,41.963964897],[12.3046384470001,41.964005559],[12.3055194400001,41.964312181],[12.3066696440001,41.964291535],[12.307691268,41.9642916860001],[12.3079594590001,41.963988224],[12.3075766740001,41.9630568200001],[12.3075540580001,41.963001789],[12.3071386400001,41.962253391],[12.307507518,41.9618331560001]]]},"properties":{"OBJECTID":13,"municipio":"Municipio_XIII","zone_urb":"Aurelio Sud,Val Cannuta,Fogaccia,Aurelio Nord,Casalotti di Boccea,Boccea","rione":" -","quartiere":"Aurelio (parte),Trionfale (parte),Primavalle (parte)","sub_urbio":"Aurelio,Trionfale (parte)","zone_agro":"Castel di Guido (parte),Casalotti (parte)","borgate":" -","ex_mun":"18","etichetta":"XIII (Ex XVIII)","municipio_join":"Municipio XIII","etichetta_2":"XIII","Shape__Area":121417517.19824219,"Shape__Length":67761.374898195747}},{"type":"Feature","id":14,"geometry":{"type":"Polygon","coordinates":[[[12.292482577,42.0312123080001],[12.2939704780001,42.031094927],[12.2967282020001,42.031179018],[12.299457977,42.0313195680001],[12.2997131130001,42.0313429350001],[12.3000182920001,42.0313708830001],[12.3013494570001,42.0319359380001],[12.3036062800001,42.03328521],[12.3049230280001,42.0341929960001],[12.306626189,42.035033594],[12.307700443,42.0356306670001],[12.3088862490001,42.0360226330001],[12.309314364,42.0361641420001],[12.310475743,42.0365154300001],[12.3119469590001,42.036492734],[12.3126430830001,42.0363565530001],[12.315193519,42.03651159],[12.3207573770001,42.037366037],[12.322113635,42.037645513],[12.323293511,42.037558683],[12.325326761,42.037243942],[12.3263358,42.03696248],[12.32780783,42.0366155500001],[12.3279616560001,42.036630648],[12.32855763,42.0368125780001],[12.3297180920001,42.037264916],[12.329917016,42.037323158],[12.330285227,42.037346025],[12.3303618620001,42.037347809],[12.330822271,42.0372870420001],[12.3312983920001,42.037137288],[12.331644888,42.036991664],[12.3321271350001,42.036752697],[12.3327496110001,42.036313266],[12.33325928,42.035957226],[12.3337819610001,42.03558722],[12.333914163,42.035483071],[12.334143662,42.035385477],[12.3341480390001,42.0353914950001],[12.334582773,42.0352926750001],[12.335320369,42.035309813],[12.3360985370001,42.035388648],[12.337351509,42.0355016130001],[12.337746345,42.0354607420001],[12.3381546370001,42.035327254],[12.338393184,42.0351254940001],[12.3391180200001,42.034070087],[12.339459801,42.033692015],[12.340107873,42.033190591],[12.340628281,42.032973917],[12.34118376,42.0325293120001],[12.34157836,42.031957075],[12.3418699870001,42.0314015110001],[12.3422262600001,42.0308283840001],[12.342522709,42.030463548],[12.342781636,42.03007878],[12.3428093740001,42.0300775370001],[12.3428875550001,42.029837818],[12.342990048,42.0295256730001],[12.343005523,42.0291543270001],[12.3429858590001,42.0287059190001],[12.342915508,42.0282468070001],[12.34291226,42.0280179910001],[12.342917815,42.027884687],[12.343047755,42.027220534],[12.343181338,42.026775677],[12.343394319,42.0262659420001],[12.343818561,42.0251468320001],[12.3445952700001,42.023377773],[12.3448226030001,42.0229064910001],[12.3451168610001,42.022746511],[12.3460960100001,42.0226381200001],[12.3471847920001,42.022198674],[12.348686812,42.0216651220001],[12.349784786,42.0210805180001],[12.350292182,42.0205585090001],[12.350519435,42.020010965],[12.350719563,42.019500919],[12.351069754,42.0190705850001],[12.351543678,42.0187384160001],[12.3520631380001,42.0185407290001],[12.353139691,42.0184702650001],[12.3539817710001,42.018300663],[12.3549748900001,42.017930418],[12.355946772,42.0176097120001],[12.356840956,42.0175445410001],[12.3575068860001,42.017667106],[12.3580180820001,42.017759895],[12.358452621,42.0177603710001],[12.358982063,42.017629599],[12.3599706320001,42.0172139330001],[12.3609116590001,42.016711386],[12.3614236550001,42.0160750630001],[12.3619049860001,42.0155619330001],[12.3624745760001,42.0150365330001],[12.3630378450001,42.01462774],[12.3638431690001,42.014160173],[12.364249957,42.0138264070001],[12.3646207960001,42.0134346290001],[12.3676467010001,42.011120958],[12.3686268590001,42.0102856620001],[12.3698320940001,42.0095698900001],[12.371153206,42.009142688],[12.372640496,42.0090242680001],[12.3756265000001,42.0091307440001],[12.3764602970001,42.009054507],[12.3774223070001,42.008657143],[12.3781980260001,42.0078170900001],[12.3787363770001,42.0065331850001],[12.3810504460001,42.0020540720001],[12.3825855110001,41.999575985],[12.383023817,41.9990141270001],[12.383749337,41.9984588180001],[12.384822962,41.9979829220001],[12.386527035,41.997712001],[12.387846914,41.9974557360001],[12.388681255,41.997150678],[12.389260624,41.996746885],[12.3895469720001,41.996384076],[12.390260475,41.994719037],[12.3905768720001,41.9940114120001],[12.3910858950001,41.993279573],[12.3917648890001,41.992608782],[12.392632572,41.992041208],[12.394360073,41.991661094],[12.39629411,41.991228456],[12.397047624,41.990921502],[12.398598781,41.989851093],[12.4006474010001,41.988170831],[12.402708003,41.9864995410001],[12.4035132860001,41.9855456070001],[12.4040006230001,41.984870405],[12.4044802120001,41.984385644],[12.4050564790001,41.9838792410001],[12.4050926100001,41.9838841390001],[12.4055992830001,41.9834940750001],[12.4060732410001,41.983147379],[12.406450314,41.982827085],[12.406769952,41.982505491],[12.4070101140001,41.9822535820001],[12.407481735,41.981964014],[12.4077456740001,41.9815982690001],[12.4078941700001,41.981244212],[12.408040284,41.979060147],[12.408040253,41.978116577],[12.407905052,41.9767267610001],[12.4077710440001,41.976251948],[12.407465318,41.974815388],[12.407519817,41.9739445330001],[12.4077182510001,41.973412567],[12.407717959,41.9734069240001],[12.4077423270001,41.9733480250001],[12.4082843950001,41.9720377250001],[12.4084478990001,41.971457308],[12.408912996,41.9698062100001],[12.4098384960001,41.9698678240001],[12.4100317950001,41.969880692],[12.411302967,41.970028518],[12.4127928660001,41.970294444],[12.4134363040001,41.9704900410001],[12.414667529,41.970994343],[12.4147688050001,41.971040976],[12.415821055,41.9715254750001],[12.417427434,41.9722288180001],[12.41811964,41.9724826730001],[12.4187720310001,41.9727737520001],[12.419972595,41.9732487140001],[12.4205072340001,41.973451356],[12.420784127,41.9735528910001],[12.4208825160001,41.973494305],[12.4212159950001,41.9732957310001],[12.4223589170001,41.9728258010001],[12.4293298800001,41.9682891250001],[12.432913618,41.9658703260001],[12.4354938550001,41.9645841510001],[12.4382066640001,41.9622181500001],[12.438246726,41.9620582570001],[12.4392693720001,41.961394849],[12.440291615,41.9607409550001],[12.4405949820001,41.960659084],[12.441035148,41.9606689020001],[12.441079068,41.9606546030001],[12.441369035,41.9606519120001],[12.441489792,41.9606082610001],[12.4417837010001,41.9602459970001],[12.4420905690001,41.9599477450001],[12.44219736,41.9598651630001],[12.442597431,41.9595651230001],[12.4425758470001,41.959474809],[12.4426457270001,41.959432415],[12.443332942,41.9591317750001],[12.4449400230001,41.958459893],[12.4451813810001,41.958389933],[12.445312803,41.9584917440001],[12.445507956,41.958463647],[12.4458725960001,41.958402251],[12.446322878,41.958269381],[12.4464389190001,41.958214033],[12.4469302740001,41.957894771],[12.4473020830001,41.9577833220001],[12.4476701940001,41.9577644770001],[12.4479060890001,41.957642449],[12.447448207,41.9575988990001],[12.4463702940001,41.956652783],[12.4437042060001,41.954511354],[12.4420106630001,41.953181833],[12.441303519,41.9529051530001],[12.440110514,41.9524460710001],[12.4396343780001,41.9522299330001],[12.438777396,41.9508335680001],[12.4382722010001,41.9501381380001],[12.437846377,41.9494137990001],[12.437060601,41.947722555],[12.4363955900001,41.9458396090001],[12.436573244,41.9455481150001],[12.4369471860001,41.9451371020001],[12.4374615190001,41.9446632670001],[12.4378436280001,41.9443668050001],[12.438390785,41.9440930900001],[12.438857425,41.9435983590001],[12.439489194,41.9429929390001],[12.4403141290001,41.9424166050001],[12.440430787,41.9424363630001],[12.440572349,41.94234421],[12.4419063620001,41.941302744],[12.441428789,41.940875111],[12.441631294,41.9405996510001],[12.441701854,41.9402318940001],[12.441339451,41.940166478],[12.441454541,41.939363668],[12.4415356270001,41.9388257780001],[12.4415682540001,41.9386084820001],[12.441569755,41.938451253],[12.4415553380001,41.938332984],[12.4415068000001,41.9381103040001],[12.4414642580001,41.9379771120001],[12.442087295,41.9379588350001],[12.442403239,41.9379587290001],[12.442693659,41.9380864500001],[12.442691788,41.9380833020001],[12.442631109,41.937924686],[12.4426393900001,41.937717569],[12.442655808,41.937546376],[12.442820559,41.937256967],[12.4430264260001,41.93689699],[12.443220465,41.9363537520001],[12.4433639370001,41.935878011],[12.4434688590001,41.93540856],[12.4435102840001,41.935090669],[12.442621452,41.9348135230001],[12.440907054,41.934353549],[12.4402438010001,41.934181493],[12.4398502390001,41.933972644],[12.440089852,41.9337250020001],[12.4409024440001,41.9330354430001],[12.441287749,41.932736659],[12.4420813290001,41.9322825620001],[12.442702737,41.9318246230001],[12.443228993,41.931471786],[12.443845821,41.9311281120001],[12.4442921940001,41.9307377480001],[12.444582681,41.9304153950001],[12.444926691,41.929951266],[12.4459088730001,41.928607802],[12.4465521610001,41.9275999070001],[12.446892721,41.9272214750001],[12.4471116170001,41.927013324],[12.447397637,41.926562194],[12.447711446,41.925654188],[12.4480619660001,41.9245454140001],[12.448040468,41.923644246],[12.447920326,41.922576473],[12.4478758880001,41.9217705820001],[12.447912339,41.9208564050001],[12.44792971,41.9204207430001],[12.4479429740001,41.9203281100001],[12.44816617,41.920011399],[12.4482753460001,41.919913749],[12.4489167360001,41.9196706700001],[12.449180509,41.919536425],[12.4497612120001,41.9191347290001],[12.4501067160001,41.9188707700001],[12.450133808,41.918671218],[12.4500899780001,41.918570168],[12.4500258850001,41.91849726],[12.4498287700001,41.918399951],[12.4492230280001,41.9182292250001],[12.4487969840001,41.918112529],[12.448702783,41.918074693],[12.448656848,41.9180264920001],[12.4487100700001,41.917891857],[12.4488273810001,41.9178301310001],[12.44915165,41.917858784],[12.449815334,41.9180165020001],[12.4503529990001,41.918214305],[12.4505695240001,41.918304896],[12.4507059590001,41.9182435930001],[12.4507099410001,41.9181436040001],[12.4507037930001,41.9180576870001],[12.450630136,41.9179845680001],[12.4497263640001,41.917607069],[12.449406363,41.9174712870001],[12.4496369390001,41.9169688790001],[12.4497734830001,41.916664535],[12.4496909480001,41.9163338770001],[12.449573865,41.915909523],[12.449601638,41.9154526460001],[12.4496063560001,41.9154196860001],[12.4494257320001,41.91543098],[12.4492518500001,41.9153913740001],[12.449185589,41.9152528910001],[12.449100403,41.9149888910001],[12.4490103320001,41.9146473430001],[12.448734857,41.9143552850001],[12.448578508,41.9143160670001],[12.4483938820001,41.9143060050001],[12.4483320890001,41.9143356070001],[12.448285094,41.914394132],[12.448273113,41.9144546260001],[12.448367374,41.914650919],[12.448523084,41.915002346],[12.4485341540001,41.915084799],[12.4485021940001,41.9151662940001],[12.4484661650001,41.9152298280001],[12.4484214280001,41.9152717230001],[12.4483242420001,41.9153088780001],[12.448175887,41.915309154],[12.4480296680001,41.9152558640001],[12.447896712,41.91510994],[12.447789797,41.914910983],[12.4477389740001,41.91474544],[12.4476618850001,41.9145185530001],[12.4475856340001,41.9137985670001],[12.447444075,41.913036702],[12.447367844,41.9127883880001],[12.4472814820001,41.912554146],[12.447193554,41.9123591850001],[12.4469520160001,41.911728451],[12.4465623140001,41.911581579],[12.4462999090001,41.911442304],[12.446052152,41.911255699],[12.4458928780001,41.911090125],[12.4458138110001,41.9109930540001],[12.444865775,41.910065221],[12.4446293560001,41.909994431],[12.4443867420001,41.9096792660001],[12.4443793770001,41.9095440780001],[12.444456282,41.9092955990001],[12.4445730030001,41.909088513],[12.4446616610001,41.908945137],[12.444686388,41.9088051040001],[12.444677155,41.908716735],[12.4446494650001,41.908611276],[12.4445538620001,41.9084011300001],[12.4437775980001,41.9077702760001],[12.4431267190001,41.9072050550001],[12.443450135,41.906894159],[12.442727427,41.906420563],[12.442895198,41.9042932190001],[12.443260907,41.9040011370001],[12.442457921,41.903311305],[12.4418378610001,41.903696768],[12.4400896230001,41.904778466],[12.4396451260001,41.905125968],[12.439225594,41.9055669520001],[12.4381080810001,41.9052168360001],[12.4378503950001,41.9057651900001],[12.437788862,41.905907975],[12.4377022840001,41.9060787930001],[12.437509144,41.9065212530001],[12.437203508,41.9069850270001],[12.4371924810001,41.9070122470001],[12.433858871,41.9066736280001],[12.431834827,41.90687616],[12.431606134,41.9068519800001],[12.429252171,41.907008956],[12.4288765480001,41.9069624160001],[12.4269729110001,41.906576629],[12.425378487,41.9064776550001],[12.425420995,41.907369886],[12.4253065460001,41.9083123290001],[12.425199739,41.908588717],[12.4246968680001,41.9096711280001],[12.424413784,41.910285249],[12.424464943,41.9102971620001],[12.4238475340001,41.911470315],[12.4234893030001,41.9122867130001],[12.423416656,41.9128235900001],[12.4233723140001,41.913453136],[12.4229456190001,41.9140678420001],[12.422592481,41.9146460740001],[12.422585005,41.9148317620001],[12.422788328,41.9151222620001],[12.42323951,41.915748739],[12.4234211690001,41.915991095],[12.4234809070001,41.9162902830001],[12.423322018,41.916274802],[12.4225340950001,41.91609627],[12.4218808260001,41.9158194890001],[12.421531842,41.9155733710001],[12.4213176010001,41.915348151],[12.4210312390001,41.914537529],[12.4208563280001,41.914098343],[12.420776602,41.913939289],[12.4206386440001,41.91380037],[12.4204992480001,41.91369716],[12.4191482850001,41.9130234350001],[12.41855357,41.912720998],[12.418611013,41.9122457350001],[12.4186282900001,41.9118172240001],[12.4186169980001,41.9114643190001],[12.418508327,41.9109948500001],[12.4181984210001,41.9098991880001],[12.4177708660001,41.909031768],[12.417546245,41.9086692970001],[12.4170698180001,41.9080122070001],[12.4167401390001,41.9076448280001],[12.41633474,41.9072568400001],[12.41603687,41.9070499800001],[12.4155405340001,41.9067814630001],[12.4148614000001,41.9065374200001],[12.414217089,41.9062852210001],[12.413140363,41.906171601],[12.412557878,41.9060226510001],[12.4117342820001,41.905809882],[12.411368269,41.9057110800001],[12.4110302560001,41.905550958],[12.410756749,41.905373227],[12.410516075,41.905172409],[12.4103209780001,41.904948791],[12.410040784,41.904470996],[12.4100149560001,41.904488653],[12.4097959370001,41.9046160880001],[12.409282794,41.9049149050001],[12.4088486370001,41.905224635],[12.4086346720001,41.9059821110001],[12.4083373010001,41.906535488],[12.4080073000001,41.906989071],[12.4076656990001,41.907276236],[12.407211702,41.9077890510001],[12.407114989,41.907898291],[12.4069057510001,41.9081610540001],[12.406651568,41.908401805],[12.4064194050001,41.908702395],[12.406240874,41.908734877],[12.405853463,41.9086439540001],[12.405374293,41.9085555230001],[12.4052183260001,41.9085607540001],[12.405717318,41.90921942],[12.406418885,41.9104844880001],[12.4072278200001,41.910674327],[12.40742263,41.9109051730001],[12.4084088860001,41.9120734840001],[12.409393746,41.913342011],[12.4096391090001,41.9137824060001],[12.407464003,41.915053105],[12.4076916240001,41.915340606],[12.4079307060001,41.9158177950001],[12.409005602,41.918082273],[12.4100867670001,41.920408368],[12.4100889870001,41.9204094400001],[12.4069649900001,41.921210983],[12.4050424280001,41.920329264],[12.403800753,41.9202654380001],[12.3996427760001,41.9191872060001],[12.3975753300001,41.9187185860001],[12.3966317100001,41.918740072],[12.39542019,41.918876991],[12.3950379930001,41.918861167],[12.393537925,41.9185626170001],[12.3917596320001,41.918295476],[12.3908147550001,41.918113158],[12.390496786,41.9186349020001],[12.3902968990001,41.919116441],[12.3901098650001,41.9197912760001],[12.3900295350001,41.920587676],[12.389571958,41.9216375990001],[12.38943612,41.9222302000001],[12.3894383790001,41.9229569950001],[12.389511273,41.923712085],[12.3894818200001,41.92412125],[12.3894686140001,41.924445006],[12.389613787,41.924953454],[12.3898323610001,41.925539821],[12.3901517800001,41.926157075],[12.390472371,41.9267457610001],[12.390638261,41.9272452970001],[12.3905691840001,41.927765552],[12.390353206,41.928132352],[12.390142176,41.9283777420001],[12.3897198710001,41.9286397710001],[12.3890900710001,41.9288208290001],[12.3888596690001,41.9288370310001],[12.388353087,41.928818354],[12.387860443,41.9286927680001],[12.3871881330001,41.928513051],[12.386613443,41.9285214080001],[12.3861639250001,41.9286970250001],[12.3855312900001,41.929018364],[12.3855316290001,41.929019027],[12.385296849,41.929142346],[12.384993078,41.9293141310001],[12.3842698920001,41.9296765070001],[12.383853979,41.929781397],[12.3835363310001,41.9298241930001],[12.383212916,41.929773928],[12.3829396570001,41.92966762],[12.3826172,41.929395679],[12.381115519,41.9281575250001],[12.380585282,41.92785949],[12.376968017,41.928533385],[12.376582548,41.928596056],[12.3759067560001,41.928735483],[12.3746379580001,41.9288434690001],[12.373965823,41.928893614],[12.3735683190001,41.928860689],[12.372444041,41.928751553],[12.37215738,41.9287390320001],[12.371589095,41.928785584],[12.370886059,41.928811177],[12.37027656,41.928695943],[12.3696800920001,41.928418976],[12.369220124,41.9279652380001],[12.368555133,41.927096962],[12.3681112410001,41.9269509640001],[12.3671056090001,41.9264989970001],[12.3667535600001,41.9269126660001],[12.3658023950001,41.926998059],[12.365302897,41.926807884],[12.364942296,41.9269640140001],[12.364858032,41.92690643],[12.364858826,41.926914442],[12.3634350410001,41.926157377],[12.3627916290001,41.925343598],[12.362156982,41.9254932800001],[12.3609799430001,41.9257950350001],[12.360031727,41.9259638440001],[12.3597180950001,41.926218733],[12.359035148,41.9269178430001],[12.358864463,41.927187932],[12.358780074,41.9276863690001],[12.358648143,41.927790556],[12.3575103100001,41.928300478],[12.356782244,41.928545812],[12.3561893520001,41.928222394],[12.355918391,41.9282161510001],[12.3546248860001,41.928245906],[12.3540670260001,41.9282330440001],[12.3534996290001,41.9280650800001],[12.353218633,41.9280276310001],[12.3520092590001,41.927952072],[12.3506365590001,41.927968041],[12.349914223,41.927689258],[12.3487387110001,41.9275667920001],[12.347579292,41.9278259280001],[12.346758671,41.9283788160001],[12.3465348300001,41.92915995],[12.3460571410001,41.9299066180001],[12.3444118510001,41.9311075840001],[12.3429508560001,41.932479586],[12.341617093,41.9330920370001],[12.340073218,41.934152323],[12.3390162220001,41.9342469520001],[12.3367277830001,41.934027066],[12.333445135,41.933926996],[12.332495684,41.933738136],[12.3320105380001,41.933893647],[12.330185439,41.9340418150001],[12.3269566220001,41.934181089],[12.3239200850001,41.935063407],[12.3217631810001,41.9355134580001],[12.31919679,41.935834765],[12.317978345,41.935973082],[12.3178408410001,41.936208143],[12.317821958,41.9381806160001],[12.317868692,41.939349254],[12.3171990970001,41.9400960780001],[12.317079484,41.9406651400001],[12.3174609480001,41.9422228440001],[12.3170643450001,41.9448298240001],[12.3165919050001,41.946200767],[12.315768695,41.947563501],[12.315434748,41.9486755770001],[12.314942349,41.949760117],[12.314137654,41.9506800820001],[12.3131270000001,41.9519430980001],[12.313308405,41.9529433330001],[12.312839818,41.9542190380001],[12.31297025,41.9549130880001],[12.3130416500001,41.9570115710001],[12.313252752,41.95806492],[12.3136003110001,41.959669493],[12.314247042,41.960232664],[12.3144942660001,41.961186781],[12.31450504,41.9624498850001],[12.3142796660001,41.96325474],[12.313956723,41.9633424880001],[12.3121529220001,41.962204184],[12.3099703090001,41.961724137],[12.307507518,41.9618331560001],[12.3071386400001,41.962253391],[12.3075540580001,41.963001789],[12.3075766740001,41.9630568200001],[12.3079594590001,41.963988224],[12.307691268,41.9642916860001],[12.3066696440001,41.964291535],[12.3055194400001,41.964312181],[12.3046384470001,41.964005559],[12.304539966,41.963964897],[12.304517982,41.963955819],[12.303246928,41.964035767],[12.3021270150001,41.964095215],[12.3012319690001,41.9641218190001],[12.3006646310001,41.9647041540001],[12.3003994200001,41.9649361880001],[12.2999549090001,41.9648780730001],[12.2990151770001,41.964450888],[12.2983124990001,41.9644581700001],[12.297845157,41.9641850630001],[12.2977017920001,41.9638004490001],[12.2973848660001,41.9637453280001],[12.2969672250001,41.963806971],[12.296440811,41.964175804],[12.2956071950001,41.965013941],[12.2950737090001,41.9655493930001],[12.294416665,41.965986619],[12.2941296120001,41.9659798490001],[12.2936891320001,41.965826494],[12.2932577300001,41.965458907],[12.2924506590001,41.9649156620001],[12.291986367,41.9645711220001],[12.290880165,41.9643067320001],[12.2896205600001,41.9638957440001],[12.289206952,41.9638621440001],[12.288628825,41.9639437920001],[12.28774951,41.9643518990001],[12.2869699080001,41.964667047],[12.286551242,41.964752456],[12.286135609,41.9647664510001],[12.28604857,41.9653124210001],[12.28602835,41.965788489],[12.2858228270001,41.9661172090001],[12.285355065,41.966606514],[12.285261947,41.967295302],[12.284517227,41.967539779],[12.2840524800001,41.967957669],[12.2835796300001,41.9685659830001],[12.2831918200001,41.9686759360001],[12.281519566,41.9682074310001],[12.280098448,41.967840166],[12.2783842060001,41.967608893],[12.2775898670001,41.9675185630001],[12.2769580500001,41.9673606050001],[12.2760462840001,41.9670292050001],[12.275542054,41.966874268],[12.273772606,41.967189643],[12.2726830990001,41.967282884],[12.2716974040001,41.9671879650001],[12.270264169,41.967106216],[12.2683291120001,41.967560529],[12.268163531,41.9676995500001],[12.268307072,41.96882285],[12.2680386760001,41.969126213],[12.2676488000001,41.969283718],[12.2670057930001,41.969387538],[12.2658473560001,41.969598208],[12.264873156,41.9699800490001],[12.2642311560001,41.970060049],[12.263613917,41.9703074280001],[12.2630367250001,41.970365142],[12.262894047,41.970714381],[12.263093869,41.971267175],[12.263556008,41.971659435],[12.26436728,41.972846318],[12.2647401620001,41.973832126],[12.264848391,41.9742874240001],[12.264804262,41.974572299],[12.264636615,41.9747589190001],[12.264241601,41.975035426],[12.264034918,41.975387906],[12.263985685,41.9757917950001],[12.2638974180001,41.976361543],[12.26348448,41.975565395],[12.2631519500001,41.9751285720001],[12.262677551,41.9750219440001],[12.2620548830001,41.9746496770001],[12.2617389600001,41.974570655],[12.2613839970001,41.97465749],[12.260637065,41.9749494110001],[12.2600907080001,41.9750316720001],[12.259456824,41.974921222],[12.258768337,41.974595019],[12.2584585490001,41.974373171],[12.258247521,41.9740822010001],[12.257395473,41.9738473890001],[12.256792482,41.9737614910001],[12.256044317,41.9733385340001],[12.255806518,41.972927783],[12.255499817,41.97263452],[12.25453881,41.9727068340001],[12.2530721370001,41.9730291330001],[12.252690392,41.972996165],[12.252281871,41.972843417],[12.2516799200001,41.972733689],[12.251073875,41.9727191690001],[12.2504081330001,41.9726079050001],[12.249739321,41.9725680460001],[12.24899544,41.9727884820001],[12.2499154650001,41.9736683200001],[12.250643102,41.9745673670001],[12.251418168,41.9758487820001],[12.251680473,41.976431684],[12.251760958,41.977529664],[12.251865153,41.978818828],[12.2518189140001,41.9791513010001],[12.2505616170001,41.98016957],[12.2493413070001,41.981069576],[12.248237392,41.9829731030001],[12.247252814,41.9850700980001],[12.246185801,41.986855354],[12.2459111380001,41.988040117],[12.245830901,41.9884194250001],[12.245530409,41.9887219620001],[12.2454039560001,41.9901723830001],[12.245046895,41.9910454120001],[12.2454968000001,41.992462017],[12.246018754,41.9936897330001],[12.2459900000001,41.994356202],[12.245814029,41.994733211],[12.2442794720001,41.996245119],[12.2432615610001,41.997626461],[12.242648941,41.9984981050001],[12.2424739950001,41.9995899470001],[12.2426120120001,42.0015709140001],[12.2431751770001,42.0033238280001],[12.2436539400001,42.0048126140001],[12.2438784440001,42.006271461],[12.244269607,42.009049566],[12.2441790890001,42.010405534],[12.2437694000001,42.011753834],[12.2434111540001,42.012650654],[12.24319088,42.014051157],[12.2427809380001,42.01540421],[12.242874682,42.0169313960001],[12.2429230870001,42.017289965],[12.2453983930001,42.017683016],[12.2492360140001,42.018346965],[12.252660672,42.0182146000001],[12.2548363500001,42.018147555],[12.2603636220001,42.0181605720001],[12.261158557,42.018251037],[12.261893742,42.018244763],[12.2627932510001,42.018504503],[12.2624094350001,42.01925781],[12.262199765,42.0204203330001],[12.262352465,42.021329407],[12.2625493520001,42.02195361],[12.261198639,42.022898275],[12.261210116,42.02337509],[12.260692196,42.023529512],[12.2603042310001,42.02437802],[12.2605360970001,42.02493158],[12.2605860730001,42.0267436300001],[12.2609364460001,42.027514465],[12.2614194070001,42.027430688],[12.2626228180001,42.0291749630001],[12.263000043,42.0300655670001],[12.2631879680001,42.030899232],[12.2626411300001,42.030981491],[12.262956027,42.033324056],[12.263163665,42.0351875200001],[12.2634729710001,42.0378397000001],[12.2637790860001,42.039047886],[12.2639934530001,42.039415171],[12.264525597,42.0389322610001],[12.264886275,42.038273706],[12.265425754,42.0376194140001],[12.2672415910001,42.037014597],[12.270270988,42.0361336550001],[12.271779951,42.0358264490001],[12.272685376,42.035581119],[12.2750488900001,42.0347223370001],[12.2765020790001,42.0342231270001],[12.2773523120001,42.034071758],[12.279604604,42.033419919],[12.281722481,42.032921157],[12.2830652960001,42.0326098620001],[12.284115776,42.032558494],[12.2857050760001,42.0324626840001],[12.287716012,42.032071837],[12.290110057,42.031690005],[12.292482577,42.0312123080001]]]},"properties":{"OBJECTID":14,"municipio":"Municipio_XIV","zone_urb":"Medaglie d'Oro,Primavalle,Ottavia,Santa Maria della Pietà,Trionfale,Pineto,Castelluccia,Santa Maria di Galeria","rione":" -","quartiere":"Aurelio (parte),Trionfale (parte),Primavalle (parte)","sub_urbio":"Trionfale (parte),Della Vittoria (parte)","zone_agro":"Ottavia,La Storta (parte),Tomba di Nerone (parte),Casalotti (parte),Santa Maria di Galeria","borgate":" -","ex_mun":"19","etichetta":"XIV (Ex XIX)","municipio_join":"Municipio XIV","etichetta_2":"XIV","Shape__Area":241704165.53369141,"Shape__Length":89266.879884780428}},{"type":"Feature","id":15,"geometry":{"type":"MultiPolygon","coordinates":[[[[12.348961246,42.10264179],[12.35080406,42.1021840110001],[12.352305404,42.1022425130001],[12.353820618,42.1019677360001],[12.3553338400001,42.1017405470001],[12.356169863,42.1016406890001],[12.3576972330001,42.101842682],[12.357948675,42.1011813200001],[12.3578425740001,42.100654681],[12.357689361,42.0997218970001],[12.3579358480001,42.099179555],[12.3583111720001,42.0986163540001],[12.358982059,42.097869341],[12.3618154370001,42.099364181],[12.362004256,42.0994400060001],[12.363268595,42.0990401970001],[12.364692733,42.0986440470001],[12.3655454660001,42.0981394450001],[12.366098692,42.0979138820001],[12.3681050120001,42.0973642710001],[12.3684206990001,42.097466823],[12.368149682,42.0986043020001],[12.368833712,42.098310247],[12.3695029670001,42.0983732540001],[12.369634234,42.0990672500001],[12.3699361490001,42.0995030620001],[12.370621638,42.099947668],[12.37053409,42.100517509],[12.371904618,42.1006442340001],[12.3729953380001,42.1005739180001],[12.373895254,42.100475395],[12.37497811,42.100595495],[12.3753489100001,42.1009137350001],[12.3760521310001,42.1009298270001],[12.3765625820001,42.100965333],[12.377406423,42.1006748830001],[12.377609007,42.1004174190001],[12.378055526,42.100451455],[12.3784385320001,42.0996977460001],[12.379158417,42.0993091400001],[12.3795537510001,42.09903225],[12.3799422180001,42.098921991],[12.3809719170001,42.0987787230001],[12.3825381350001,42.0988144820001],[12.3826428420001,42.0986024270001],[12.383954675,42.0978222410001],[12.384494133,42.097929854],[12.3846927650001,42.0977675950001],[12.3849814110001,42.097750351],[12.3851053500001,42.097848484],[12.3855733820001,42.0973587870001],[12.385723738,42.0968141920001],[12.385778202,42.096267411],[12.3863081850001,42.0958267770001],[12.387085058,42.095606209],[12.387616005,42.0951417630001],[12.3877497170001,42.095001847],[12.388547788,42.09504385],[12.3889003460001,42.095028051],[12.3892887750001,42.0949177590001],[12.3899162920001,42.095217968],[12.3902610380001,42.095392603],[12.390879059,42.0951445680001],[12.39155319,42.0950884220001],[12.391888233,42.094670729],[12.391663099,42.0945047760001],[12.3915706920001,42.094222706],[12.3913628240001,42.093830787],[12.3913414190001,42.093377585],[12.3916210800001,42.0933839470001],[12.3916775600001,42.0931767440001],[12.3921420940001,42.0927703340001],[12.39294836,42.092026199],[12.392967185,42.0916058400001],[12.393250283,42.0912548680001],[12.3929936600001,42.0904913320001],[12.3927601780001,42.090100025],[12.3929026010001,42.0899031160001],[12.392724306,42.089570248],[12.3927471320001,42.089013213],[12.3927607320001,42.0882129300001],[12.3924394370001,42.088091256],[12.3923123760001,42.087445033],[12.3923194000001,42.0872736380001],[12.391826709,42.087119472],[12.391564117,42.0869705360001],[12.39136022,42.0867943440001],[12.3912830840001,42.0863351080001],[12.391198337,42.086061551],[12.39143253,42.0859668040001],[12.3909521480001,42.0855126920001],[12.3895291480001,42.085580383],[12.389159562,42.0857006370001],[12.3891908790001,42.085872905],[12.388264645,42.085994777],[12.387515084,42.086020593],[12.3869625450001,42.0859222280001],[12.38704804,42.0857097320001],[12.386568278,42.085241319],[12.3862481850001,42.0850910610001],[12.385726963,42.085164959],[12.385198303,42.084952758],[12.3850305120001,42.085066162],[12.383936029,42.084612312],[12.3835421860001,42.0843888840001],[12.383362779,42.084084569],[12.3835412170001,42.083945677],[12.3836963680001,42.0839063280001],[12.384017826,42.083556254],[12.3843874080001,42.083436018],[12.384885921,42.083447387],[12.384815684,42.0832885250001],[12.385334544,42.083271763],[12.3860406320001,42.082901861],[12.385271538,42.0824697360001],[12.385121085,42.082394824],[12.3847370340001,42.082400363],[12.384458825,42.082165278],[12.3837895250001,42.0821071230001],[12.3834444070001,42.0820992490001],[12.383028471,42.0819467960001],[12.3825869020001,42.0819510160001],[12.382178018,42.081627165],[12.381820782,42.081447455],[12.3813408710001,42.081450794],[12.381152302,42.0809032290001],[12.379322303,42.0806040940001],[12.377527136,42.0803915020001],[12.37620894,42.0802469810001],[12.375152686,42.080265699],[12.374116782,42.0802562820001],[12.3734092290001,42.0801992400001],[12.373447169,42.0798998870001],[12.3733224870001,42.079511032],[12.3732856020001,42.079009818],[12.3730826660001,42.07881217],[12.372997389,42.077623626],[12.373174944,42.077506175],[12.372923374,42.076162282],[12.3727337230001,42.0761079000001],[12.3725431570001,42.074681054],[12.37271982,42.0745850280001],[12.372646377,42.073342428],[12.372464849,42.0733239730001],[12.372496079,42.0721023570001],[12.372689252,42.0720710420001],[12.3727470050001,42.070361576],[12.3725553090001,42.070357184],[12.372526028,42.069129417],[12.372722631,42.0690147840001],[12.3727026780001,42.0675608710001],[12.3725124640001,42.0675207720001],[12.3724964670001,42.066746024],[12.371775196,42.0667890650001],[12.371806399,42.066420459],[12.3721664030001,42.0658330300001],[12.3723490620001,42.0648936590001],[12.3722094670001,42.0644020040001],[12.371952406,42.063657472],[12.3716948590001,42.062924842],[12.3713520520001,42.0623213060001],[12.370922652,42.0614918090001],[12.3709565450001,42.059896166],[12.373143719,42.0599701080001],[12.373073414,42.059348992],[12.3730291630001,42.058871434],[12.37310404,42.0574435190001],[12.3729185020001,42.0569031570001],[12.3730722880001,42.0562752590001],[12.3733318970001,42.055307836],[12.373532374,42.055312427],[12.373892563,42.0552697950001],[12.37405897,42.055235445],[12.3742444280001,42.055014967],[12.3752020320001,42.054833364],[12.375354105,42.054870764],[12.375611728,42.054969941],[12.3756076390001,42.055207291],[12.37579207,42.055287831],[12.3760997800001,42.0551379890001],[12.376687309,42.0549351870001],[12.3773747220001,42.054959387],[12.378489378,42.0548322280001],[12.3790373530001,42.054802351],[12.3795124760001,42.055008249],[12.379659389,42.055032806],[12.3803744200001,42.054938898],[12.380651259,42.0548477],[12.380875437,42.054653537],[12.3815843680001,42.054707884],[12.381899364,42.0547956360001],[12.383229815,42.0552457630001],[12.383344134,42.0545402830001],[12.3832005510001,42.0542961720001],[12.3835192560001,42.0537395160001],[12.383950477,42.053490708],[12.384069256,42.0532305340001],[12.384107882,42.0531211740001],[12.384726132,42.0524738240001],[12.384931033,42.052277517],[12.3851913250001,42.05217321],[12.3854550240001,42.0517085750001],[12.386000181,42.050789885],[12.3861092650001,42.050627009],[12.386770977,42.0501672010001],[12.387123877,42.0498852210001],[12.3873437710001,42.0495171040001],[12.387391768,42.049178994],[12.3874023430001,42.048782364],[12.3875375010001,42.0483995980001],[12.387783896,42.048078725],[12.3880406120001,42.047783528],[12.388169915,42.0474879710001],[12.388351793,42.046936665],[12.388472537,42.04662777],[12.3885795690001,42.046375803],[12.3888634310001,42.046250824],[12.389036404,42.0460554790001],[12.3893946750001,42.0453915840001],[12.389369254,42.0451790020001],[12.389967502,42.044738931],[12.390374864,42.044514996],[12.3908303000001,42.044311658],[12.3909558880001,42.0441618730001],[12.390951326,42.043856485],[12.3908390930001,42.0436800890001],[12.390757315,42.0435934280001],[12.390804971,42.043402013],[12.3904976900001,42.0429879760001],[12.390495823,42.0428946530001],[12.390680493,42.0426910910001],[12.3906016550001,42.042393764],[12.3906283760001,42.0422968510001],[12.3908569870001,42.041992527],[12.3910566610001,42.041700264],[12.3912132030001,42.0410720560001],[12.391259178,42.0407826570001],[12.3912821610001,42.040499095],[12.3913150820001,42.0403896020001],[12.391495235,42.0402961780001],[12.3916106240001,42.0402564010001],[12.391937141,42.040200225],[12.3930648630001,42.039996898],[12.3935191750001,42.0412665220001],[12.394880303,42.040529993],[12.396018263,42.0399367840001],[12.397563325,42.03915182],[12.3995498520001,42.038154666],[12.400908428,42.0374773670001],[12.403211689,42.03633977],[12.4039973910001,42.036026829],[12.4043781240001,42.0358955240001],[12.40460125,42.03516492],[12.4047378340001,42.0346040800001],[12.404930488,42.0339232430001],[12.405163827,42.0335002750001],[12.4053458440001,42.0332203080001],[12.4057785790001,42.0326212200001],[12.4061822030001,42.032503305],[12.4064117140001,42.0324362540001],[12.407154006,42.032503917],[12.4078461230001,42.03257468],[12.4082950120001,42.032724746],[12.4087416630001,42.032650037],[12.409014234,42.0326604330001],[12.4093889110001,42.032537453],[12.409803702,42.0322669760001],[12.4111520340001,42.031401911],[12.411278742,42.031348801],[12.4126073090001,42.031404218],[12.413303018,42.031428389],[12.413740021,42.0314509630001],[12.4143850290001,42.0315333450001],[12.4148569860001,42.031535502],[12.4155760830001,42.0314457050001],[12.4163395250001,42.031272099],[12.4171262040001,42.031086292],[12.417252465,42.0310721750001],[12.418249611,42.031306627],[12.419785119,42.031167334],[12.42087071,42.0310433450001],[12.4230676660001,42.030832805],[12.4235524580001,42.030517208],[12.4242274210001,42.0300693500001],[12.424822998,42.0296858510001],[12.424657294,42.029423486],[12.424728558,42.0293487640001],[12.424729819,42.028895103],[12.42440951,42.0286589470001],[12.424146262,42.0286996770001],[12.423979811,42.0284559500001],[12.423932096,42.028370076],[12.42383181,42.028037098],[12.4237732460001,42.027938261],[12.423695004,42.027622738],[12.4237863230001,42.0271923000001],[12.4238508760001,42.026720556],[12.423958623,42.0265872940001],[12.4247243090001,42.026074475],[12.425237344,42.025762474],[12.425489425,42.0258571740001],[12.4263098100001,42.02542571],[12.42645907,42.0253908990001],[12.427030517,42.025463078],[12.427921885,42.02507602],[12.4280246480001,42.0250096350001],[12.4282251220001,42.024922969],[12.428181538,42.025152378],[12.427832177,42.0254672820001],[12.42777112,42.02578865],[12.427834526,42.0260052300001],[12.428040643,42.026260869],[12.4281922060001,42.026676654],[12.428199616,42.027089206],[12.42849245,42.0275798770001],[12.428569774,42.0280477870001],[12.428532021,42.0283876080001],[12.4283726900001,42.0287605620001],[12.428313799,42.0290281900001],[12.4283430680001,42.029495022],[12.4282783960001,42.029905958],[12.428019336,42.030366325],[12.427787192,42.030755576],[12.42719752,42.031065089],[12.426797896,42.031432651],[12.4259746070001,42.0321672320001],[12.425330348,42.0326368790001],[12.425207384,42.0329864490001],[12.425163624,42.0329584130001],[12.425092385,42.033060463],[12.424861584,42.033255431],[12.4246727930001,42.033419176],[12.4244333620001,42.0336496910001],[12.4242774050001,42.033949987],[12.4240088550001,42.0344264610001],[12.4239952630001,42.0346441770001],[12.4241288600001,42.0348973640001],[12.424186799,42.0350058880001],[12.424170583,42.035169932],[12.424141091,42.035662496],[12.4242511730001,42.035904433],[12.424294601,42.036016206],[12.424284184,42.036155362],[12.424116735,42.0363839180001],[12.4240065930001,42.0364993900001],[12.424010401,42.036642439],[12.4239735800001,42.036841763],[12.423776865,42.037319848],[12.423590743,42.037476503],[12.4233898740001,42.0375827880001],[12.42268725,42.0378850980001],[12.4222428890001,42.0380252250001],[12.421683769,42.038098436],[12.421322113,42.0380903060001],[12.4204503290001,42.0377740540001],[12.420301959,42.037649198],[12.420165648,42.0375817990001],[12.4198953590001,42.0375078110001],[12.4196227580001,42.037490956],[12.4193348580001,42.0375559610001],[12.418971862,42.0377586660001],[12.4183455850001,42.03818776],[12.4179049320001,42.0384530480001],[12.417181563,42.0391086920001],[12.416957675,42.0394277020001],[12.4166455430001,42.0398733920001],[12.416493836,42.040146373],[12.4162722570001,42.0404082480001],[12.415991067,42.0407211990001],[12.4154698350001,42.041175028],[12.4145138270001,42.0418891040001],[12.4139289840001,42.042299459],[12.413349558,42.042576184],[12.4131033030001,42.0427489620001],[12.4128471020001,42.0431667240001],[12.412685998,42.0441885010001],[12.4125799240001,42.044925096],[12.412355264,42.0462067020001],[12.4119680040001,42.0477133810001],[12.4119720850001,42.0480851790001],[12.411663764,42.049064672],[12.4114523980001,42.049545978],[12.411325183,42.0501025720001],[12.411285702,42.0504447930001],[12.4112485430001,42.050729882],[12.4111143910001,42.0509463970001],[12.4110788030001,42.0509310050001],[12.4107332780001,42.0515665410001],[12.4104845370001,42.052180435],[12.4103451620001,42.052463216],[12.410073181,42.0528621380001],[12.409710212,42.0531398680001],[12.4093182030001,42.0533454600001],[12.409051053,42.053625353],[12.408841006,42.054073326],[12.408635797,42.0544022710001],[12.4082558740001,42.0547034410001],[12.4079267660001,42.054934277],[12.407525051,42.0553779160001],[12.407275294,42.0560156060001],[12.406874537,42.0564354370001],[12.4064389230001,42.05692596],[12.4058426170001,42.057436673],[12.405370197,42.058045495],[12.404708042,42.058602368],[12.4042801580001,42.05890244],[12.403885185,42.0591794260001],[12.403107845,42.059423929],[12.405443614,42.0601677810001],[12.407763023,42.059743682],[12.408136696,42.0592041],[12.408838519,42.0584574860001],[12.4090843980001,42.0579150130001],[12.4095412940001,42.0576870610001],[12.409782324,42.0572636140001],[12.409792973,42.057001755],[12.410219851,42.056725467],[12.4103321330001,42.056322939],[12.4104424770001,42.0559680210001],[12.410583796,42.05563763],[12.4114481840001,42.055609487],[12.412060899,42.05548035],[12.4127190900001,42.055018654],[12.413227227,42.0543152970001],[12.413546093,42.0531549510001],[12.4147008200001,42.053061848],[12.41645857,42.053077628],[12.4179559670001,42.053206656],[12.4192011000001,42.0533980860001],[12.419566683,42.0537910840001],[12.420308547,42.054208323],[12.4211432720001,42.054674768],[12.4216773860001,42.0547574610001],[12.4220583320001,42.0547189010001],[12.421950086,42.0542687930001],[12.421997865,42.053869316],[12.422270558,42.053380647],[12.422726095,42.053061018],[12.4240995160001,42.052714881],[12.4251800910001,42.052574211],[12.4262597100001,42.052457072],[12.426894276,42.052400623],[12.427695322,42.0521358490001],[12.4280282830001,42.0517192030001],[12.4281439440001,42.051203436],[12.4282729070001,42.050358101],[12.428508019,42.0492324040001],[12.4286887390001,42.048670971],[12.4289402210001,42.047922628],[12.4287630690001,42.0476123540001],[12.42894663,42.046980298],[12.429092908,42.046488778],[12.429451467,42.0454365300001],[12.429593901,42.045031239],[12.429506125,42.0444335880001],[12.4302392500001,42.0444857570001],[12.432282753,42.0451391180001],[12.433698244,42.045313761],[12.436889993,42.045635315],[12.440562771,42.045919859],[12.444106876,42.046225248],[12.445787357,42.0463699050001],[12.4465775260001,42.0446004450001],[12.446842568,42.0443680710001],[12.4471216700001,42.0441836640001],[12.447506355,42.044156484],[12.447830024,42.044056464],[12.4481753810001,42.0438139610001],[12.448278343,42.0436375450001],[12.4485363430001,42.0433811830001],[12.449496852,42.0433429760001],[12.4500557600001,42.043355402],[12.450615617,42.0433440200001],[12.450840133,42.043325183],[12.451218365,42.0430595720001],[12.451466463,42.042850639],[12.451573222,42.042578995],[12.451583693,42.042317127],[12.4514871440001,42.0419337440001],[12.4514345150001,42.041934794],[12.451477423,42.0416978920001],[12.4515729930001,42.0416085790001],[12.453260686,42.0429438730001],[12.453035431,42.0431887120001],[12.4535533960001,42.044305802],[12.4542538810001,42.045655685],[12.4553065590001,42.0484334890001],[12.45566353,42.0500616680001],[12.456192006,42.0505975930001],[12.456232847,42.0508558340001],[12.456316051,42.051334227],[12.4563567440001,42.051916517],[12.4564117350001,42.0524610000001],[12.4562615510001,42.052779339],[12.455790931,42.054636966],[12.4556947020001,42.054885019],[12.455561733,42.055332406],[12.455451639,42.055687374],[12.4553911720001,42.056000554],[12.4552825000001,42.056319812],[12.45510475,42.0566875750001],[12.4549126800001,42.0569335000001],[12.454631218,42.057256072],[12.4539874000001,42.05788512],[12.452428524,42.059208664],[12.452702452,42.0593148230001],[12.4533633780001,42.059458168],[12.453959852,42.0594142240001],[12.4559908590001,42.0598381450001],[12.458440733,42.0603427940001],[12.4598818700001,42.0606463510001],[12.461280129,42.061063312],[12.4631003480001,42.0616039610001],[12.4638480360001,42.0612559380001],[12.465577393,42.0613084610001],[12.4683502840001,42.0614125880001],[12.469781692,42.0614799140001],[12.4710541150001,42.0615651620001],[12.4717878700001,42.061567042],[12.472402108,42.061559136],[12.4745740560001,42.0615783860001],[12.476755683,42.0609902090001],[12.477973832,42.061086711],[12.480196515,42.0610759940001],[12.480273519,42.061554234],[12.4806211380001,42.0620622440001],[12.4809871250001,42.0621060240001],[12.4816279630001,42.062072442],[12.481928171,42.0621624290001],[12.4820644070001,42.0623560380001],[12.4821132440001,42.062738349],[12.482214238,42.0630145810001],[12.4822163060001,42.0630148600001],[12.482331362,42.063222124],[12.482517961,42.0633993380001],[12.482801845,42.0635642600001],[12.4825878980001,42.064078921],[12.482305089,42.064866172],[12.482132101,42.065324025],[12.4817360640001,42.0660366560001],[12.481307031,42.066604297],[12.4811340310001,42.0670621460001],[12.4810088400001,42.067290222],[12.480584353,42.0677425470001],[12.4801598600001,42.068194872],[12.479832087,42.068649318],[12.479678984,42.0690931760001],[12.4793039530001,42.069762981],[12.4790319470001,42.070031107],[12.4788333550001,42.070156581],[12.4785039110001,42.0701637650001],[12.478155692,42.070156109],[12.477731234,42.070117923],[12.477304492,42.0701373900001],[12.47692836,42.070345515],[12.4766290370001,42.070569753],[12.4764577060001,42.070984353],[12.4764212200001,42.071416345],[12.4763284110001,42.071803819],[12.4762805780001,42.072033591],[12.476080261,42.072202302],[12.475800844,42.0724125500001],[12.475589665,42.072855124],[12.4753693380001,42.0735283220001],[12.475279949,42.0738293090001],[12.4751672100001,42.074230771],[12.475115368,42.074561439],[12.475403855,42.0746110690001],[12.477693529,42.0752240800001],[12.479369272,42.0756937160001],[12.4799514000001,42.075663229],[12.480923848,42.0760452550001],[12.481735295,42.076091927],[12.4832701340001,42.0764057430001],[12.4836050870001,42.0765398390001],[12.4858223750001,42.073704992],[12.4862473110001,42.073175634],[12.486091091,42.072823659],[12.486126712,42.072460044],[12.4866459940001,42.0716951040001],[12.486961557,42.071242565],[12.4870396640001,42.070879881],[12.487090902,42.070659197],[12.487332725,42.0704585330001],[12.4878582320001,42.070073962],[12.48789384,42.0697103470001],[12.4878432200001,42.0693765290001],[12.487853837,42.069107425],[12.4881187710001,42.0688597350001],[12.488572407,42.0686795500001],[12.4893159580001,42.068157157],[12.489914072,42.067713617],[12.490296334,42.067426523],[12.4907706830001,42.067074726],[12.4916020920001,42.06647279],[12.4927277420001,42.065485181],[12.4934986760001,42.0645892090001],[12.4937095780001,42.0641053570001],[12.49383873,42.063667372],[12.4940195510001,42.0631352070001],[12.494296682,42.0625932310001],[12.494384462,42.06198755],[12.4944083450001,42.061380473],[12.4944063670001,42.0606179530001],[12.494324519,42.059853687],[12.494298139,42.059305081],[12.494318274,42.058793231],[12.494623887,42.0571200740001],[12.496450398,42.0570169920001],[12.496419921,42.0573856510001],[12.496300692,42.0579787340001],[12.496341725,42.0589684670001],[12.49642834,42.0600187640001],[12.496483879,42.060639489],[12.496580255,42.061034745],[12.4965643470001,42.061439464],[12.49644277,42.0620920640001],[12.496341376,42.062637882],[12.4962535490001,42.062838497],[12.496289774,42.0631371310001],[12.4963626260001,42.063317426],[12.4962400420001,42.0635887650001],[12.496104759,42.0637764310001],[12.495920148,42.063998762],[12.4957843940001,42.0641983310001],[12.495909505,42.065082676],[12.4960844780001,42.0663255210001],[12.4970486660001,42.066608666],[12.4978953510001,42.06662714],[12.498171837,42.0669449060001],[12.501295713,42.068013754],[12.5027071870001,42.0687164290001],[12.5039303400001,42.0693292070001],[12.5052627360001,42.069358196],[12.506576038,42.069629793],[12.5077292730001,42.0700694540001],[12.50883666,42.069964844],[12.509858889,42.0698297820001],[12.510203974,42.0698372730001],[12.5110686090001,42.069911475],[12.5110687960001,42.0699270010001],[12.511817351,42.0700028110001],[12.512994012,42.0701712950001],[12.5136622260001,42.0702572650001],[12.514590533,42.0698246640001],[12.5149630970001,42.069701686],[12.515637811,42.0696209920001],[12.5161300980001,42.069298071],[12.516765235,42.069002067],[12.517835894,42.0686082620001],[12.51823138,42.0683070640001],[12.5201258050001,42.068109765],[12.5215190760001,42.0674369710001],[12.52246095,42.0670641660001],[12.5231444290001,42.067579304],[12.523496132,42.067991965],[12.5237971340001,42.0684750130001],[12.524132406,42.068899231],[12.5243074570001,42.069331903],[12.524660565,42.069708849],[12.524921982,42.069976593],[12.525035912,42.0703364620001],[12.5249442690001,42.071871354],[12.5258725630001,42.072260707],[12.527304961,42.0709930020001],[12.526756413,42.07070716],[12.527653613,42.0702499540001],[12.5289768110001,42.069527904],[12.530741209,42.068148169],[12.5313553940001,42.0675657030001],[12.532057289,42.0667825880001],[12.532428587,42.066278286],[12.532720464,42.0657603620001],[12.5328995850001,42.0652638380001],[12.533225709,42.0646870790001],[12.53346257,42.064763655],[12.533723545,42.0650432830001],[12.5338261540001,42.0652837640001],[12.533831987,42.0655459910001],[12.533802182,42.065902763],[12.533755018,42.066294902],[12.533703243,42.0668060780001],[12.5336898740001,42.067151289],[12.5336065560001,42.0677180550001],[12.533599494,42.0677467240001],[12.5336015080001,42.0677523840001],[12.534845435,42.071247552],[12.535026649,42.071523079],[12.5352533980001,42.0716137310001],[12.535709663,42.07172361],[12.5365906750001,42.0720141680001],[12.5371158990001,42.0723256730001],[12.5375600190001,42.072749807],[12.5380205540001,42.0732457730001],[12.538354618,42.0735388730001],[12.5384602670001,42.0737841800001],[12.5386184660001,42.074159283],[12.5394219290001,42.074719789],[12.53994443,42.0751027050001],[12.5412943650001,42.0756749170001],[12.543001122,42.0766979470001],[12.5446225320001,42.0774474930001],[12.546358217,42.0767269250001],[12.5470013670001,42.0752252560001],[12.5471822750001,42.0745143010001],[12.5474946370001,42.073877639],[12.5477746990001,42.073083024],[12.547564148,42.073087742],[12.5475256450001,42.073119088],[12.547432268,42.0730906970001],[12.5471217200001,42.073097655],[12.546451769,42.0730547320001],[12.545979055,42.072873062],[12.5456093650001,42.0725077390001],[12.5452736190001,42.0722575140001],[12.5450206240001,42.0718517980001],[12.544790333,42.071603828],[12.5445598220001,42.0711128130001],[12.544420319,42.0706689900001],[12.544293284,42.070438397],[12.5441694190001,42.070080703],[12.543974688,42.0692268000001],[12.5439552340001,42.0683585020001],[12.543935306,42.068075348],[12.543893672,42.0674837810001],[12.5437916010001,42.0665296120001],[12.543646209,42.065946517],[12.5434546160001,42.065442036],[12.543341361,42.064896344],[12.5429707490001,42.064059209],[12.542616007,42.0633081920001],[12.5422941000001,42.062700842],[12.541765562,42.0620115030001],[12.5410641730001,42.0607679080001],[12.5403457900001,42.0598240520001],[12.5396624850001,42.058464181],[12.539497404,42.0577326640001],[12.5394368660001,42.05761741],[12.5394668050001,42.0568423080001],[12.539485966,42.0563462430001],[12.539974721,42.055549953],[12.5406143110001,42.055160281],[12.541469079,42.0545890390001],[12.5427694860001,42.0543376370001],[12.5443159060001,42.0541845760001],[12.5479043600001,42.0539820760001],[12.549821595,42.053929956],[12.551491605,42.0538104680001],[12.553462343,42.053449132],[12.5549849670001,42.052829971],[12.555845527,42.052103597],[12.556381592,42.051153093],[12.556452915,42.0503788670001],[12.5563519,42.049756119],[12.5561225220001,42.049223725],[12.5553309970001,42.0481518450001],[12.554333892,42.047013517],[12.5536493600001,42.0464093530001],[12.5528032180001,42.0456776190001],[12.5519071630001,42.0451620210001],[12.5506308080001,42.044793446],[12.549386526,42.04467378],[12.548263456,42.0446497820001],[12.547262787,42.044690449],[12.5468348380001,42.044722784],[12.546129039,42.044834139],[12.5456367620001,42.044973514],[12.545034322,42.0451973180001],[12.5442669980001,42.045606945],[12.5438402390001,42.0459686310001],[12.543434872,42.046599029],[12.543069616,42.047561656],[12.5426165100001,42.048606034],[12.542159074,42.049487785],[12.541575073,42.050082789],[12.5410777270001,42.0503522170001],[12.5408199390001,42.050370641],[12.5403134330001,42.0504068390001],[12.5396117660001,42.050210324],[12.5392033740001,42.0500674360001],[12.5384259300001,42.0496404830001],[12.537862433,42.0492078440001],[12.537305331,42.048780107],[12.536249717,42.047608677],[12.5356570020001,42.047059436],[12.5347689700001,42.0464264130001],[12.53449296,42.046229659],[12.5339776440001,42.0459900700001],[12.533692306,42.045857404],[12.5336845090001,42.0458555320001],[12.5322334700001,42.0455072780001],[12.5308681180001,42.0452611100001],[12.5300470490001,42.0451130660001],[12.527764862,42.044732529],[12.52547157,42.0442570280001],[12.52324937,42.043696228],[12.5213267930001,42.04304033],[12.520716179,42.0428320070001],[12.519152833,42.042206469],[12.518653988,42.0419039860001],[12.5181094340001,42.0415737820001],[12.5180464150001,42.041535567],[12.5174321480001,42.041001545],[12.5173895930001,42.0409416040001],[12.5171061080001,42.040542314],[12.5170117330001,42.0404093860001],[12.5167709990001,42.0397966580001],[12.516759719,42.0395448900001],[12.5167420830001,42.0391512510001],[12.5167370300001,42.039038498],[12.516956554,42.0382937150001],[12.5174637420001,42.037499929],[12.5187812450001,42.0360088510001],[12.520339872,42.034575042],[12.5207553710001,42.0342321360001],[12.521375575,42.0332514190001],[12.5218351550001,42.032046311],[12.5218612310001,42.031909005],[12.5219149910001,42.031625929],[12.5218406600001,42.0310878120001],[12.5215029070001,42.030520337],[12.5210807620001,42.030223144],[12.520936372,42.030121492],[12.52026671,42.0299255510001],[12.5195697730001,42.0298868140001],[12.519372816,42.029918227],[12.519090588,42.029963239],[12.5187623360001,42.0302401750001],[12.518220909,42.030828091],[12.5173666920001,42.031567032],[12.516078308,42.0323123470001],[12.5151312080001,42.032717886],[12.514658884,42.03288912],[12.5142549920001,42.0329562250001],[12.5139867450001,42.033000793],[12.513416975,42.032956884],[12.512853664,42.0327474260001],[12.512588582,42.0324892030001],[12.5124133210001,42.0320988],[12.5123731370001,42.0312300460001],[12.5126943020001,42.030321788],[12.5129881550001,42.029842145],[12.513047651,42.029784953],[12.514296496,42.0285844570001],[12.515631592,42.0274535710001],[12.517047217,42.02669918],[12.5180295430001,42.0260655810001],[12.5187497480001,42.025505201],[12.519331697,42.024962341],[12.5197854150001,42.024451421],[12.52020802,42.023924047],[12.5205114120001,42.023196848],[12.520526428,42.02281057],[12.520532588,42.0223799170001],[12.520409391,42.021859383],[12.520399458,42.0218174180001],[12.52035991,42.0216503170001],[12.520066962,42.020476285],[12.519728489,42.018939023],[12.5196173260001,42.0184341350001],[12.519355041,42.017560578],[12.5186902730001,42.0158822290001],[12.5178691510001,42.0141444750001],[12.5176390020001,42.0137134650001],[12.517001372,42.012519318],[12.5166118970001,42.0121359440001],[12.5162473730001,42.0117771280001],[12.5153411090001,42.011142094],[12.514677498,42.010796344],[12.514306355,42.0106013130001],[12.5132012610001,42.0101828700001],[12.5121347740001,42.009859932],[12.510843557,42.0096031160001],[12.5093711220001,42.0093818020001],[12.508770472,42.00932142],[12.507330552,42.009053446],[12.5061375830001,42.0087198140001],[12.505379228,42.0083640620001],[12.5046916970001,42.007820489],[12.5044509700001,42.0074838780001],[12.5043811350001,42.007137162],[12.504326948,42.0068681380001],[12.5044465180001,42.0065156950001],[12.504881848,42.005933423],[12.5054503700001,42.005479924],[12.5059409790001,42.005088567],[12.507061751,42.0045606370001],[12.508627763,42.0040076490001],[12.5100165260001,42.003659086],[12.51036994,42.003587509],[12.5110720980001,42.0034452960001],[12.5120800030001,42.0031515630001],[12.5123620140001,42.003039222],[12.5128478730001,42.0028456750001],[12.513347889,42.0026464850001],[12.514172321,42.0021199500001],[12.5142914250001,42.0020106160001],[12.5148524570001,42.0014956050001],[12.5154440950001,42.000644477],[12.5157310170001,42.000066839],[12.5160256030001,41.9992921190001],[12.5160408040001,41.9986296980001],[12.515986449,41.998202528],[12.515935502,41.9978021360001],[12.515665669,41.9971256530001],[12.5151103700001,41.99617473],[12.514463055,41.9954143260001],[12.513494241,41.9947621410001],[12.5131646300001,41.994593196],[12.51221243,41.99410513],[12.511886969,41.9939383060001],[12.5114311770001,41.993746953],[12.510510148,41.993498165],[12.509521417,41.993358357],[12.5083397070001,41.993285359],[12.5069109500001,41.99330955],[12.5062557260001,41.9933505380001],[12.50494546,41.993590306],[12.5035842820001,41.994049869],[12.502344033,41.9944338650001],[12.5019890560001,41.994543767],[12.500789711,41.994785903],[12.500175986,41.99481504],[12.4994227830001,41.994850796],[12.499213264,41.9948228960001],[12.498758004,41.99486654],[12.49748276,41.9949887860001],[12.497092336,41.994825813],[12.49679895,41.994569222],[12.496489056,41.9939191140001],[12.496330786,41.9935270490001],[12.496212483,41.9932339900001],[12.49599554,41.9926573920001],[12.4958447610001,41.9920226680001],[12.4958723890001,41.9917254260001],[12.4959408,41.991202711],[12.496052876,41.9907881730001],[12.496290645,41.9900189640001],[12.496499854,41.989570804],[12.4968573260001,41.98900674],[12.4972115260001,41.988526001],[12.497552871,41.9881460820001],[12.4976491910001,41.988081816],[12.499710034,41.986706747],[12.499830321,41.986626485],[12.5028783600001,41.98393343],[12.503251931,41.983612173],[12.5045240860001,41.982518132],[12.504579791,41.982448891],[12.5052927310001,41.981562678],[12.505679049,41.980665624],[12.505840145,41.9798113300001],[12.505824787,41.979723355],[12.5057357580001,41.979213368],[12.505326253,41.978251356],[12.504685979,41.977474946],[12.503365199,41.976135689],[12.501769434,41.97448067],[12.5012596940001,41.97399963],[12.500322092,41.973114794],[12.49920897,41.972185084],[12.498303354,41.9716649600001],[12.496895705,41.9709194270001],[12.4956757690001,41.9702732860001],[12.49565284,41.970248373],[12.495093893,41.969641062],[12.4949398160001,41.9686845900001],[12.495108175,41.9680924940001],[12.4951357520001,41.968025288],[12.4952197700001,41.967910884],[12.495562835,41.9676129420001],[12.4958846500001,41.967434482],[12.4962865050001,41.9672429290001],[12.496726112,41.967094241],[12.4969161080001,41.967023698],[12.4976867610001,41.9668921200001],[12.4984415770001,41.966767115],[12.499227122,41.9666358540001],[12.499883391,41.966529241],[12.5009001810001,41.966498513],[12.502316884,41.9661596880001],[12.5025742490001,41.9661060560001],[12.5026632680001,41.9660768410001],[12.5030917340001,41.9659743610001],[12.504037296,41.965470724],[12.504074729,41.9654424870001],[12.504430096,41.965174426],[12.504430476,41.9651741400001],[12.5044978400001,41.965123325],[12.5045304060001,41.965039689],[12.50464721,41.964739707],[12.5047462370001,41.9644853780001],[12.504706222,41.964286378],[12.5045894960001,41.9637058860001],[12.504505621,41.963288758],[12.5035634820001,41.9617149950001],[12.503366746,41.9613863550001],[12.5026938290001,41.9606330500001],[12.5019224430001,41.959949081],[12.501405907,41.959717165],[12.5009184900001,41.959498319],[12.500037481,41.959169366],[12.4990852380001,41.9590294760001],[12.497267133,41.9589898340001],[12.495955644,41.959056531],[12.4926601060001,41.959651739],[12.491312033,41.9598367230001],[12.4904508180001,41.9598178900001],[12.489888873,41.959658797],[12.4896299160001,41.9595854820001],[12.4890491310001,41.9589294250001],[12.4889298630001,41.957902222],[12.4889459620001,41.957742862],[12.489114795,41.9560714400001],[12.4891388,41.95583378],[12.4899226700001,41.9545689980001],[12.490204873,41.954343909],[12.490416968,41.9541747380001],[12.4903825920001,41.9541319590001],[12.490316391,41.9540495800001],[12.491136629,41.953483737],[12.492337435,41.952777283],[12.4935654220001,41.952089281],[12.495086734,41.951348099],[12.4964040250001,41.950721585],[12.4967246260001,41.950571128],[12.496724683,41.9505711],[12.497168174,41.950362967],[12.497339244,41.950271049],[12.4983827070001,41.94971036],[12.49953278,41.9490730160001],[12.5005807650001,41.948392928],[12.5009178870001,41.948138166],[12.501362837,41.947778525],[12.5017613410001,41.9473821280001],[12.50207098,41.9470135810001],[12.502201471,41.9468034160001],[12.502275341,41.9466844410001],[12.502421569,41.9464136060001],[12.5025309550001,41.946064525],[12.502534967,41.9460233390001],[12.5025575920001,41.9457910850001],[12.5025586830001,41.9455587890001],[12.502540577,41.9454094700001],[12.5024037430001,41.945031203],[12.502240205,41.9447238390001],[12.502106467,41.944470736],[12.501810888,41.944071142],[12.501578275,41.9438052940001],[12.5015664690001,41.9437918],[12.5012216700001,41.943426875],[12.500656443,41.942985665],[12.500328127,41.942811718],[12.5002889630001,41.942792995],[12.500277677,41.94274062],[12.49968748,41.942489483],[12.49906917,41.9423044490001],[12.498537916,41.942178496],[12.4977508150001,41.9420660230001],[12.4971655630001,41.942015134],[12.4967127530001,41.9420052570001],[12.4964696590001,41.942019015],[12.4931019100001,41.9419550210001],[12.4894238700001,41.9415028930001],[12.4883625420001,41.9412223260001],[12.487671117,41.940949851],[12.487261427,41.9406549460001],[12.486705419,41.9401852760001],[12.486311861,41.939804941],[12.486209419,41.9394881700001],[12.486309523,41.938889902],[12.486720867,41.9371928420001],[12.4872546390001,41.935628083],[12.487232873,41.935532295],[12.487152946,41.9352922670001],[12.48704901,41.935013588],[12.4866741860001,41.9341571090001],[12.486451356,41.9339806670001],[12.485335354,41.9331460710001],[12.4850198890001,41.9330533770001],[12.4844474870001,41.933002706],[12.483860835,41.9329898440001],[12.4835405040001,41.9330209440001],[12.4832299290001,41.9331285050001],[12.4827760690001,41.933309173],[12.4824351140001,41.9335399710001],[12.481829417,41.934010863],[12.4812502680001,41.934455646],[12.4807630120001,41.934835725],[12.4803136350001,41.9352261650001],[12.4797352160001,41.935651894],[12.479343972,41.935862516],[12.47888858,41.936081259],[12.478357789,41.9362697490001],[12.477880639,41.9363926980001],[12.477495392,41.9364509490001],[12.4768558170001,41.9364845430001],[12.475987048,41.936503561],[12.475158042,41.936485323],[12.4736943520001,41.9363768580001],[12.4725622670001,41.93627568],[12.4720404870001,41.9362355920001],[12.4714676950001,41.936194379],[12.466936489,41.935567989],[12.4667842740001,41.935503391],[12.465805333,41.9350814690001],[12.465001408,41.934591922],[12.463745241,41.9337208900001],[12.4630634170001,41.9332480950001],[12.461800564,41.9322622920001],[12.461087392,41.931417308],[12.4606470000001,41.930935773],[12.4604136310001,41.930544599],[12.460180263,41.930153423],[12.4600054200001,41.9297349500001],[12.459849707,41.929316901],[12.4596962630001,41.9288417130001],[12.4595990720001,41.928396364],[12.459522146,41.9279228710001],[12.459482908,41.9274645090001],[12.4595578710001,41.927022971],[12.459622552,41.926614289],[12.4590769700001,41.926472651],[12.457876651,41.926206597],[12.4577482490001,41.926185882],[12.45760173,41.926500736],[12.4572290420001,41.927307984],[12.456994133,41.927919919],[12.456816282,41.928380619],[12.4566130260001,41.929079033],[12.456370787,41.9299552910001],[12.4558843930001,41.9317554200001],[12.4549587720001,41.9316248100001],[12.4537494730001,41.931462164],[12.4535926450001,41.931794655],[12.4534864340001,41.9321983130001],[12.4534477290001,41.9323690140001],[12.4534292910001,41.9325115720001],[12.4534051680001,41.932796969],[12.4533855920001,41.932968095],[12.453292462,41.933223368],[12.4531668810001,41.933492217],[12.4511361990001,41.9333734240001],[12.4504787540001,41.9329891670001],[12.450026668,41.9328027970001],[12.4494943340001,41.932628341],[12.4485776830001,41.932399764],[12.448492027,41.932371173],[12.448423313,41.9323658320001],[12.4483557830001,41.9323948300001],[12.448276987,41.9324502640001],[12.44798745,41.932541042],[12.4477277140001,41.9325886400001],[12.447519114,41.9325942850001],[12.4472510190001,41.9325954700001],[12.4470567280001,41.9325863820001],[12.4468851340001,41.9325682680001],[12.4467957690001,41.9325686620001],[12.4467113160001,41.9325994750001],[12.4466658280001,41.9326518370001],[12.4466716320001,41.932890243],[12.446671522,41.9329569590001],[12.446652375,41.932988938],[12.446615223,41.933024329],[12.4465480800001,41.933027601],[12.4464822680001,41.932997543],[12.446129356,41.932845134],[12.445621988,41.932605095],[12.444728605,41.9321229450001],[12.4439642950001,41.9339056320001],[12.4437166930001,41.934471982],[12.443506686,41.9350895470001],[12.4435102840001,41.935090669],[12.4434688590001,41.93540856],[12.4433639370001,41.935878011],[12.443220465,41.9363537520001],[12.4430264260001,41.93689699],[12.442820559,41.937256967],[12.442655808,41.937546376],[12.4426393900001,41.937717569],[12.442631109,41.937924686],[12.442691788,41.9380833020001],[12.442693659,41.9380864500001],[12.442403239,41.9379587290001],[12.442087295,41.9379588350001],[12.4414642580001,41.9379771120001],[12.4415068000001,41.9381103040001],[12.4415553380001,41.938332984],[12.441569755,41.938451253],[12.4415682540001,41.9386084820001],[12.4415356270001,41.9388257780001],[12.441454541,41.939363668],[12.441339451,41.940166478],[12.441701854,41.9402318940001],[12.441631294,41.9405996510001],[12.441428789,41.940875111],[12.4419063620001,41.941302744],[12.440572349,41.94234421],[12.440430787,41.9424363630001],[12.4403141290001,41.9424166050001],[12.439489194,41.9429929390001],[12.438857425,41.9435983590001],[12.438390785,41.9440930900001],[12.4378436280001,41.9443668050001],[12.4374615190001,41.9446632670001],[12.4369471860001,41.9451371020001],[12.436573244,41.9455481150001],[12.4363955900001,41.9458396090001],[12.437060601,41.947722555],[12.437846377,41.9494137990001],[12.4382722010001,41.9501381380001],[12.438777396,41.9508335680001],[12.4396343780001,41.9522299330001],[12.440110514,41.9524460710001],[12.441303519,41.9529051530001],[12.4420106630001,41.953181833],[12.4437042060001,41.954511354],[12.4463702940001,41.956652783],[12.447448207,41.9575988990001],[12.4479060890001,41.957642449],[12.4476701940001,41.9577644770001],[12.4473020830001,41.9577833220001],[12.4469302740001,41.957894771],[12.4464389190001,41.958214033],[12.446322878,41.958269381],[12.4458725960001,41.958402251],[12.445507956,41.958463647],[12.445312803,41.9584917440001],[12.4451813810001,41.958389933],[12.4449400230001,41.958459893],[12.443332942,41.9591317750001],[12.4426457270001,41.959432415],[12.4425758470001,41.959474809],[12.442597431,41.9595651230001],[12.44219736,41.9598651630001],[12.4420905690001,41.9599477450001],[12.4417837010001,41.9602459970001],[12.441489792,41.9606082610001],[12.441369035,41.9606519120001],[12.441079068,41.9606546030001],[12.441035148,41.9606689020001],[12.4405949820001,41.960659084],[12.440291615,41.9607409550001],[12.4392693720001,41.961394849],[12.438246726,41.9620582570001],[12.4382066640001,41.9622181500001],[12.4354938550001,41.9645841510001],[12.432913618,41.9658703260001],[12.4293298800001,41.9682891250001],[12.4223589170001,41.9728258010001],[12.4212159950001,41.9732957310001],[12.4208825160001,41.973494305],[12.420784127,41.9735528910001],[12.4205072340001,41.973451356],[12.419972595,41.9732487140001],[12.4187720310001,41.9727737520001],[12.41811964,41.9724826730001],[12.417427434,41.9722288180001],[12.415821055,41.9715254750001],[12.4147688050001,41.971040976],[12.414667529,41.970994343],[12.4134363040001,41.9704900410001],[12.4127928660001,41.970294444],[12.411302967,41.970028518],[12.4100317950001,41.969880692],[12.4098384960001,41.9698678240001],[12.408912996,41.9698062100001],[12.4084478990001,41.971457308],[12.4082843950001,41.9720377250001],[12.407717959,41.9734069240001],[12.4077182510001,41.973412567],[12.407519817,41.9739445330001],[12.407465318,41.974815388],[12.4077710440001,41.976251948],[12.407905052,41.9767267610001],[12.408040253,41.978116577],[12.408040284,41.979060147],[12.4078941700001,41.981244212],[12.4077456740001,41.9815982690001],[12.407481735,41.981964014],[12.4070101140001,41.9822535820001],[12.406769952,41.982505491],[12.406450314,41.982827085],[12.4060732410001,41.983147379],[12.4055992830001,41.9834940750001],[12.4050926100001,41.9838841390001],[12.4050564790001,41.9838792410001],[12.4044802120001,41.984385644],[12.4040006230001,41.984870405],[12.4035132860001,41.9855456070001],[12.402708003,41.9864995410001],[12.4006474010001,41.988170831],[12.398598781,41.989851093],[12.397047624,41.990921502],[12.39629411,41.991228456],[12.394360073,41.991661094],[12.392632572,41.992041208],[12.3917648890001,41.992608782],[12.3910858950001,41.993279573],[12.3905768720001,41.9940114120001],[12.390260475,41.994719037],[12.3895469720001,41.996384076],[12.389260624,41.996746885],[12.388681255,41.997150678],[12.387846914,41.9974557360001],[12.386527035,41.997712001],[12.384822962,41.9979829220001],[12.383749337,41.9984588180001],[12.383023817,41.9990141270001],[12.3825855110001,41.999575985],[12.3810504460001,42.0020540720001],[12.3787363770001,42.0065331850001],[12.3781980260001,42.0078170900001],[12.3774223070001,42.008657143],[12.3764602970001,42.009054507],[12.3756265000001,42.0091307440001],[12.372640496,42.0090242680001],[12.371153206,42.009142688],[12.3698320940001,42.0095698900001],[12.3686268590001,42.0102856620001],[12.3676467010001,42.011120958],[12.3646207960001,42.0134346290001],[12.364249957,42.0138264070001],[12.3638431690001,42.014160173],[12.3630378450001,42.01462774],[12.3624745760001,42.0150365330001],[12.3619049860001,42.0155619330001],[12.3614236550001,42.0160750630001],[12.3609116590001,42.016711386],[12.3599706320001,42.0172139330001],[12.358982063,42.017629599],[12.358452621,42.0177603710001],[12.3580180820001,42.017759895],[12.3575068860001,42.017667106],[12.356840956,42.0175445410001],[12.355946772,42.0176097120001],[12.3549748900001,42.017930418],[12.3539817710001,42.018300663],[12.353139691,42.0184702650001],[12.3520631380001,42.0185407290001],[12.351543678,42.0187384160001],[12.351069754,42.0190705850001],[12.350719563,42.019500919],[12.350519435,42.020010965],[12.350292182,42.0205585090001],[12.349784786,42.0210805180001],[12.348686812,42.0216651220001],[12.3471847920001,42.022198674],[12.3460960100001,42.0226381200001],[12.3451168610001,42.022746511],[12.3448226030001,42.0229064910001],[12.3445952700001,42.023377773],[12.343818561,42.0251468320001],[12.343394319,42.0262659420001],[12.343181338,42.026775677],[12.343047755,42.027220534],[12.342917815,42.027884687],[12.34291226,42.0280179910001],[12.342915508,42.0282468070001],[12.3429858590001,42.0287059190001],[12.343005523,42.0291543270001],[12.342990048,42.0295256730001],[12.3428875550001,42.029837818],[12.3428093740001,42.0300775370001],[12.342781636,42.03007878],[12.342522709,42.030463548],[12.3422262600001,42.0308283840001],[12.3418699870001,42.0314015110001],[12.34157836,42.031957075],[12.34118376,42.0325293120001],[12.340628281,42.032973917],[12.340107873,42.033190591],[12.339459801,42.033692015],[12.3391180200001,42.034070087],[12.338393184,42.0351254940001],[12.3381546370001,42.035327254],[12.337746345,42.0354607420001],[12.337351509,42.0355016130001],[12.3360985370001,42.035388648],[12.335320369,42.035309813],[12.334582773,42.0352926750001],[12.3341480390001,42.0353914950001],[12.334143662,42.035385477],[12.333914163,42.035483071],[12.3337819610001,42.03558722],[12.33325928,42.035957226],[12.3327496110001,42.036313266],[12.3321271350001,42.036752697],[12.331644888,42.036991664],[12.3312983920001,42.037137288],[12.330822271,42.0372870420001],[12.3303618620001,42.037347809],[12.330285227,42.037346025],[12.329917016,42.037323158],[12.3297180920001,42.037264916],[12.32855763,42.0368125780001],[12.3279616560001,42.036630648],[12.32780783,42.0366155500001],[12.3263358,42.03696248],[12.325326761,42.037243942],[12.323293511,42.037558683],[12.322113635,42.037645513],[12.3207573770001,42.037366037],[12.315193519,42.03651159],[12.3126430830001,42.0363565530001],[12.3119469590001,42.036492734],[12.310475743,42.0365154300001],[12.309314364,42.0361641420001],[12.3088862490001,42.0360226330001],[12.307700443,42.0356306670001],[12.306626189,42.035033594],[12.3049230280001,42.0341929960001],[12.3036062800001,42.03328521],[12.3013494570001,42.0319359380001],[12.3000182920001,42.0313708830001],[12.2997131130001,42.0313429350001],[12.299457977,42.0313195680001],[12.2967282020001,42.031179018],[12.2939704780001,42.031094927],[12.292482577,42.0312123080001],[12.290110057,42.031690005],[12.287716012,42.032071837],[12.2857050760001,42.0324626840001],[12.284115776,42.032558494],[12.2830652960001,42.0326098620001],[12.281722481,42.032921157],[12.279604604,42.033419919],[12.2773523120001,42.034071758],[12.2765020790001,42.0342231270001],[12.2750488900001,42.0347223370001],[12.272685376,42.035581119],[12.271779951,42.0358264490001],[12.270270988,42.0361336550001],[12.2672415910001,42.037014597],[12.265425754,42.0376194140001],[12.264886275,42.038273706],[12.264525597,42.0389322610001],[12.2639934530001,42.039415171],[12.263727422,42.039499617],[12.263889082,42.0396428620001],[12.263978321,42.039909471],[12.264181518,42.040425408],[12.264338643,42.040674336],[12.2644261630001,42.0408694230001],[12.264376504,42.041132718],[12.264240935,42.0413868160001],[12.2639539310001,42.0415944120001],[12.2637634110001,42.0420116060001],[12.263477935,42.042183497],[12.2633889590001,42.042245708],[12.263358453,42.042509459],[12.263228397,42.0426350220001],[12.26333814,42.0427591580001],[12.2635084290001,42.0428132580001],[12.2638218020001,42.042885067],[12.2638354420001,42.043014058],[12.26334258,42.0431023730001],[12.2634585320001,42.0433052870001],[12.263472478,42.043427137],[12.263289921,42.043658668],[12.2635678120001,42.0438868910001],[12.2636097010001,42.044027992],[12.263584409,42.044170352],[12.2625204660001,42.045274362],[12.26228509,42.045618999],[12.261969628,42.045818764],[12.261598522,42.0459743100001],[12.261503401,42.046179334],[12.26139041,42.0465769300001],[12.2612686950001,42.0467312810001],[12.260783604,42.0470842500001],[12.260633328,42.0472336290001],[12.260665267,42.0476060930001],[12.2608377780001,42.0478318050001],[12.260829797,42.048017465],[12.261022392,42.0482222110001],[12.260996477,42.0483788510001],[12.26091093,42.0485841020001],[12.26105661,42.048987874],[12.260875073,42.049418143],[12.260863407,42.049689492],[12.260956515,42.0499776400001],[12.260754831,42.0504303010001],[12.260935089,42.0506990860001],[12.2609064100001,42.050919992],[12.2609905530001,42.0511936280001],[12.2608750950001,42.051648349],[12.261150733,42.0517063980001],[12.261270068,42.051830765],[12.2612636220001,42.051980722],[12.2612243770001,42.052001229],[12.2609331960001,42.0518584610001],[12.260713508,42.052060509],[12.260745999,42.0521970990001],[12.261105168,42.0523200470001],[12.2611627200001,42.0525430110001],[12.2612530060001,42.052673833],[12.261067278,42.0527551750001],[12.260892298,42.05258659],[12.2607309540001,42.052546996],[12.260525756,42.05263502],[12.2604148350001,42.052761036],[12.2602440310001,42.053164397],[12.260551,42.053386172],[12.260683052,42.0536609540001],[12.2606782,42.0539967990001],[12.2608425600001,42.0541894340001],[12.261134672,42.054310779],[12.261436673,42.0544252130001],[12.2614762920001,42.054619157],[12.2613981690001,42.0548746220001],[12.2617718490001,42.0548835450001],[12.262084971,42.0549625020001],[12.2623308510001,42.055490182],[12.262547376,42.0560314570001],[12.2624757,42.056136968],[12.262114049,42.056071151],[12.2620244390001,42.0561476400001],[12.2619439260001,42.0566818240001],[12.2617833150001,42.0570711340001],[12.261773556,42.0575212310001],[12.2613366630001,42.058089794],[12.2609924500001,42.058510459],[12.2605641430001,42.058879077],[12.2602459020001,42.0593646930001],[12.262983723,42.059715989],[12.266491925,42.0602213980001],[12.2684682190001,42.0606616310001],[12.2701790780001,42.0612527700001],[12.27146444,42.061700806],[12.272756671,42.0619888740001],[12.2735384800001,42.062100388],[12.274562915,42.062146182],[12.2754967170001,42.0620682960001],[12.27625089,42.0619289520001],[12.2773164710001,42.061461036],[12.2778251170001,42.0611185650001],[12.2782641480001,42.060721544],[12.2788983030001,42.0604721130001],[12.2799282080001,42.060389322],[12.2807086610001,42.060307757],[12.2818246690001,42.0600054000001],[12.2834394230001,42.05947896],[12.2851239680001,42.0588898170001],[12.2861621330001,42.058499797],[12.286534779,42.0583084680001],[12.287617568,42.0578837510001],[12.28999628,42.056983567],[12.29299552,42.055812057],[12.295266924,42.0549506880001],[12.296687052,42.0544646640001],[12.2962965250001,42.0549007430001],[12.2961276240001,42.055866999],[12.295775887,42.0566211710001],[12.2958704160001,42.056804485],[12.2957919830001,42.0571457450001],[12.295613605,42.0577324500001],[12.295772179,42.0579134620001],[12.295442259,42.0581534830001],[12.2950330090001,42.058153363],[12.2944745610001,42.0586548540001],[12.2942421560001,42.0587065550001],[12.2937102710001,42.0603885830001],[12.2959901360001,42.0612143550001],[12.2977576590001,42.0614561620001],[12.2981789,42.061475617],[12.2983230830001,42.0613932370001],[12.299415477,42.06066603],[12.29993598,42.0601540910001],[12.301188919,42.060164521],[12.301590247,42.060050064],[12.3019309150001,42.0598579300001],[12.302266366,42.0594869720001],[12.3035474980001,42.059359842],[12.3067953230001,42.058771382],[12.307026208,42.058755359],[12.3078751250001,42.0588682150001],[12.307834002,42.059160322],[12.3079729720001,42.059276525],[12.308776252,42.059788596],[12.3091333830001,42.0601901220001],[12.3105426110001,42.061345432],[12.310736181,42.0619861530001],[12.3115252860001,42.0630625750001],[12.3118038000001,42.0630548070001],[12.312022342,42.0633315580001],[12.312311525,42.0637529260001],[12.31264043,42.0650515820001],[12.3122903020001,42.0651648950001],[12.312599683,42.0662443620001],[12.312744583,42.0664479050001],[12.3140465380001,42.0674219550001],[12.314511273,42.067775947],[12.314779161,42.0678812470001],[12.314919855,42.0681847610001],[12.315153379,42.06856193],[12.3151970320001,42.068891765],[12.31506275,42.0693461010001],[12.3151596920001,42.0697772570001],[12.315563933,42.0702013100001],[12.3168738320001,42.070989663],[12.317756715,42.071439201],[12.318867155,42.0724087180001],[12.320225028,42.0734268940001],[12.3210444490001,42.074017887],[12.322037616,42.0745843390001],[12.321545927,42.075324837],[12.3215968280001,42.0754832850001],[12.320877846,42.076152709],[12.3205705180001,42.076159825],[12.31974251,42.076683732],[12.319770627,42.0769274240001],[12.3193032360001,42.0775455340001],[12.3203958340001,42.0784860260001],[12.318670336,42.0816366070001],[12.3182556,42.0823703120001],[12.3181649800001,42.083154483],[12.3178208090001,42.0844902760001],[12.317047077,42.085544392],[12.316570658,42.085919241],[12.3193031370001,42.0871154060001],[12.3197492890001,42.0872305300001],[12.3205461650001,42.0874492990001],[12.3212708610001,42.0875591540001],[12.3214311020001,42.087855969],[12.32148525,42.088393341],[12.321319342,42.0892948910001],[12.321226363,42.0899837010001],[12.321361096,42.0905825230001],[12.324366302,42.089103926],[12.3267491930001,42.0879681490001],[12.3275960660001,42.0876066550001],[12.32828312,42.088003896],[12.328821368,42.0888980340001],[12.329148935,42.088715047],[12.3294605130001,42.08891292],[12.3301905380001,42.0890490520001],[12.3303902700001,42.08962555],[12.3301186260001,42.0900004580001],[12.330081674,42.0901187330001],[12.3306519230001,42.090251143],[12.3309345530001,42.090376856],[12.3308896130001,42.090685561],[12.330780754,42.090992778],[12.3307707660001,42.0912308160001],[12.3312761130001,42.091385539],[12.3317514980001,42.0914919080001],[12.3320830800001,42.091976163],[12.3319692330001,42.0924024],[12.3335891740001,42.092678348],[12.335138231,42.093119415],[12.3361229980001,42.0932852560001],[12.337743978,42.093537342],[12.3381754800001,42.0939285920001],[12.3380936300001,42.094355578],[12.338268461,42.094764694],[12.3390555230001,42.0950688840001],[12.33997243,42.095328426],[12.3403700050001,42.0957665340001],[12.3406198370001,42.096677753],[12.3408326220001,42.0969447840001],[12.341487898,42.09734121],[12.3417065840001,42.0982326440001],[12.341432104,42.0994414560001],[12.3412484080001,42.100009045],[12.3404335120001,42.1011338430001],[12.341874993,42.101858248],[12.3425253520001,42.102373688],[12.3431397790001,42.1029836000001],[12.34353444,42.10349311],[12.3437702730001,42.1039751120001],[12.3448869900001,42.103667397],[12.3460995020001,42.1029806550001],[12.347005441,42.102739521],[12.3482240720001,42.102672399],[12.348961246,42.10264179]]],[[[12.3127498800001,42.137678415],[12.3170662050001,42.135477311],[12.31865537,42.1372853980001],[12.320421606,42.136308414],[12.321051289,42.135481944],[12.321226091,42.1341578440001],[12.321155742,42.133005107],[12.3209628230001,42.1319380510001],[12.3207030310001,42.1310465240001],[12.3206865130001,42.1300278630001],[12.321529555,42.1297819220001],[12.3226696790001,42.129542912],[12.3258281350001,42.129395253],[12.327597875,42.126912959],[12.32861308,42.125659383],[12.331794835,42.125067492],[12.331898105,42.125065095],[12.3318975610001,42.125048381],[12.333047396,42.1243973210001],[12.3349148570001,42.1231185820001],[12.3368330120001,42.1224317420001],[12.3351870700001,42.116626635],[12.3350088980001,42.1154691200001],[12.3360515410001,42.1140305320001],[12.3375258040001,42.112208121],[12.3370764040001,42.1121132910001],[12.336621119,42.1121589800001],[12.334048657,42.1131400520001],[12.3318641870001,42.112976718],[12.326809838,42.114574996],[12.3264123700001,42.1141437630001],[12.3241451930001,42.115047335],[12.3237076290001,42.11467142],[12.322254437,42.1146374940001],[12.3164523740001,42.1142486750001],[12.314664614,42.112744009],[12.312550319,42.1109222210001],[12.311197818,42.1098496660001],[12.3102545720001,42.108927351],[12.3093892140001,42.107950595],[12.3085628110001,42.106946614],[12.3082409950001,42.1065170950001],[12.3078110600001,42.105072318],[12.3073199450001,42.10328853],[12.305200293,42.1042795860001],[12.3021167700001,42.1083986040001],[12.2998334960001,42.111378567],[12.298635915,42.110945304],[12.297559135,42.110681663],[12.2964773050001,42.1105370280001],[12.2953914290001,42.1104875940001],[12.2946531440001,42.110541658],[12.2934881360001,42.110847742],[12.2937434190001,42.1116162260001],[12.292068929,42.111862617],[12.2915759860001,42.1125419530001],[12.2911040880001,42.113102649],[12.290525116,42.11392291],[12.290081108,42.1145795690001],[12.2896036,42.114520629],[12.2890682460001,42.1143173590001],[12.288640985,42.1138307200001],[12.2884035120001,42.1133962210001],[12.288354806,42.1130376670001],[12.288321329,42.1123220700001],[12.287252165,42.1126303560001],[12.287060416,42.111124729],[12.286882355,42.110048308],[12.2852799510001,42.1101056900001],[12.2849369030001,42.110645586],[12.2843411600001,42.1111080140001],[12.2838453800001,42.1114775020001],[12.2832073230001,42.111866846],[12.281940741,42.112301453],[12.281964268,42.112873854],[12.2818827290001,42.1136582070001],[12.2817440740001,42.1146556460001],[12.2815324110001,42.1151152520001],[12.281453916,42.1158281940001],[12.281182073,42.116572293],[12.281205593,42.117144695],[12.2809367950001,42.1178173850001],[12.2808194990001,42.118314967],[12.2806093410001,42.1187388650001],[12.2806930350001,42.1190267710001],[12.2809175420001,42.119389497],[12.2811930660001,42.1196819520001],[12.281748701,42.120159748],[12.282063027,42.120667562],[12.282323293,42.1213170550001],[12.282633049,42.1219319800001],[12.282936706,42.12268972],[12.2831969870001,42.12333921],[12.2835501430001,42.124062381],[12.2839512670001,42.124786688],[12.284015142,42.125538744],[12.2844215160001,42.1272638980001],[12.2845348870001,42.127981386],[12.2848294360001,42.128953346],[12.285120942,42.129996713],[12.285001262,42.131673667],[12.284565641,42.1328785150001],[12.2842802490001,42.133351132],[12.284203921,42.13347753],[12.2839876250001,42.13404425],[12.2838672620001,42.1346132410001],[12.2838877500001,42.135257048],[12.2840179180001,42.1355817940001],[12.2847900080001,42.1354928590001],[12.2853089330001,42.13556055],[12.2860334710001,42.135818596],[12.2874788250001,42.136422183],[12.2882458490001,42.1363746280001],[12.288864975,42.136345471],[12.289567612,42.1364277810001],[12.29021053,42.1365305750001],[12.2912868870001,42.136818802],[12.2927929700001,42.1373799580001],[12.294282658,42.136254453],[12.295104227,42.1356168560001],[12.295959827,42.134870558],[12.2964245250001,42.135012913],[12.297084732,42.1354007690001],[12.2982059330001,42.136018478],[12.2994629620001,42.136902169],[12.300077238,42.1356026710001],[12.300366882,42.135018207],[12.300919768,42.135162619],[12.300879794,42.136103354],[12.301024548,42.1368513410001],[12.301352176,42.1374503370001],[12.302353091,42.1381308730001],[12.307140292,42.140911534],[12.312081232,42.138016925],[12.3127498800001,42.137678415]]]]},"properties":{"OBJECTID":15,"municipio":"Municipio_XV","zone_urb":"Tor di Quinto,Acquatraversa,Tomba di Nerone,Farnesina,Grottarossa Ovest,Grottarossa Est,La Giustiniana,La Storta,Santa Cornelia,Prima Porta,Labaro, Cesano,Martignano,Foro Italico","rione":" -","quartiere":"Della Vittoria (parte),Tor di Quinto","sub_urbio":"Tor di Quinto,Della Vittoria (parte)","zone_agro":"La Storta (parte), II Cesano,Tomba di Nerone (parte),La Giustiniana,Isola Farnese,Grottarossa,Labaro,Prima Porta,Polline Martignano","borgate":" -","ex_mun":"20","etichetta":"XV (Ex XX)","municipio_join":"Municipio XV","etichetta_2":"XV","Shape__Area":339947944.15673828,"Shape__Length":186017.86638059383}}]}